{"url": "wget \"http://ieeexplore.ieee.org/stampPDF/getPDF.jsp?tp=&isnumber=&arnumber=698624\" -O 1998_00698624.pdf", "region": [{"boundary": {"y": 636, "x": 126, "w": 175, "h": 139}, "FileName": "1998_00698624-Figure13-1subFig-1.png", "PageNo": 5, "Label": "Medical images"}, {"boundary": {"y": 636, "x": 318, "w": 270, "h": 139}, "FileName": "1998_00698624-Figure13-1subFig-2.png", "PageNo": 5, "Label": "Medical images"}, {"boundary": {"y": 148, "x": 670, "w": 236, "h": 170}, "FileName": "1998_00698624-Figure14-1subFig-1.png", "PageNo": 5, "Label": "Medical images"}, {"boundary": {"y": 322, "x": 669, "w": 251, "h": 169}, "FileName": "1998_00698624-Figure14-1subFig-2.png", "PageNo": 5, "Label": "Medical images"}, {"boundary": {"y": 495, "x": 670, "w": 224, "h": 166}, "FileName": "1998_00698624-Figure14-1subFig-3.png", "PageNo": 5, "Label": "Medical images"}, {"boundary": {"y": 148, "x": 932, "w": 169, "h": 168}, "FileName": "1998_00698624-Figure14-1subFig-4.png", "PageNo": 5, "Label": "Medical images"}, {"boundary": {"y": 318, "x": 932, "w": 169, "h": 170}, "FileName": "1998_00698624-Figure14-1subFig-5.png", "PageNo": 5, "Label": "Medical images"}, {"boundary": {"y": 492, "x": 933, "w": 169, "h": 170}, "FileName": "1998_00698624-Figure14-1subFig-6.png", "PageNo": 5, "Label": "Medical images"}, {"boundary": {"y": 145, "x": 125, "w": 247, "h": 155}, "FileName": "1998_00698624-Figure15-1subFig-1.png", "PageNo": 6, "Label": "Medical images"}, {"boundary": {"y": 146, "x": 393, "w": 194, "h": 164}, "FileName": "1998_00698624-Figure15-1subFig-2.png", "PageNo": 6, "Label": "Medical images"}, {"boundary": {"y": 987, "x": 674, "w": 120, "h": 120}, "FileName": "1998_00698624-Figure3-1subFig-2.png", "PageNo": 0, "Label": "Medical images"}, {"boundary": {"y": 986, "x": 828, "w": 120, "h": 120}, "FileName": "1998_00698624-Figure3-1subFig-4.png", "PageNo": 0, "Label": "Medical images"}, {"boundary": {"y": 466, "x": 683, "w": 182, "h": 200}, "FileName": "1998_00698624-Figure5-1subFig-1.png", "PageNo": 1, "Label": "Medical images"}, {"boundary": {"y": 651, "x": 150, "w": 410, "h": 371}, "FileName": "1998_00698624-Figure9-1subFig-1.png", "PageNo": 3, "Label": "Medical images"}, {"boundary": {"y": 1029, "x": 146, "w": 237, "h": 157}, "FileName": "1998_00698624-Figure9-1subFig-2.png", "PageNo": 3, "Label": "Medical images"}, {"boundary": {"y": 1030, "x": 402, "w": 157, "h": 157}, "FileName": "1998_00698624-Figure9-1subFig-3.png", "PageNo": 3, "Label": "Medical images"}]}