{"url": "wget \"http://ieeexplore.ieee.org/stampPDF/getPDF.jsp?tp=&isnumber=&arnumber=698635\" -O 1998_00698635.pdf", "region": [{"boundary": {"y": 453, "x": 799, "w": 149, "h": 154}, "FileName": "1998_00698635-Figure5-1subFig-2.png", "PageNo": 3, "Label": "Polar plot"}, {"boundary": {"y": 453, "x": 951, "w": 149, "h": 154}, "FileName": "1998_00698635-Figure5-1subFig-3.png", "PageNo": 3, "Label": "Polar plot"}, {"boundary": {"y": 644, "x": 951, "w": 149, "h": 154}, "FileName": "1998_00698635-Figure5-1subFig-6.png", "PageNo": 3, "Label": "Polar plot"}, {"boundary": {"y": 449, "x": 137, "w": 113, "h": 107}, "FileName": "1998_00698635-Figure6-1subFig-1.png", "PageNo": 4, "Label": "Polar plot"}, {"boundary": {"y": 449, "x": 365, "w": 108, "h": 107}, "FileName": "1998_00698635-Figure6-1subFig-3.png", "PageNo": 4, "Label": "Polar plot"}, {"boundary": {"y": 449, "x": 476, "w": 105, "h": 107}, "FileName": "1998_00698635-Figure6-1subFig-4.png", "PageNo": 4, "Label": "Polar plot"}, {"boundary": {"y": 560, "x": 137, "w": 113, "h": 131}, "FileName": "1998_00698635-Figure6-1subFig-5.png", "PageNo": 4, "Label": "Polar plot"}, {"boundary": {"y": 560, "x": 253, "w": 109, "h": 131}, "FileName": "1998_00698635-Figure6-1subFig-6.png", "PageNo": 4, "Label": "Polar plot"}, {"boundary": {"y": 522, "x": 187, "w": 171, "h": 171}, "FileName": "1998_00698635-Figure8-1subFig-2.png", "PageNo": 5, "Label": "Polar plot"}, {"boundary": {"y": 522, "x": 368, "w": 171, "h": 171}, "FileName": "1998_00698635-Figure8-1subFig-3.png", "PageNo": 5, "Label": "Flow chart"}]}