{"url": "wget \"http://ieeexplore.ieee.org/stampPDF/getPDF.jsp?tp=&isnumber=&arnumber=698610\" -O 1998_00698610.pdf", "region": [{"boundary": {"y": 186, "x": 123, "w": 218, "h": 185}, "FileName": "1998_00698610-Figure10-1subFig-1.png", "PageNo": 7, "Label": "Histogram"}, {"boundary": {"y": 398, "x": 117, "w": 224, "h": 186}, "FileName": "1998_00698610-Figure10-1subFig-2.png", "PageNo": 7, "Label": "Histogram"}, {"boundary": {"y": 186, "x": 391, "w": 219, "h": 183}, "FileName": "1998_00698610-Figure10-1subFig-3.png", "PageNo": 7, "Label": "Histogram"}, {"boundary": {"y": 398, "x": 391, "w": 219, "h": 184}, "FileName": "1998_00698610-Figure10-1subFig-4.png", "PageNo": 7, "Label": "Histogram"}, {"boundary": {"y": 884, "x": 117, "w": 224, "h": 186}, "FileName": "1998_00698610-Figure3-1subFig-1.png", "PageNo": 4, "Label": "Histogram"}, {"boundary": {"y": 1097, "x": 117, "w": 224, "h": 185}, "FileName": "1998_00698610-Figure3-1subFig-2.png", "PageNo": 4, "Label": "Histogram"}, {"boundary": {"y": 884, "x": 386, "w": 224, "h": 184}, "FileName": "1998_00698610-Figure3-1subFig-3.png", "PageNo": 4, "Label": "Histogram"}, {"boundary": {"y": 1097, "x": 386, "w": 224, "h": 184}, "FileName": "1998_00698610-Figure3-1subFig-4.png", "PageNo": 4, "Label": "Histogram"}, {"boundary": {"y": 186, "x": 117, "w": 223, "h": 185}, "FileName": "1998_00698610-Figure4-1subFig-1.png", "PageNo": 5, "Label": "Graph plots"}, {"boundary": {"y": 398, "x": 122, "w": 216, "h": 186}, "FileName": "1998_00698610-Figure4-1subFig-2.png", "PageNo": 5, "Label": "Histogram"}, {"boundary": {"y": 186, "x": 391, "w": 215, "h": 183}, "FileName": "1998_00698610-Figure4-1subFig-3.png", "PageNo": 5, "Label": "Histogram"}, {"boundary": {"y": 398, "x": 391, "w": 215, "h": 184}, "FileName": "1998_00698610-Figure4-1subFig-4.png", "PageNo": 5, "Label": "Histogram"}, {"boundary": {"y": 292, "x": 643, "w": 201, "h": 172}, "FileName": "1998_00698610-Figure5-1subFig-1.png", "PageNo": 5, "Label": "Histogram"}, {"boundary": {"y": 490, "x": 643, "w": 201, "h": 174}, "FileName": "1998_00698610-Figure5-1subFig-2.png", "PageNo": 5, "Label": "Histogram"}, {"boundary": {"y": 292, "x": 889, "w": 206, "h": 172}, "FileName": "1998_00698610-Figure5-1subFig-3.png", "PageNo": 5, "Label": "Histogram"}, {"boundary": {"y": 490, "x": 894, "w": 201, "h": 172}, "FileName": "1998_00698610-Figure5-1subFig-4.png", "PageNo": 5, "Label": "Histogram"}, {"boundary": {"y": 908, "x": 643, "w": 452, "h": 174}, "FileName": "1998_00698610-Figure6-1subFig-1.png", "PageNo": 5, "Label": "Histogram"}, {"boundary": {"y": 1107, "x": 643, "w": 452, "h": 172}, "FileName": "1998_00698610-Figure6-1subFig-2.png", "PageNo": 5, "Label": "Histogram"}, {"boundary": {"y": 303, "x": 129, "w": 452, "h": 110}, "FileName": "1998_00698610-Figure7-1subFig-1.png", "PageNo": 6, "Label": "Histogram"}, {"boundary": {"y": 417, "x": 129, "w": 452, "h": 120}, "FileName": "1998_00698610-Figure7-1subFig-2.png", "PageNo": 6, "Label": "Histogram"}, {"boundary": {"y": 542, "x": 129, "w": 452, "h": 134}, "FileName": "1998_00698610-Figure7-1subFig-3.png", "PageNo": 6, "Label": "Histogram"}, {"boundary": {"y": 916, "x": 117, "w": 217, "h": 186}, "FileName": "1998_00698610-Figure8-1subFig-1.png", "PageNo": 6, "Label": "Histogram"}, {"boundary": {"y": 1128, "x": 117, "w": 217, "h": 186}, "FileName": "1998_00698610-Figure8-1subFig-2.png", "PageNo": 6, "Label": "Histogram"}, {"boundary": {"y": 916, "x": 385, "w": 217, "h": 184}, "FileName": "1998_00698610-Figure8-1subFig-3.png", "PageNo": 6, "Label": "Histogram"}, {"boundary": {"y": 1128, "x": 385, "w": 217, "h": 184}, "FileName": "1998_00698610-Figure8-1subFig-4.png", "PageNo": 6, "Label": "Histogram"}, {"boundary": {"y": 186, "x": 630, "w": 485, "h": 185}, "FileName": "1998_00698610-Figure9-1subFig-1.png", "PageNo": 6, "Label": "Histogram"}, {"boundary": {"y": 398, "x": 630, "w": 485, "h": 186}, "FileName": "1998_00698610-Figure9-1subFig-2.png", "PageNo": 6, "Label": "Histogram"}]}