{"url": "wget \"http://ieeexplore.ieee.org/stampPDF/getPDF.jsp?tp=&isnumber=&arnumber=855842\" -O 2000_00855842.pdf", "region": [{"boundary": {"y": 293, "x": 679, "w": 175, "h": 188}, "FileName": "2000_00855842-Figure3-1subFig-1.png", "PageNo": 3, "Label": "Scatter plot"}, {"boundary": {"y": 506, "x": 679, "w": 157, "h": 184}, "FileName": "2000_00855842-Figure3-1subFig-3.png", "PageNo": 3, "Label": "Scatter plot"}, {"boundary": {"y": 505, "x": 842, "w": 217, "h": 189}, "FileName": "2000_00855842-Figure3-1subFig-4.png", "PageNo": 3, "Label": "Scatter plot"}, {"boundary": {"y": 720, "x": 679, "w": 176, "h": 184}, "FileName": "2000_00855842-Figure3-1subFig-5.png", "PageNo": 3, "Label": "Scatter plot"}, {"boundary": {"y": 718, "x": 861, "w": 197, "h": 189}, "FileName": "2000_00855842-Figure3-1subFig-6.png", "PageNo": 3, "Label": "Scatter plot"}]}