{"url": "wget \"http://ieeexplore.ieee.org/stampPDF/getPDF.jsp?tp=&isnumber=&arnumber=854907\" -O 2000_00854907.pdf", "region": [{"boundary": {"y": 1179, "x": 806, "w": 147, "h": 130}, "FileName": "2000_00854907-Figure13-1subFig-2.png", "PageNo": 4, "Label": "Flow chart"}, {"boundary": {"y": 965, "x": 652, "w": 197, "h": 221}, "FileName": "2000_00854907-Figure6-1subFig-1.png", "PageNo": 2, "Label": "Vector plot"}, {"boundary": {"y": 966, "x": 874, "w": 195, "h": 220}, "FileName": "2000_00854907-Figure6-1subFig-2.png", "PageNo": 2, "Label": "Vector plot"}, {"boundary": {"y": 310, "x": 676, "w": 172, "h": 128}, "FileName": "2000_00854907-Figure9-1subFig-1.png", "PageNo": 3, "Label": "Sketches"}, {"boundary": {"y": 310, "x": 873, "w": 172, "h": 128}, "FileName": "2000_00854907-Figure9-1subFig-3.png", "PageNo": 3, "Label": "Sketches"}]}