{"url": "wget \"http://ieeexplore.ieee.org/stampPDF/getPDF.jsp?tp=&isnumber=&arnumber=854744\" -O 2000_00854744.pdf", "region": [{"boundary": {"y": 144, "x": 932, "w": 102, "h": 110}, "FileName": "2000_00854744-Figure2-1subFig-5.png", "PageNo": 1, "Label": "Sketches"}, {"boundary": {"y": 951, "x": 143, "w": 402, "h": 322}, "FileName": "2000_00854744-Figure7-1subFig-1.png", "PageNo": 5, "Label": "Graph plots"}, {"boundary": {"y": 144, "x": 204, "w": 813, "h": 206}, "FileName": "2000_00854744-Table2-1subFig-1.png", "PageNo": 5, "Label": "Tables"}, {"boundary": {"y": 406, "x": 364, "w": 479, "h": 129}, "FileName": "2000_00854744-Table3-1subFig-1.png", "PageNo": 5, "Label": "Tables"}]}