{"url": "wget \"http://ieeexplore.ieee.org/stampPDF/getPDF.jsp?tp=&isnumber=&arnumber=854739\" -O 2000_00854739.pdf", "region": [{"boundary": {"y": 472, "x": 694, "w": 109, "h": 168}, "FileName": "2000_00854739-Figure2-1subFig-1.png", "PageNo": 4, "Label": "Sketches"}, {"boundary": {"y": 470, "x": 805, "w": 105, "h": 107}, "FileName": "2000_00854739-Figure2-1subFig-2.png", "PageNo": 4, "Label": "Sketches"}, {"boundary": {"y": 145, "x": 138, "w": 438, "h": 276}, "FileName": "2000_00854739-Figure3-1subFig-1.png", "PageNo": 5, "Label": "Sketches"}, {"boundary": {"y": 555, "x": 122, "w": 498, "h": 398}, "FileName": "2000_00854739-Figure4-1subFig-3.png", "PageNo": 7, "Label": "Natural images"}, {"boundary": {"y": 555, "x": 630, "w": 498, "h": 398}, "FileName": "2000_00854739-Figure4-1subFig-5.png", "PageNo": 7, "Label": "Natural images"}, {"boundary": {"y": 1015, "x": 381, "w": 239, "h": 159}, "FileName": "2000_00854739-Figure5-1subFig-2.png", "PageNo": 7, "Label": "Natural images"}]}