{"url": "wget \"http://ieeexplore.ieee.org/stampPDF/getPDF.jsp?tp=&isnumber=&arnumber=855881\" -O 2000_00855881.pdf", "region": [{"boundary": {"y": 70, "x": 165, "w": 286, "h": 238}, "FileName": "2000_00855881-Figure2-1subFig-1.png", "PageNo": 5, "Label": "Graph plots"}, {"boundary": {"y": 70, "x": 471, "w": 286, "h": 238}, "FileName": "2000_00855881-Figure2-1subFig-2.png", "PageNo": 5, "Label": "Graph plots"}, {"boundary": {"y": 70, "x": 777, "w": 285, "h": 238}, "FileName": "2000_00855881-Figure2-1subFig-3.png", "PageNo": 5, "Label": "Graph plots"}, {"boundary": {"y": 358, "x": 777, "w": 284, "h": 237}, "FileName": "2000_00855881-Figure2-1subFig-6.png", "PageNo": 5, "Label": "Graph plots"}]}