{"url": "wget \"http://ieeexplore.ieee.org/stampPDF/getPDF.jsp?tp=&isnumber=&arnumber=854804\" -O 2000_00854804.pdf", "region": [{"boundary": {"y": 144, "x": 105, "w": 218, "h": 204}, "FileName": "2000_00854804-Figure2-1subFig-1.png", "PageNo": 2, "Label": "Flow chart"}, {"boundary": {"y": 149, "x": 373, "w": 199, "h": 168}, "FileName": "2000_00854804-Figure2-1subFig-2.png", "PageNo": 2, "Label": "Sketches"}, {"boundary": {"y": 778, "x": 617, "w": 236, "h": 226}, "FileName": "2000_00854804-Figure4-1subFig-1.png", "PageNo": 4, "Label": "Natural images"}, {"boundary": {"y": 853, "x": 638, "w": 449, "h": 185}, "FileName": "2000_00854804-Table1-1subFig-1.png", "PageNo": 3, "Label": "Tables"}]}