{"url": "wget \"http://ieeexplore.ieee.org/stampPDF/getPDF.jsp?tp=&isnumber=&arnumber=854805\" -O 2000_00854805.pdf", "region": [{"boundary": {"y": 437, "x": 841, "w": 121, "h": 176}, "FileName": "2000_00854805-Figure3-1subFig-3.png", "PageNo": 4, "Label": "Medical images"}, {"boundary": {"y": 621, "x": 841, "w": 121, "h": 176}, "FileName": "2000_00854805-Figure3-1subFig-4.png", "PageNo": 4, "Label": "Medical images"}, {"boundary": {"y": 437, "x": 971, "w": 121, "h": 176}, "FileName": "2000_00854805-Figure3-1subFig-5.png", "PageNo": 4, "Label": "Medical images"}, {"boundary": {"y": 806, "x": 656, "w": 176, "h": 176}, "FileName": "2000_00854805-Figure3-1subFig-7.png", "PageNo": 4, "Label": "Medical images"}, {"boundary": {"y": 806, "x": 841, "w": 121, "h": 176}, "FileName": "2000_00854805-Figure3-1subFig-8.png", "PageNo": 4, "Label": "Medical images"}, {"boundary": {"y": 806, "x": 971, "w": 121, "h": 176}, "FileName": "2000_00854805-Figure3-1subFig-9.png", "PageNo": 4, "Label": "Medical images"}, {"boundary": {"y": 79, "x": 120, "w": 1006, "h": 280}, "FileName": "2000_00854805-Table1-1subFig-1.png", "PageNo": 5, "Label": "Tables"}]}