{"url": "wget \"http://ieeexplore.ieee.org/stampPDF/getPDF.jsp?tp=&isnumber=&arnumber=1211342\" -O 2003_01211342.pdf", "region": [{"boundary": {"y": 146, "x": 246, "w": 128, "h": 292}, "FileName": "2003_01211342-Figure2-1subFig-2.png", "PageNo": 4, "Label": "3D objects"}, {"boundary": {"y": 152, "x": 104, "w": 288, "h": 138}, "FileName": "2003_01211342-Figure3-1subFig-1.png", "PageNo": 5, "Label": "3D objects"}, {"boundary": {"y": 302, "x": 108, "w": 284, "h": 136}, "FileName": "2003_01211342-Figure3-1subFig-2.png", "PageNo": 5, "Label": "3D objects"}, {"boundary": {"y": 151, "x": 406, "w": 176, "h": 134}, "FileName": "2003_01211342-Figure3-1subFig-3.png", "PageNo": 5, "Label": "3D objects"}, {"boundary": {"y": 294, "x": 405, "w": 180, "h": 142}, "FileName": "2003_01211342-Figure3-1subFig-4.png", "PageNo": 5, "Label": "3D objects"}, {"boundary": {"y": 451, "x": 109, "w": 283, "h": 139}, "FileName": "2003_01211342-Figure3-1subFig-5.png", "PageNo": 5, "Label": "3D objects"}, {"boundary": {"y": 455, "x": 405, "w": 180, "h": 133}, "FileName": "2003_01211342-Figure3-1subFig-6.png", "PageNo": 5, "Label": "3D objects"}, {"boundary": {"y": 154, "x": 624, "w": 165, "h": 169}, "FileName": "2003_01211342-Figure4-1subFig-1.png", "PageNo": 5, "Label": "3D objects"}, {"boundary": {"y": 341, "x": 621, "w": 171, "h": 162}, "FileName": "2003_01211342-Figure4-1subFig-2.png", "PageNo": 5, "Label": "3D objects"}, {"boundary": {"y": 517, "x": 626, "w": 167, "h": 172}, "FileName": "2003_01211342-Figure4-1subFig-3.png", "PageNo": 5, "Label": "3D objects"}, {"boundary": {"y": 153, "x": 817, "w": 181, "h": 165}, "FileName": "2003_01211342-Figure4-1subFig-4.png", "PageNo": 5, "Label": "3D objects"}, {"boundary": {"y": 332, "x": 817, "w": 177, "h": 169}, "FileName": "2003_01211342-Figure4-1subFig-5.png", "PageNo": 5, "Label": "3D objects"}, {"boundary": {"y": 153, "x": 1011, "w": 91, "h": 346}, "FileName": "2003_01211342-Figure4-1subFig-6.png", "PageNo": 5, "Label": "3D objects"}, {"boundary": {"y": 522, "x": 817, "w": 176, "h": 164}, "FileName": "2003_01211342-Figure4-1subFig-7.png", "PageNo": 5, "Label": "3D objects"}]}