{"url": "wget \"http://ieeexplore.ieee.org/stampPDF/getPDF.jsp?tp=&isnumber=&arnumber=1211537\" -O 2003_01211537.pdf", "region": [{"boundary": {"y": 157, "x": 334, "w": 188, "h": 200}, "FileName": "2003_01211537-Figure1-1subFig-2.png", "PageNo": 1, "Label": "Vector plot"}, {"boundary": {"y": 151, "x": 543, "w": 173, "h": 207}, "FileName": "2003_01211537-Figure1-1subFig-3.png", "PageNo": 1, "Label": "Sketches"}, {"boundary": {"y": 141, "x": 945, "w": 189, "h": 100}, "FileName": "2003_01211537-Figure1-1subFig-5.png", "PageNo": 1, "Label": "Vector plot"}, {"boundary": {"y": 243, "x": 945, "w": 190, "h": 114}, "FileName": "2003_01211537-Figure1-1subFig-6.png", "PageNo": 1, "Label": "Vector plot"}, {"boundary": {"y": 173, "x": 626, "w": 155, "h": 230}, "FileName": "2003_01211537-Figure3-1subFig-3.png", "PageNo": 3, "Label": "Vector plot"}, {"boundary": {"y": 190, "x": 790, "w": 153, "h": 212}, "FileName": "2003_01211537-Figure3-1subFig-4.png", "PageNo": 3, "Label": "Vector plot"}, {"boundary": {"y": 147, "x": 822, "w": 232, "h": 199}, "FileName": "2003_01211537-Figure5-1subFig-4.png", "PageNo": 5, "Label": "Graph plots"}, {"boundary": {"y": 383, "x": 969, "w": 117, "h": 202}, "FileName": "2003_01211537-Figure5-1subFig-10.png", "PageNo": 5, "Label": "Heat map"}, {"boundary": {"y": 480, "x": 333, "w": 180, "h": 206}, "FileName": "2003_01211537-Figure7-1subFig-2.png", "PageNo": 6, "Label": "Vector plot"}, {"boundary": {"y": 481, "x": 540, "w": 179, "h": 105}, "FileName": "2003_01211537-Figure7-1subFig-3.png", "PageNo": 6, "Label": "Vector plot"}, {"boundary": {"y": 588, "x": 540, "w": 180, "h": 99}, "FileName": "2003_01211537-Figure7-1subFig-4.png", "PageNo": 6, "Label": "Vector plot"}, {"boundary": {"y": 481, "x": 754, "w": 172, "h": 105}, "FileName": "2003_01211537-Figure7-1subFig-5.png", "PageNo": 6, "Label": "Vector plot"}, {"boundary": {"y": 588, "x": 748, "w": 179, "h": 98}, "FileName": "2003_01211537-Figure7-1subFig-6.png", "PageNo": 6, "Label": "Vector plot"}, {"boundary": {"y": 770, "x": 240, "w": 236, "h": 261}, "FileName": "2003_01211537-Figure8-1subFig-3.png", "PageNo": 7, "Label": "Natural images"}, {"boundary": {"y": 770, "x": 507, "w": 235, "h": 261}, "FileName": "2003_01211537-Figure8-1subFig-7.png", "PageNo": 7, "Label": "Natural images"}, {"boundary": {"y": 770, "x": 773, "w": 236, "h": 261}, "FileName": "2003_01211537-Figure8-1subFig-11.png", "PageNo": 7, "Label": "Natural images"}]}