{"url": "wget \"http://ieeexplore.ieee.org/stampPDF/getPDF.jsp?tp=&isnumber=&arnumber=1211436\" -O 2003_01211436.pdf", "region": [{"boundary": {"y": 814, "x": 705, "w": 344, "h": 221}, "FileName": "2003_01211436-Figure4-1subFig-1.png", "PageNo": 4, "Label": "Graph plots"}, {"boundary": {"y": 1042, "x": 695, "w": 363, "h": 224}, "FileName": "2003_01211436-Figure4-1subFig-2.png", "PageNo": 4, "Label": "Graph plots"}, {"boundary": {"y": 147, "x": 726, "w": 298, "h": 195}, "FileName": "2003_01211436-Figure6-1subFig-1.png", "PageNo": 5, "Label": "Graph plots"}, {"boundary": {"y": 348, "x": 728, "w": 294, "h": 195}, "FileName": "2003_01211436-Figure6-1subFig-2.png", "PageNo": 5, "Label": "Graph plots"}, {"boundary": {"y": 626, "x": 179, "w": 333, "h": 216}, "FileName": "2003_01211436-Figure7-1subFig-1.png", "PageNo": 6, "Label": "Graph plots"}, {"boundary": {"y": 417, "x": 690, "w": 173, "h": 102}, "FileName": "2003_01211436-Figure8-1subFig-1.png", "PageNo": 6, "Label": "3D objects"}, {"boundary": {"y": 525, "x": 690, "w": 172, "h": 102}, "FileName": "2003_01211436-Figure8-1subFig-2.png", "PageNo": 6, "Label": "3D objects"}, {"boundary": {"y": 417, "x": 891, "w": 175, "h": 103}, "FileName": "2003_01211436-Figure8-1subFig-3.png", "PageNo": 6, "Label": "3D objects"}, {"boundary": {"y": 855, "x": 649, "w": 461, "h": 187}, "FileName": "2003_01211436-Table1-1subFig-1.png", "PageNo": 5, "Label": "Tables"}, {"boundary": {"y": 144, "x": 653, "w": 451, "h": 189}, "FileName": "2003_01211436-Table2-1subFig-1.png", "PageNo": 6, "Label": "Confusion matrix"}]}