{"url": "wget \"http://ieeexplore.ieee.org/stampPDF/getPDF.jsp?tp=&isnumber=&arnumber=1211451\" -O 2003_01211451.pdf", "region": [{"boundary": {"y": 157, "x": 193, "w": 353, "h": 279}, "FileName": "2003_01211451-Figure15-1subFig-1.png", "PageNo": 7, "Label": "Graph plots"}, {"boundary": {"y": 285, "x": 389, "w": 205, "h": 117}, "FileName": "2003_01211451-Figure3-1subFig-2.png", "PageNo": 3, "Label": "Flow chart"}, {"boundary": {"y": 139, "x": 684, "w": 166, "h": 146}, "FileName": "2003_01211451-Figure4-1subFig-1.png", "PageNo": 3, "Label": "Sketches"}, {"boundary": {"y": 140, "x": 878, "w": 164, "h": 145}, "FileName": "2003_01211451-Figure4-1subFig-2.png", "PageNo": 3, "Label": "Sketches"}]}