{"url": "wget \"http://ieeexplore.ieee.org/stampPDF/getPDF.jsp?tp=&isnumber=&arnumber=1211457\" -O 2003_01211457.pdf", "region": [{"boundary": {"y": 213, "x": 137, "w": 120, "h": 101}, "FileName": "2003_01211457-Figure5-1subFig-1.png", "PageNo": 4, "Label": "Sketches"}, {"boundary": {"y": 101, "x": 422, "w": 120, "h": 111}, "FileName": "2003_01211457-Figure5-1subFig-3.png", "PageNo": 4, "Label": "Sketches"}, {"boundary": {"y": 170, "x": 195, "w": 142, "h": 189}, "FileName": "2003_01211457-Figure7-1subFig-1.png", "PageNo": 6, "Label": "Natural images"}, {"boundary": {"y": 149, "x": 920, "w": 142, "h": 210}, "FileName": "2003_01211457-Figure7-1subFig-8.png", "PageNo": 6, "Label": "Natural images"}]}