{"url": "wget \"http://ieeexplore.ieee.org/stampPDF/getPDF.jsp?tp=&isnumber=&arnumber=1211422\" -O 2003_01211422.pdf", "region": [{"boundary": {"y": 150, "x": 149, "w": 201, "h": 151}, "FileName": "2003_01211422-Figure10-1subFig-1.png", "PageNo": 7, "Label": "Natural images"}, {"boundary": {"y": 309, "x": 149, "w": 201, "h": 151}, "FileName": "2003_01211422-Figure10-1subFig-2.png", "PageNo": 7, "Label": "Natural images"}, {"boundary": {"y": 309, "x": 376, "w": 200, "h": 151}, "FileName": "2003_01211422-Figure10-1subFig-5.png", "PageNo": 7, "Label": "Natural images"}, {"boundary": {"y": 148, "x": 900, "w": 196, "h": 183}, "FileName": "2003_01211422-Figure8-1subFig-7.png", "PageNo": 5, "Label": "Mask"}]}