{"url": "wget \"http://ieeexplore.ieee.org/stampPDF/getPDF.jsp?tp=&isnumber=&arnumber=1211500\" -O 2003_01211500.pdf", "region": [{"boundary": {"y": 144, "x": 120, "w": 450, "h": 242}, "FileName": "2003_01211500-Figure3-1subFig-1.png", "PageNo": 3, "Label": "Sketches"}, {"boundary": {"y": 144, "x": 617, "w": 497, "h": 124}, "FileName": "2003_01211500-Table1-1subFig-1.png", "PageNo": 6, "Label": "Tables"}, {"boundary": {"y": 290, "x": 617, "w": 487, "h": 165}, "FileName": "2003_01211500-Table1-1subFig-2.png", "PageNo": 6, "Label": "Tables"}]}