{"url": "wget \"http://ieeexplore.ieee.org/stampPDF/getPDF.jsp?tp=&isnumber=&arnumber=1315173\" -O 2004_01315173.pdf", "region": [{"boundary": {"y": 134, "x": 182, "w": 219, "h": 136}, "FileName": "2004_01315173-Figure1-1subFig-1.png", "PageNo": 2, "Label": "Scatter plot"}, {"boundary": {"y": 535, "x": 671, "w": 416, "h": 181}, "FileName": "2004_01315173-Figure6-1subFig-1.png", "PageNo": 5, "Label": "Graph plots"}, {"boundary": {"y": 145, "x": 192, "w": 408, "h": 180}, "FileName": "2004_01315173-Figure7-1subFig-1.png", "PageNo": 6, "Label": "Graph plots"}, {"boundary": {"y": 472, "x": 184, "w": 416, "h": 187}, "FileName": "2004_01315173-Figure8-1subFig-1.png", "PageNo": 6, "Label": "Graph plots"}, {"boundary": {"y": 135, "x": 649, "w": 455, "h": 135}, "FileName": "2004_01315173-Table1-1subFig-1.png", "PageNo": 6, "Label": "Tables"}, {"boundary": {"y": 292, "x": 649, "w": 450, "h": 135}, "FileName": "2004_01315173-Table1-1subFig-2.png", "PageNo": 6, "Label": "Tables"}]}