{"url": "wget \"http://ieeexplore.ieee.org/stampPDF/getPDF.jsp?tp=&isnumber=&arnumber=1315221\" -O 2004_01315221.pdf", "region": [{"boundary": {"y": 158, "x": 225, "w": 269, "h": 227}, "FileName": "2004_01315221-Figure2-1subFig-1.png", "PageNo": 3, "Label": "Histogram"}, {"boundary": {"y": 397, "x": 226, "w": 271, "h": 231}, "FileName": "2004_01315221-Figure2-1subFig-2.png", "PageNo": 3, "Label": "Histogram"}, {"boundary": {"y": 160, "x": 789, "w": 270, "h": 238}, "FileName": "2004_01315221-Figure2-1subFig-5.png", "PageNo": 3, "Label": "Histogram"}, {"boundary": {"y": 152, "x": 220, "w": 557, "h": 254}, "FileName": "2004_01315221-Figure3-1subFig-1.png", "PageNo": 4, "Label": "Histogram"}, {"boundary": {"y": 152, "x": 779, "w": 282, "h": 254}, "FileName": "2004_01315221-Figure3-1subFig-2.png", "PageNo": 4, "Label": "Histogram"}]}