{"url": "wget \"http://ieeexplore.ieee.org/stampPDF/getPDF.jsp?tp=&isnumber=&arnumber=1315244\" -O 2004_01315244.pdf", "region": [{"boundary": {"y": 166, "x": 155, "w": 189, "h": 145}, "FileName": "2004_01315244-Figure11-1subFig-1.png", "PageNo": 6, "Label": "Graph plots"}, {"boundary": {"y": 316, "x": 155, "w": 189, "h": 118}, "FileName": "2004_01315244-Figure11-1subFig-2.png", "PageNo": 6, "Label": "Graph plots"}, {"boundary": {"y": 439, "x": 155, "w": 189, "h": 118}, "FileName": "2004_01315244-Figure11-1subFig-3.png", "PageNo": 6, "Label": "Graph plots"}, {"boundary": {"y": 562, "x": 155, "w": 189, "h": 122}, "FileName": "2004_01315244-Figure11-1subFig-4.png", "PageNo": 6, "Label": "Graph plots"}, {"boundary": {"y": 143, "x": 353, "w": 196, "h": 169}, "FileName": "2004_01315244-Figure11-1subFig-5.png", "PageNo": 6, "Label": "Graph plots"}, {"boundary": {"y": 317, "x": 353, "w": 189, "h": 118}, "FileName": "2004_01315244-Figure11-1subFig-6.png", "PageNo": 6, "Label": "Graph plots"}, {"boundary": {"y": 440, "x": 353, "w": 189, "h": 118}, "FileName": "2004_01315244-Figure11-1subFig-7.png", "PageNo": 6, "Label": "Graph plots"}, {"boundary": {"y": 562, "x": 353, "w": 189, "h": 123}, "FileName": "2004_01315244-Figure11-1subFig-8.png", "PageNo": 6, "Label": "Graph plots"}, {"boundary": {"y": 143, "x": 940, "w": 194, "h": 172}, "FileName": "2004_01315244-Figure11-1subFig-10.png", "PageNo": 6, "Label": "Graph plots"}, {"boundary": {"y": 318, "x": 551, "w": 189, "h": 118}, "FileName": "2004_01315244-Figure11-1subFig-11.png", "PageNo": 6, "Label": "Graph plots"}, {"boundary": {"y": 440, "x": 551, "w": 189, "h": 119}, "FileName": "2004_01315244-Figure11-1subFig-12.png", "PageNo": 6, "Label": "Graph plots"}, {"boundary": {"y": 563, "x": 551, "w": 189, "h": 122}, "FileName": "2004_01315244-Figure11-1subFig-13.png", "PageNo": 6, "Label": "Graph plots"}, {"boundary": {"y": 319, "x": 748, "w": 189, "h": 118}, "FileName": "2004_01315244-Figure11-1subFig-14.png", "PageNo": 6, "Label": "Graph plots"}, {"boundary": {"y": 441, "x": 748, "w": 189, "h": 118}, "FileName": "2004_01315244-Figure11-1subFig-15.png", "PageNo": 6, "Label": "Graph plots"}, {"boundary": {"y": 564, "x": 748, "w": 189, "h": 122}, "FileName": "2004_01315244-Figure11-1subFig-16.png", "PageNo": 6, "Label": "Graph plots"}, {"boundary": {"y": 319, "x": 945, "w": 189, "h": 119}, "FileName": "2004_01315244-Figure11-1subFig-17.png", "PageNo": 6, "Label": "Graph plots"}, {"boundary": {"y": 442, "x": 945, "w": 189, "h": 118}, "FileName": "2004_01315244-Figure11-1subFig-18.png", "PageNo": 6, "Label": "Graph plots"}, {"boundary": {"y": 565, "x": 945, "w": 189, "h": 122}, "FileName": "2004_01315244-Figure11-1subFig-19.png", "PageNo": 6, "Label": "Graph plots"}, {"boundary": {"y": 140, "x": 636, "w": 235, "h": 204}, "FileName": "2004_01315244-Figure7-1subFig-1.png", "PageNo": 3, "Label": "Graph plots"}, {"boundary": {"y": 140, "x": 889, "w": 235, "h": 204}, "FileName": "2004_01315244-Figure7-1subFig-2.png", "PageNo": 3, "Label": "Graph plots"}, {"boundary": {"y": 124, "x": 155, "w": 190, "h": 183}, "FileName": "2004_01315244-Figure8-1subFig-1.png", "PageNo": 4, "Label": "Graph plots"}, {"boundary": {"y": 429, "x": 156, "w": 190, "h": 124}, "FileName": "2004_01315244-Figure8-1subFig-3.png", "PageNo": 4, "Label": "Graph plots"}, {"boundary": {"y": 556, "x": 156, "w": 194, "h": 122}, "FileName": "2004_01315244-Figure8-1subFig-4.png", "PageNo": 4, "Label": "Graph plots"}, {"boundary": {"y": 123, "x": 354, "w": 191, "h": 175}, "FileName": "2004_01315244-Figure8-1subFig-5.png", "PageNo": 4, "Label": "Graph plots"}, {"boundary": {"y": 300, "x": 355, "w": 191, "h": 124}, "FileName": "2004_01315244-Figure8-1subFig-6.png", "PageNo": 4, "Label": "Graph plots"}, {"boundary": {"y": 427, "x": 355, "w": 191, "h": 121}, "FileName": "2004_01315244-Figure8-1subFig-7.png", "PageNo": 4, "Label": "Graph plots"}, {"boundary": {"y": 550, "x": 353, "w": 197, "h": 128}, "FileName": "2004_01315244-Figure8-1subFig-8.png", "PageNo": 4, "Label": "Graph plots"}, {"boundary": {"y": 101, "x": 557, "w": 191, "h": 194}, "FileName": "2004_01315244-Figure8-1subFig-9.png", "PageNo": 4, "Label": "Graph plots"}, {"boundary": {"y": 297, "x": 557, "w": 192, "h": 121}, "FileName": "2004_01315244-Figure8-1subFig-10.png", "PageNo": 4, "Label": "Graph plots"}, {"boundary": {"y": 421, "x": 558, "w": 192, "h": 121}, "FileName": "2004_01315244-Figure8-1subFig-11.png", "PageNo": 4, "Label": "Graph plots"}, {"boundary": {"y": 545, "x": 559, "w": 192, "h": 133}, "FileName": "2004_01315244-Figure8-1subFig-12.png", "PageNo": 4, "Label": "Graph plots"}, {"boundary": {"y": 124, "x": 761, "w": 192, "h": 164}, "FileName": "2004_01315244-Figure8-1subFig-13.png", "PageNo": 4, "Label": "Graph plots"}, {"boundary": {"y": 290, "x": 762, "w": 192, "h": 122}, "FileName": "2004_01315244-Figure8-1subFig-14.png", "PageNo": 4, "Label": "Graph plots"}, {"boundary": {"y": 415, "x": 763, "w": 192, "h": 122}, "FileName": "2004_01315244-Figure8-1subFig-15.png", "PageNo": 4, "Label": "Graph plots"}, {"boundary": {"y": 540, "x": 756, "w": 203, "h": 138}, "FileName": "2004_01315244-Figure8-1subFig-16.png", "PageNo": 4, "Label": "Graph plots"}, {"boundary": {"y": 284, "x": 968, "w": 193, "h": 123}, "FileName": "2004_01315244-Figure8-1subFig-18.png", "PageNo": 4, "Label": "Graph plots"}, {"boundary": {"y": 534, "x": 969, "w": 195, "h": 144}, "FileName": "2004_01315244-Figure8-1subFig-20.png", "PageNo": 4, "Label": "Graph plots"}]}