{"url": "wget \"http://ieeexplore.ieee.org/stampPDF/getPDF.jsp?tp=&isnumber=&arnumber=1315200\" -O 2004_01315200.pdf", "region": [{"boundary": {"y": 391, "x": 650, "w": 227, "h": 227}, "FileName": "2004_01315200-Figure1-1subFig-1.png", "PageNo": 0, "Label": "Natural images"}, {"boundary": {"y": 139, "x": 170, "w": 132, "h": 132}, "FileName": "2004_01315200-Figure4-1subFig-1.png", "PageNo": 5, "Label": "Natural images"}, {"boundary": {"y": 137, "x": 654, "w": 132, "h": 199}, "FileName": "2004_01315200-Figure5-1subFig-1.png", "PageNo": 5, "Label": "Natural images"}]}