{"url": "wget \"http://ieeexplore.ieee.org/stampPDF/getPDF.jsp?tp=&isnumber=&arnumber=1315115\" -O 2004_01315115.pdf", "region": [{"boundary": {"y": 587, "x": 330, "w": 581, "h": 143}, "FileName": "2004_01315115-Figure2-1subFig-4.png", "PageNo": 6, "Label": "Graph plots"}, {"boundary": {"y": 266, "x": 647, "w": 147, "h": 133}, "FileName": "2004_01315115-Figure3-1subFig-1.png", "PageNo": 5, "Label": "Natural images"}, {"boundary": {"y": 266, "x": 996, "w": 148, "h": 134}, "FileName": "2004_01315115-Figure3-1subFig-5.png", "PageNo": 5, "Label": "Natural images"}]}