{"url": "wget \"http://ieeexplore.ieee.org/stampPDF/getPDF.jsp?tp=&isnumber=&arnumber=1315119\" -O 2004_01315119.pdf", "region": [{"boundary": {"y": 360, "x": 126, "w": 114, "h": 251}, "FileName": "2004_01315119-Figure2-1subFig-1.png", "PageNo": 4, "Label": "Medical images"}, {"boundary": {"y": 360, "x": 244, "w": 117, "h": 251}, "FileName": "2004_01315119-Figure2-1subFig-2.png", "PageNo": 4, "Label": "Medical images"}, {"boundary": {"y": 381, "x": 368, "w": 233, "h": 229}, "FileName": "2004_01315119-Figure2-1subFig-3.png", "PageNo": 4, "Label": "Vector plot"}, {"boundary": {"y": 561, "x": 660, "w": 204, "h": 200}, "FileName": "2004_01315119-Figure3-1subFig-1.png", "PageNo": 4, "Label": "Vector plot"}, {"boundary": {"y": 561, "x": 892, "w": 204, "h": 200}, "FileName": "2004_01315119-Figure3-1subFig-2.png", "PageNo": 4, "Label": "Vector plot"}, {"boundary": {"y": 144, "x": 154, "w": 413, "h": 442}, "FileName": "2004_01315119-Figure4-1subFig-1.png", "PageNo": 5, "Label": "Medical images"}]}