{"url": "wget \"http://ieeexplore.ieee.org/stampPDF/getPDF.jsp?tp=&isnumber=&arnumber=1315190\" -O 2004_01315190.pdf", "region": [{"boundary": {"y": 138, "x": 419, "w": 148, "h": 134}, "FileName": "2004_01315190-Figure4-1subFig-3.png", "PageNo": 4, "Label": "Scatter plot"}, {"boundary": {"y": 280, "x": 371, "w": 184, "h": 124}, "FileName": "2004_01315190-Figure4-1subFig-4.png", "PageNo": 4, "Label": "Sketches"}, {"boundary": {"y": 140, "x": 152, "w": 482, "h": 117}, "FileName": "2004_01315190-Figure6-1subFig-1.png", "PageNo": 6, "Label": "Histogram"}]}