{"url": "wget \"http://ieeexplore.ieee.org/stampPDF/getPDF.jsp?tp=&isnumber=&arnumber=1315240\" -O 2004_01315240.pdf", "region": [{"boundary": {"y": 194, "x": 719, "w": 318, "h": 238}, "FileName": "2004_01315240-Figure4-1subFig-1.png", "PageNo": 3, "Label": "Graph plots"}, {"boundary": {"y": 652, "x": 666, "w": 138, "h": 113}, "FileName": "2004_01315240-Figure6-1subFig-1.png", "PageNo": 4, "Label": "Natural images"}, {"boundary": {"y": 651, "x": 810, "w": 138, "h": 114}, "FileName": "2004_01315240-Figure6-1subFig-2.png", "PageNo": 4, "Label": "Natural images"}, {"boundary": {"y": 192, "x": 715, "w": 328, "h": 259}, "FileName": "2004_01315240-Figure7-1subFig-1.png", "PageNo": 5, "Label": "Graph plots"}, {"boundary": {"y": 461, "x": 715, "w": 328, "h": 259}, "FileName": "2004_01315240-Figure7-1subFig-2.png", "PageNo": 5, "Label": "Graph plots"}, {"boundary": {"y": 192, "x": 228, "w": 328, "h": 259}, "FileName": "2004_01315240-Figure8-1subFig-1.png", "PageNo": 6, "Label": "Graph plots"}, {"boundary": {"y": 461, "x": 228, "w": 328, "h": 259}, "FileName": "2004_01315240-Figure8-1subFig-2.png", "PageNo": 6, "Label": "Graph plots"}]}