{"url": "wget \"http://ieeexplore.ieee.org/stampPDF/getPDF.jsp?tp=&isnumber=&arnumber=1315254\" -O 2004_01315254.pdf", "region": [{"boundary": {"y": 946, "x": 650, "w": 102, "h": 125}, "FileName": "2004_01315254-Figure1-1subFig-1.png", "PageNo": 0, "Label": "Sketches"}, {"boundary": {"y": 767, "x": 187, "w": 347, "h": 290}, "FileName": "2004_01315254-Figure5-1subFig-1.png", "PageNo": 5, "Label": "Graph plots"}, {"boundary": {"y": 581, "x": 899, "w": 223, "h": 282}, "FileName": "2004_01315254-Figure6-1subFig-2.png", "PageNo": 5, "Label": "Graph plots"}, {"boundary": {"y": 199, "x": 166, "w": 408, "h": 272}, "FileName": "2004_01315254-Figure7-1subFig-1.png", "PageNo": 6, "Label": "Bar plots"}]}