{"url": "wget \"http://ieeexplore.ieee.org/stampPDF/getPDF.jsp?tp=&isnumber=&arnumber=1315080\" -O 2004_01315080.pdf", "region": [{"boundary": {"y": 136, "x": 712, "w": 331, "h": 165}, "FileName": "2004_01315080-Figure2-1subFig-1.png", "PageNo": 2, "Label": "Sketches"}, {"boundary": {"y": 135, "x": 416, "w": 227, "h": 151}, "FileName": "2004_01315080-Figure3-1subFig-2.png", "PageNo": 4, "Label": "Natural images"}, {"boundary": {"y": 135, "x": 210, "w": 288, "h": 288}, "FileName": "2004_01315080-Figure7-1subFig-1.png", "PageNo": 7, "Label": "3D objects"}, {"boundary": {"y": 135, "x": 798, "w": 287, "h": 288}, "FileName": "2004_01315080-Figure7-1subFig-3.png", "PageNo": 7, "Label": "3D objects"}]}