{"url": "wget \"http://ieeexplore.ieee.org/stampPDF/getPDF.jsp?tp=&isnumber=&arnumber=1315104\" -O 2004_01315104.pdf", "region": [{"boundary": {"y": 99, "x": 133, "w": 492, "h": 303}, "FileName": "2004_01315104-Figure2-1subFig-1.png", "PageNo": 5, "Label": "Bar plots"}, {"boundary": {"y": 114, "x": 282, "w": 347, "h": 318}, "FileName": "2004_01315104-Figure3-1subFig-1.png", "PageNo": 6, "Label": "Confusion matrix"}, {"boundary": {"y": 114, "x": 660, "w": 348, "h": 318}, "FileName": "2004_01315104-Figure3-1subFig-2.png", "PageNo": 6, "Label": "Confusion matrix"}, {"boundary": {"y": 113, "x": 223, "w": 406, "h": 378}, "FileName": "2004_01315104-Figure4-1subFig-1.png", "PageNo": 7, "Label": "Confusion matrix"}, {"boundary": {"y": 113, "x": 661, "w": 406, "h": 378}, "FileName": "2004_01315104-Figure4-1subFig-2.png", "PageNo": 7, "Label": "Confusion matrix"}, {"boundary": {"y": 101, "x": 649, "w": 534, "h": 176}, "FileName": "2004_01315104-Table1-1subFig-1.png", "PageNo": 5, "Label": "Tables"}]}