{"url": "wget \"http://ieeexplore.ieee.org/stampPDF/getPDF.jsp?tp=&isnumber=&arnumber=1315066\" -O 2004_01315066.pdf", "region": [{"boundary": {"y": 114, "x": 121, "w": 163, "h": 108}, "FileName": "2004_01315066-Figure4-1subFig-1.png", "PageNo": 2, "Label": "Medical images"}, {"boundary": {"y": 117, "x": 671, "w": 390, "h": 220}, "FileName": "2004_01315066-Figure6-1subFig-1.png", "PageNo": 3, "Label": "Polar plot"}, {"boundary": {"y": 353, "x": 704, "w": 168, "h": 216}, "FileName": "2004_01315066-Figure6-1subFig-2.png", "PageNo": 3, "Label": "Polar plot"}]}