{"url": "wget \"http://ieeexplore.ieee.org/stampPDF/getPDF.jsp?tp=&isnumber=&arnumber=1467574\" -O 2005_01467574.pdf", "region": [{"boundary": {"y": 124, "x": 695, "w": 143, "h": 138}, "FileName": "2005_01467574-Figure3-1subFig-1.png", "PageNo": 4, "Label": "Graph plots"}, {"boundary": {"y": 275, "x": 670, "w": 193, "h": 177}, "FileName": "2005_01467574-Figure3-1subFig-2.png", "PageNo": 4, "Label": "Graph plots"}, {"boundary": {"y": 275, "x": 892, "w": 193, "h": 177}, "FileName": "2005_01467574-Figure3-1subFig-4.png", "PageNo": 4, "Label": "Graph plots"}]}