{"url": "wget \"http://ieeexplore.ieee.org/stampPDF/getPDF.jsp?tp=&isnumber=&arnumber=1467345\" -O 2005_01467345.pdf", "region": [{"boundary": {"y": 418, "x": 451, "w": 225, "h": 275}, "FileName": "2005_01467345-Figure3-1subFig-3.png", "PageNo": 6, "Label": "Medical images"}, {"boundary": {"y": 418, "x": 683, "w": 225, "h": 274}, "FileName": "2005_01467345-Figure3-1subFig-4.png", "PageNo": 6, "Label": "Medical images"}, {"boundary": {"y": 418, "x": 915, "w": 225, "h": 275}, "FileName": "2005_01467345-Figure3-1subFig-5.png", "PageNo": 6, "Label": "Medical images"}]}