{"url": "wget \"http://ieeexplore.ieee.org/stampPDF/getPDF.jsp?tp=&isnumber=&arnumber=1467353\" -O 2005_01467353.pdf", "region": [{"boundary": {"y": 145, "x": 99, "w": 494, "h": 195}, "FileName": "2005_01467353-Figure1-1subFig-1.png", "PageNo": 1, "Label": "Block diagram"}, {"boundary": {"y": 145, "x": 117, "w": 468, "h": 190}, "FileName": "2005_01467353-Figure2-1subFig-1.png", "PageNo": 2, "Label": "Block diagram"}, {"boundary": {"y": 464, "x": 237, "w": 359, "h": 304}, "FileName": "2005_01467353-Figure4-1subFig-2.png", "PageNo": 6, "Label": "Graph plots"}, {"boundary": {"y": 786, "x": 237, "w": 359, "h": 304}, "FileName": "2005_01467353-Figure4-1subFig-3.png", "PageNo": 6, "Label": "Graph plots"}, {"boundary": {"y": 1108, "x": 237, "w": 359, "h": 299}, "FileName": "2005_01467353-Figure4-1subFig-4.png", "PageNo": 6, "Label": "Graph plots"}, {"boundary": {"y": 156, "x": 625, "w": 359, "h": 288}, "FileName": "2005_01467353-Figure4-1subFig-5.png", "PageNo": 6, "Label": "Graph plots"}, {"boundary": {"y": 466, "x": 625, "w": 360, "h": 300}, "FileName": "2005_01467353-Figure4-1subFig-6.png", "PageNo": 6, "Label": "Graph plots"}, {"boundary": {"y": 796, "x": 625, "w": 360, "h": 294}, "FileName": "2005_01467353-Figure4-1subFig-7.png", "PageNo": 6, "Label": "Graph plots"}, {"boundary": {"y": 1111, "x": 625, "w": 360, "h": 296}, "FileName": "2005_01467353-Figure4-1subFig-8.png", "PageNo": 6, "Label": "Graph plots"}, {"boundary": {"y": 148, "x": 843, "w": 265, "h": 177}, "FileName": "2005_01467353-Figure5-1subFig-2.png", "PageNo": 5, "Label": "Heat map"}, {"boundary": {"y": 490, "x": 850, "w": 213, "h": 147}, "FileName": "2005_01467353-Figure6-1subFig-2.png", "PageNo": 5, "Label": "Heat map"}, {"boundary": {"y": 430, "x": 100, "w": 160, "h": 135}, "FileName": "2005_01467353-Figure7-1subFig-7.png", "PageNo": 7, "Label": "Heat map"}, {"boundary": {"y": 430, "x": 262, "w": 328, "h": 135}, "FileName": "2005_01467353-Figure7-1subFig-8.png", "PageNo": 7, "Label": "Heat map"}, {"boundary": {"y": 144, "x": 108, "w": 474, "h": 232}, "FileName": "2005_01467353-Table1-1subFig-1.png", "PageNo": 3, "Label": "Tables"}]}