{"url": "wget \"http://ieeexplore.ieee.org/stampPDF/getPDF.jsp?tp=&isnumber=&arnumber=1467366\" -O 2005_01467366.pdf", "region": [{"boundary": {"y": 145, "x": 635, "w": 218, "h": 220}, "FileName": "2005_01467366-Figure4-1subFig-1.png", "PageNo": 4, "Label": "Graph plots"}, {"boundary": {"y": 875, "x": 145, "w": 381, "h": 187}, "FileName": "2005_01467366-Figure6-1subFig-1.png", "PageNo": 5, "Label": "Bar plots"}, {"boundary": {"y": 1078, "x": 145, "w": 387, "h": 196}, "FileName": "2005_01467366-Figure6-1subFig-2.png", "PageNo": 5, "Label": "Histogram"}, {"boundary": {"y": 385, "x": 136, "w": 399, "h": 203}, "FileName": "2005_01467366-Figure8-1subFig-2.png", "PageNo": 6, "Label": "Graph plots"}]}