{"url": "wget \"http://ieeexplore.ieee.org/stampPDF/getPDF.jsp?tp=&isnumber=&arnumber=1467358\" -O 2005_01467358.pdf", "region": [{"boundary": {"y": 144, "x": 705, "w": 299, "h": 238}, "FileName": "2005_01467358-Figure1-1subFig-1.png", "PageNo": 1, "Label": "Flow chart"}, {"boundary": {"y": 942, "x": 122, "w": 174, "h": 130}, "FileName": "2005_01467358-Figure10-1subFig-1.png", "PageNo": 7, "Label": "Natural images"}, {"boundary": {"y": 1082, "x": 122, "w": 174, "h": 131}, "FileName": "2005_01467358-Figure10-1subFig-2.png", "PageNo": 7, "Label": "Natural images"}, {"boundary": {"y": 1223, "x": 122, "w": 174, "h": 130}, "FileName": "2005_01467358-Figure10-1subFig-3.png", "PageNo": 7, "Label": "Natural images"}, {"boundary": {"y": 942, "x": 324, "w": 174, "h": 130}, "FileName": "2005_01467358-Figure10-1subFig-4.png", "PageNo": 7, "Label": "Natural images"}, {"boundary": {"y": 1082, "x": 324, "w": 174, "h": 131}, "FileName": "2005_01467358-Figure10-1subFig-5.png", "PageNo": 7, "Label": "Natural images"}, {"boundary": {"y": 1223, "x": 324, "w": 174, "h": 130}, "FileName": "2005_01467358-Figure10-1subFig-6.png", "PageNo": 7, "Label": "Natural images"}, {"boundary": {"y": 942, "x": 526, "w": 174, "h": 130}, "FileName": "2005_01467358-Figure10-1subFig-7.png", "PageNo": 7, "Label": "Natural images"}, {"boundary": {"y": 1082, "x": 526, "w": 174, "h": 131}, "FileName": "2005_01467358-Figure10-1subFig-8.png", "PageNo": 7, "Label": "Natural images"}, {"boundary": {"y": 1223, "x": 526, "w": 174, "h": 130}, "FileName": "2005_01467358-Figure10-1subFig-9.png", "PageNo": 7, "Label": "Natural images"}, {"boundary": {"y": 942, "x": 728, "w": 174, "h": 130}, "FileName": "2005_01467358-Figure10-1subFig-10.png", "PageNo": 7, "Label": "Natural images"}, {"boundary": {"y": 1082, "x": 728, "w": 174, "h": 131}, "FileName": "2005_01467358-Figure10-1subFig-11.png", "PageNo": 7, "Label": "Natural images"}, {"boundary": {"y": 1223, "x": 728, "w": 174, "h": 130}, "FileName": "2005_01467358-Figure10-1subFig-12.png", "PageNo": 7, "Label": "Natural images"}, {"boundary": {"y": 942, "x": 930, "w": 174, "h": 130}, "FileName": "2005_01467358-Figure10-1subFig-13.png", "PageNo": 7, "Label": "Natural images"}, {"boundary": {"y": 1082, "x": 930, "w": 174, "h": 131}, "FileName": "2005_01467358-Figure10-1subFig-14.png", "PageNo": 7, "Label": "Natural images"}, {"boundary": {"y": 1223, "x": 930, "w": 174, "h": 130}, "FileName": "2005_01467358-Figure10-1subFig-15.png", "PageNo": 7, "Label": "Natural images"}, {"boundary": {"y": 144, "x": 705, "w": 299, "h": 285}, "FileName": "2005_01467358-Figure2-1subFig-1.png", "PageNo": 2, "Label": "Flow chart"}, {"boundary": {"y": 1011, "x": 271, "w": 324, "h": 284}, "FileName": "2005_01467358-Figure4-1subFig-1.png", "PageNo": 4, "Label": "Scatter plot"}, {"boundary": {"y": 189, "x": 323, "w": 176, "h": 117}, "FileName": "2005_01467358-Figure6-1subFig-3.png", "PageNo": 6, "Label": "Natural images"}, {"boundary": {"y": 315, "x": 323, "w": 176, "h": 116}, "FileName": "2005_01467358-Figure6-1subFig-4.png", "PageNo": 6, "Label": "Natural images"}, {"boundary": {"y": 315, "x": 526, "w": 176, "h": 116}, "FileName": "2005_01467358-Figure6-1subFig-6.png", "PageNo": 6, "Label": "Natural images"}, {"boundary": {"y": 189, "x": 728, "w": 175, "h": 117}, "FileName": "2005_01467358-Figure6-1subFig-7.png", "PageNo": 6, "Label": "Natural images"}, {"boundary": {"y": 315, "x": 728, "w": 175, "h": 116}, "FileName": "2005_01467358-Figure6-1subFig-8.png", "PageNo": 6, "Label": "Natural images"}, {"boundary": {"y": 189, "x": 930, "w": 175, "h": 117}, "FileName": "2005_01467358-Figure6-1subFig-9.png", "PageNo": 6, "Label": "Natural images"}, {"boundary": {"y": 811, "x": 728, "w": 174, "h": 137}, "FileName": "2005_01467358-Figure7-1subFig-8.png", "PageNo": 6, "Label": "Natural images"}, {"boundary": {"y": 811, "x": 930, "w": 174, "h": 137}, "FileName": "2005_01467358-Figure7-1subFig-10.png", "PageNo": 6, "Label": "Natural images"}, {"boundary": {"y": 1112, "x": 112, "w": 146, "h": 109}, "FileName": "2005_01467358-Figure8-1subFig-1.png", "PageNo": 6, "Label": "Natural images"}, {"boundary": {"y": 1230, "x": 112, "w": 146, "h": 109}, "FileName": "2005_01467358-Figure8-1subFig-2.png", "PageNo": 6, "Label": "Natural images"}, {"boundary": {"y": 1112, "x": 285, "w": 146, "h": 109}, "FileName": "2005_01467358-Figure8-1subFig-3.png", "PageNo": 6, "Label": "Natural images"}, {"boundary": {"y": 1230, "x": 285, "w": 146, "h": 109}, "FileName": "2005_01467358-Figure8-1subFig-4.png", "PageNo": 6, "Label": "Natural images"}, {"boundary": {"y": 1112, "x": 457, "w": 147, "h": 109}, "FileName": "2005_01467358-Figure8-1subFig-5.png", "PageNo": 6, "Label": "Natural images"}, {"boundary": {"y": 1230, "x": 457, "w": 147, "h": 109}, "FileName": "2005_01467358-Figure8-1subFig-6.png", "PageNo": 6, "Label": "Natural images"}, {"boundary": {"y": 1112, "x": 630, "w": 146, "h": 109}, "FileName": "2005_01467358-Figure8-1subFig-7.png", "PageNo": 6, "Label": "Natural images"}, {"boundary": {"y": 1230, "x": 630, "w": 146, "h": 109}, "FileName": "2005_01467358-Figure8-1subFig-8.png", "PageNo": 6, "Label": "Natural images"}, {"boundary": {"y": 1112, "x": 802, "w": 146, "h": 109}, "FileName": "2005_01467358-Figure8-1subFig-9.png", "PageNo": 6, "Label": "Natural images"}, {"boundary": {"y": 1230, "x": 802, "w": 146, "h": 109}, "FileName": "2005_01467358-Figure8-1subFig-10.png", "PageNo": 6, "Label": "Natural images"}, {"boundary": {"y": 1112, "x": 975, "w": 146, "h": 109}, "FileName": "2005_01467358-Figure8-1subFig-11.png", "PageNo": 6, "Label": "Natural images"}, {"boundary": {"y": 1230, "x": 975, "w": 146, "h": 109}, "FileName": "2005_01467358-Figure8-1subFig-12.png", "PageNo": 6, "Label": "Natural images"}, {"boundary": {"y": 160, "x": 180, "w": 270, "h": 202}, "FileName": "2005_01467358-Figure9-1subFig-1.png", "PageNo": 7, "Label": "Natural images"}, {"boundary": {"y": 371, "x": 180, "w": 270, "h": 202}, "FileName": "2005_01467358-Figure9-1subFig-2.png", "PageNo": 7, "Label": "Natural images"}, {"boundary": {"y": 582, "x": 180, "w": 270, "h": 202}, "FileName": "2005_01467358-Figure9-1subFig-3.png", "PageNo": 7, "Label": "Natural images"}, {"boundary": {"y": 160, "x": 476, "w": 270, "h": 202}, "FileName": "2005_01467358-Figure9-1subFig-4.png", "PageNo": 7, "Label": "Natural images"}, {"boundary": {"y": 371, "x": 476, "w": 271, "h": 202}, "FileName": "2005_01467358-Figure9-1subFig-5.png", "PageNo": 7, "Label": "Natural images"}, {"boundary": {"y": 582, "x": 476, "w": 271, "h": 202}, "FileName": "2005_01467358-Figure9-1subFig-6.png", "PageNo": 7, "Label": "Natural images"}, {"boundary": {"y": 160, "x": 773, "w": 270, "h": 202}, "FileName": "2005_01467358-Figure9-1subFig-7.png", "PageNo": 7, "Label": "Natural images"}, {"boundary": {"y": 371, "x": 773, "w": 270, "h": 202}, "FileName": "2005_01467358-Figure9-1subFig-8.png", "PageNo": 7, "Label": "Natural images"}, {"boundary": {"y": 582, "x": 773, "w": 270, "h": 202}, "FileName": "2005_01467358-Figure9-1subFig-9.png", "PageNo": 7, "Label": "Natural images"}]}