{"url": "wget \"http://ieeexplore.ieee.org/stampPDF/getPDF.jsp?tp=&isnumber=&arnumber=1467549\" -O 2005_01467549.pdf", "region": [{"boundary": {"y": 147, "x": 999, "w": 134, "h": 161}, "FileName": "2005_01467549-Figure2-1subFig-10.png", "PageNo": 4, "Label": "Vector plot"}, {"boundary": {"y": 317, "x": 999, "w": 134, "h": 134}, "FileName": "2005_01467549-Figure2-1subFig-14.png", "PageNo": 4, "Label": "Vector plot"}, {"boundary": {"y": 959, "x": 904, "w": 215, "h": 266}, "FileName": "2005_01467549-Figure3-1subFig-4.png", "PageNo": 4, "Label": "Vector plot"}]}