{"url": "wget \"http://ieeexplore.ieee.org/stampPDF/getPDF.jsp?tp=&isnumber=&arnumber=1467466\" -O 2005_01467466.pdf", "region": [{"boundary": {"y": 145, "x": 150, "w": 958, "h": 82}, "FileName": "2005_01467466-Figure4-1subFig-1.png", "PageNo": 5, "Label": "Block diagram"}, {"boundary": {"y": 383, "x": 133, "w": 243, "h": 324}, "FileName": "2005_01467466-Figure6-1subFig-4.png", "PageNo": 6, "Label": "Natural images"}, {"boundary": {"y": 383, "x": 394, "w": 212, "h": 324}, "FileName": "2005_01467466-Figure6-1subFig-5.png", "PageNo": 6, "Label": "Natural images"}, {"boundary": {"y": 383, "x": 632, "w": 242, "h": 324}, "FileName": "2005_01467466-Figure6-1subFig-6.png", "PageNo": 6, "Label": "Natural images"}, {"boundary": {"y": 379, "x": 893, "w": 241, "h": 157}, "FileName": "2005_01467466-Figure6-1subFig-7.png", "PageNo": 6, "Label": "Natural images"}]}