{"url": "wget \"http://ieeexplore.ieee.org/stampPDF/getPDF.jsp?tp=&isnumber=&arnumber=1467272\" -O 2005_01467272.pdf", "region": [{"boundary": {"y": 500, "x": 115, "w": 224, "h": 197}, "FileName": "2005_01467272-Figure2-1subFig-1.png", "PageNo": 4, "Label": "Graph plots"}, {"boundary": {"y": 105, "x": 96, "w": 244, "h": 195}, "FileName": "2005_01467272-Figure3-1subFig-1.png", "PageNo": 5, "Label": "Graph plots"}, {"boundary": {"y": 105, "x": 354, "w": 245, "h": 195}, "FileName": "2005_01467272-Figure3-1subFig-2.png", "PageNo": 5, "Label": "Graph plots"}, {"boundary": {"y": 116, "x": 648, "w": 224, "h": 197}, "FileName": "2005_01467272-Figure4-1subFig-1.png", "PageNo": 5, "Label": "Graph plots"}, {"boundary": {"y": 116, "x": 906, "w": 225, "h": 197}, "FileName": "2005_01467272-Figure4-1subFig-2.png", "PageNo": 5, "Label": "Graph plots"}, {"boundary": {"y": 986, "x": 630, "w": 243, "h": 229}, "FileName": "2005_01467272-Figure5-1subFig-1.png", "PageNo": 5, "Label": "Graph plots"}, {"boundary": {"y": 991, "x": 888, "w": 243, "h": 224}, "FileName": "2005_01467272-Figure5-1subFig-2.png", "PageNo": 5, "Label": "Graph plots"}, {"boundary": {"y": 271, "x": 97, "w": 243, "h": 229}, "FileName": "2005_01467272-Figure6-1subFig-1.png", "PageNo": 6, "Label": "Graph plots"}]}