{"url": "wget \"http://ieeexplore.ieee.org/stampPDF/getPDF.jsp?tp=&isnumber=&arnumber=1467480\" -O 2005_01467480.pdf", "region": [{"boundary": {"y": 365, "x": 247, "w": 104, "h": 162}, "FileName": "2005_01467480-Figure2-1subFig-2.png", "PageNo": 3, "Label": "Natural images"}, {"boundary": {"y": 720, "x": 636, "w": 507, "h": 318}, "FileName": "2005_01467480-Figure3-1subFig-1.png", "PageNo": 3, "Label": "Block diagram"}, {"boundary": {"y": 117, "x": 118, "w": 124, "h": 166}, "FileName": "2005_01467480-Figure4-1subFig-1.png", "PageNo": 5, "Label": "Natural images"}, {"boundary": {"y": 117, "x": 247, "w": 123, "h": 166}, "FileName": "2005_01467480-Figure4-1subFig-2.png", "PageNo": 5, "Label": "Natural images"}, {"boundary": {"y": 627, "x": 118, "w": 124, "h": 189}, "FileName": "2005_01467480-Figure4-1subFig-6.png", "PageNo": 5, "Label": "Natural images"}, {"boundary": {"y": 457, "x": 247, "w": 123, "h": 166}, "FileName": "2005_01467480-Figure4-1subFig-7.png", "PageNo": 5, "Label": "Natural images"}, {"boundary": {"y": 117, "x": 376, "w": 123, "h": 166}, "FileName": "2005_01467480-Figure4-1subFig-9.png", "PageNo": 5, "Label": "Natural images"}, {"boundary": {"y": 117, "x": 503, "w": 123, "h": 166}, "FileName": "2005_01467480-Figure4-1subFig-10.png", "PageNo": 5, "Label": "Natural images"}, {"boundary": {"y": 457, "x": 376, "w": 123, "h": 166}, "FileName": "2005_01467480-Figure4-1subFig-13.png", "PageNo": 5, "Label": "Natural images"}, {"boundary": {"y": 457, "x": 503, "w": 123, "h": 166}, "FileName": "2005_01467480-Figure4-1subFig-14.png", "PageNo": 5, "Label": "Natural images"}, {"boundary": {"y": 117, "x": 152, "w": 148, "h": 198}, "FileName": "2005_01467480-Figure5-1subFig-1.png", "PageNo": 6, "Label": "Natural images"}, {"boundary": {"y": 117, "x": 312, "w": 148, "h": 198}, "FileName": "2005_01467480-Figure5-1subFig-2.png", "PageNo": 6, "Label": "Natural images"}, {"boundary": {"y": 117, "x": 474, "w": 148, "h": 198}, "FileName": "2005_01467480-Figure5-1subFig-3.png", "PageNo": 6, "Label": "Natural images"}, {"boundary": {"y": 117, "x": 634, "w": 148, "h": 198}, "FileName": "2005_01467480-Figure5-1subFig-4.png", "PageNo": 6, "Label": "Natural images"}, {"boundary": {"y": 117, "x": 796, "w": 148, "h": 198}, "FileName": "2005_01467480-Figure5-1subFig-5.png", "PageNo": 6, "Label": "Natural images"}, {"boundary": {"y": 117, "x": 956, "w": 148, "h": 198}, "FileName": "2005_01467480-Figure5-1subFig-6.png", "PageNo": 6, "Label": "Natural images"}, {"boundary": {"y": 329, "x": 152, "w": 148, "h": 198}, "FileName": "2005_01467480-Figure5-1subFig-7.png", "PageNo": 6, "Label": "Natural images"}, {"boundary": {"y": 329, "x": 474, "w": 148, "h": 198}, "FileName": "2005_01467480-Figure5-1subFig-9.png", "PageNo": 6, "Label": "Natural images"}, {"boundary": {"y": 329, "x": 634, "w": 148, "h": 198}, "FileName": "2005_01467480-Figure5-1subFig-10.png", "PageNo": 6, "Label": "Natural images"}, {"boundary": {"y": 539, "x": 474, "w": 148, "h": 232}, "FileName": "2005_01467480-Figure5-1subFig-13.png", "PageNo": 6, "Label": "Natural images"}, {"boundary": {"y": 539, "x": 634, "w": 148, "h": 232}, "FileName": "2005_01467480-Figure5-1subFig-14.png", "PageNo": 6, "Label": "Natural images"}, {"boundary": {"y": 329, "x": 796, "w": 148, "h": 198}, "FileName": "2005_01467480-Figure5-1subFig-15.png", "PageNo": 6, "Label": "Natural images"}, {"boundary": {"y": 329, "x": 956, "w": 148, "h": 198}, "FileName": "2005_01467480-Figure5-1subFig-16.png", "PageNo": 6, "Label": "Natural images"}, {"boundary": {"y": 539, "x": 950, "w": 161, "h": 233}, "FileName": "2005_01467480-Figure5-1subFig-18.png", "PageNo": 6, "Label": "Natural images"}]}