{"url": "wget \"http://ieeexplore.ieee.org/stampPDF/getPDF.jsp?tp=&isnumber=&arnumber=1467447\" -O 2005_01467447.pdf", "region": [{"boundary": {"y": 232, "x": 697, "w": 345, "h": 242}, "FileName": "2005_01467447-Figure1-1subFig-1.png", "PageNo": 5, "Label": "Graph plots"}, {"boundary": {"y": 563, "x": 690, "w": 360, "h": 276}, "FileName": "2005_01467447-Figure2-1subFig-1.png", "PageNo": 5, "Label": "Graph plots"}, {"boundary": {"y": 907, "x": 690, "w": 362, "h": 302}, "FileName": "2005_01467447-Figure3-1subFig-1.png", "PageNo": 5, "Label": "Graph plots"}]}