{"url": "wget \"http://ieeexplore.ieee.org/stampPDF/getPDF.jsp?tp=&isnumber=&arnumber=1467510\" -O 2005_01467510.pdf", "region": [{"boundary": {"y": 560, "x": 650, "w": 247, "h": 131}, "FileName": "2005_01467510-Figure1-1subFig-3.png", "PageNo": 0, "Label": "Mask"}, {"boundary": {"y": 495, "x": 282, "w": 156, "h": 133}, "FileName": "2005_01467510-Figure10-1subFig-2.png", "PageNo": 5, "Label": "Mask"}, {"boundary": {"y": 149, "x": 124, "w": 464, "h": 276}, "FileName": "2005_01467510-Figure4-1subFig-1.png", "PageNo": 3, "Label": "Flow chart"}, {"boundary": {"y": 729, "x": 124, "w": 465, "h": 207}, "FileName": "2005_01467510-Figure5-1subFig-2.png", "PageNo": 3, "Label": "Flow chart"}, {"boundary": {"y": 147, "x": 125, "w": 463, "h": 248}, "FileName": "2005_01467510-Figure7-1subFig-1.png", "PageNo": 4, "Label": "Block diagram"}]}