{"url": "wget \"http://ieeexplore.ieee.org/stampPDF/getPDF.jsp?tp=&isnumber=&arnumber=1467359\" -O 2005_01467359.pdf", "region": [{"boundary": {"y": 118, "x": 626, "w": 487, "h": 210}, "FileName": "2005_01467359-Figure2-1subFig-2.png", "PageNo": 1, "Label": "Natural images"}, {"boundary": {"y": 107, "x": 680, "w": 384, "h": 308}, "FileName": "2005_01467359-Figure7-1subFig-1.png", "PageNo": 5, "Label": "Graph plots"}, {"boundary": {"y": 456, "x": 147, "w": 230, "h": 172}, "FileName": "2005_01467359-Figure9-1subFig-9.png", "PageNo": 7, "Label": "Natural images"}]}