{"url": "wget \"http://ieeexplore.ieee.org/stampPDF/getPDF.jsp?tp=&isnumber=&arnumber=1640746\" -O 2006_01640746.pdf", "region": [{"boundary": {"y": 145, "x": 263, "w": 282, "h": 239}, "FileName": "2006_01640746-Figure1-1subFig-2.png", "PageNo": 1, "Label": "Natural images"}, {"boundary": {"y": 145, "x": 101, "w": 238, "h": 188}, "FileName": "2006_01640746-Figure4-1subFig-1.png", "PageNo": 4, "Label": "Scatter plot"}, {"boundary": {"y": 145, "x": 351, "w": 238, "h": 188}, "FileName": "2006_01640746-Figure4-1subFig-2.png", "PageNo": 4, "Label": "Scatter plot"}]}