{"url": "wget \"http://ieeexplore.ieee.org/stampPDF/getPDF.jsp?tp=&isnumber=&arnumber=1640812\" -O 2006_01640812.pdf", "region": [{"boundary": {"y": 145, "x": 644, "w": 209, "h": 158}, "FileName": "2006_01640812-Figure1-1subFig-1.png", "PageNo": 1, "Label": "Graph plots"}, {"boundary": {"y": 153, "x": 871, "w": 202, "h": 142}, "FileName": "2006_01640812-Figure1-1subFig-2.png", "PageNo": 1, "Label": "Graph plots"}, {"boundary": {"y": 145, "x": 871, "w": 201, "h": 153}, "FileName": "2006_01640812-Figure2-1subFig-2.png", "PageNo": 4, "Label": "Graph plots"}, {"boundary": {"y": 314, "x": 862, "w": 210, "h": 169}, "FileName": "2006_01640812-Figure2-1subFig-4.png", "PageNo": 4, "Label": "Graph plots"}, {"boundary": {"y": 581, "x": 863, "w": 209, "h": 164}, "FileName": "2006_01640812-Figure3-1subFig-2.png", "PageNo": 4, "Label": "Graph plots"}, {"boundary": {"y": 830, "x": 863, "w": 209, "h": 163}, "FileName": "2006_01640812-Figure4-1subFig-2.png", "PageNo": 4, "Label": "Graph plots"}]}