{"url": "wget \"http://ieeexplore.ieee.org/stampPDF/getPDF.jsp?tp=&isnumber=&arnumber=1640745\" -O 2006_01640745.pdf", "region": [{"boundary": {"y": 609, "x": 870, "w": 187, "h": 173}, "FileName": "2006_01640745-Figure1-1subFig-2.png", "PageNo": 2, "Label": "Flow chart"}, {"boundary": {"y": 280, "x": 164, "w": 339, "h": 264}, "FileName": "2006_01640745-Figure3-1subFig-1.png", "PageNo": 4, "Label": "Box plot"}, {"boundary": {"y": 613, "x": 726, "w": 302, "h": 406}, "FileName": "2006_01640745-Figure6-1subFig-1.png", "PageNo": 5, "Label": "Flow chart"}, {"boundary": {"y": 130, "x": 684, "w": 194, "h": 232}, "FileName": "2006_01640745-Figure7-1subFig-1.png", "PageNo": 6, "Label": "Flow chart"}, {"boundary": {"y": 130, "x": 886, "w": 172, "h": 232}, "FileName": "2006_01640745-Figure7-1subFig-2.png", "PageNo": 6, "Label": "Flow chart"}]}