{"url": "wget \"http://ieeexplore.ieee.org/stampPDF/getPDF.jsp?tp=&isnumber=&arnumber=1640833\" -O 2006_01640833.pdf", "region": [{"boundary": {"y": 532, "x": 131, "w": 433, "h": 349}, "FileName": "2006_01640833-Figure3-1subFig-1.png", "PageNo": 2, "Label": "Scatter plot"}, {"boundary": {"y": 625, "x": 618, "w": 230, "h": 205}, "FileName": "2006_01640833-Figure6-1subFig-1.png", "PageNo": 4, "Label": "Graph plots"}, {"boundary": {"y": 625, "x": 877, "w": 231, "h": 205}, "FileName": "2006_01640833-Figure6-1subFig-2.png", "PageNo": 4, "Label": "Graph plots"}, {"boundary": {"y": 742, "x": 265, "w": 310, "h": 256}, "FileName": "2006_01640833-Figure7-1subFig-2.png", "PageNo": 5, "Label": "Scatter plot"}]}