{"url": "wget \"http://ieeexplore.ieee.org/stampPDF/getPDF.jsp?tp=&isnumber=&arnumber=1641020\" -O 2006_01641020.pdf", "region": [{"boundary": {"y": 665, "x": 642, "w": 208, "h": 167}, "FileName": "2006_01641020-Figure7-1subFig-6.png", "PageNo": 6, "Label": "Natural images"}, {"boundary": {"y": 497, "x": 877, "w": 208, "h": 165}, "FileName": "2006_01641020-Figure7-1subFig-7.png", "PageNo": 6, "Label": "Natural images"}, {"boundary": {"y": 665, "x": 877, "w": 208, "h": 167}, "FileName": "2006_01641020-Figure7-1subFig-8.png", "PageNo": 6, "Label": "Natural images"}, {"boundary": {"y": 304, "x": 877, "w": 208, "h": 164}, "FileName": "2006_01641020-Figure8-1subFig-8.png", "PageNo": 7, "Label": "Natural images"}]}