{"url": "wget \"http://ieeexplore.ieee.org/stampPDF/getPDF.jsp?tp=&isnumber=&arnumber=1641009\" -O 2006_01641009.pdf", "region": [{"boundary": {"y": 159, "x": 654, "w": 395, "h": 366}, "FileName": "2006_01641009-Figure3-1subFig-1.png", "PageNo": 5, "Label": "Graph plots"}, {"boundary": {"y": 204, "x": 237, "w": 819, "h": 473}, "FileName": "2006_01641009-Figure4-1subFig-1.png", "PageNo": 7, "Label": "Graph plots"}, {"boundary": {"y": 1019, "x": 357, "w": 166, "h": 100}, "FileName": "2006_01641009-Figure5-1subFig-5.png", "PageNo": 7, "Label": "Natural images"}, {"boundary": {"y": 1141, "x": 548, "w": 165, "h": 119}, "FileName": "2006_01641009-Figure5-1subFig-9.png", "PageNo": 7, "Label": "Natural images"}]}