{"url": "wget \"http://ieeexplore.ieee.org/stampPDF/getPDF.jsp?tp=&isnumber=&arnumber=1640851\" -O 2006_01640851.pdf", "region": [{"boundary": {"y": 145, "x": 100, "w": 143, "h": 262}, "FileName": "2006_01640851-Figure4-1subFig-1.png", "PageNo": 6, "Label": "Natural images"}, {"boundary": {"y": 147, "x": 620, "w": 241, "h": 198}, "FileName": "2006_01640851-Figure8-1subFig-1.png", "PageNo": 7, "Label": "Graph plots"}, {"boundary": {"y": 807, "x": 617, "w": 527, "h": 118}, "FileName": "2006_01640851-Table1-1subFig-1.png", "PageNo": 6, "Label": "Tables"}]}