{"url": "wget \"http://ieeexplore.ieee.org/stampPDF/getPDF.jsp?tp=&isnumber=&arnumber=1640935\" -O 2006_01640935.pdf", "region": [{"boundary": {"y": 144, "x": 129, "w": 430, "h": 286}, "FileName": "2006_01640935-Figure14-1subFig-1.png", "PageNo": 5, "Label": "Natural images"}, {"boundary": {"y": 434, "x": 129, "w": 430, "h": 285}, "FileName": "2006_01640935-Figure14-1subFig-2.png", "PageNo": 5, "Label": "Natural images"}, {"boundary": {"y": 144, "x": 647, "w": 429, "h": 286}, "FileName": "2006_01640935-Figure15-1subFig-1.png", "PageNo": 5, "Label": "Natural images"}]}