{"url": "wget \"http://ieeexplore.ieee.org/stampPDF/getPDF.jsp?tp=&isnumber=&arnumber=1640967\" -O 2006_01640967.pdf", "region": [{"boundary": {"y": 136, "x": 153, "w": 154, "h": 109}, "FileName": "2006_01640967-Figure1-1subFig-1.png", "PageNo": 1, "Label": "Medical images"}, {"boundary": {"y": 136, "x": 313, "w": 154, "h": 109}, "FileName": "2006_01640967-Figure1-1subFig-2.png", "PageNo": 1, "Label": "Medical images"}, {"boundary": {"y": 136, "x": 473, "w": 154, "h": 109}, "FileName": "2006_01640967-Figure1-1subFig-3.png", "PageNo": 1, "Label": "Medical images"}, {"boundary": {"y": 136, "x": 633, "w": 154, "h": 109}, "FileName": "2006_01640967-Figure1-1subFig-4.png", "PageNo": 1, "Label": "Medical images"}, {"boundary": {"y": 136, "x": 793, "w": 154, "h": 109}, "FileName": "2006_01640967-Figure1-1subFig-5.png", "PageNo": 1, "Label": "Medical images"}, {"boundary": {"y": 136, "x": 953, "w": 154, "h": 109}, "FileName": "2006_01640967-Figure1-1subFig-6.png", "PageNo": 1, "Label": "Medical images"}, {"boundary": {"y": 143, "x": 875, "w": 232, "h": 173}, "FileName": "2006_01640967-Figure3-1subFig-4.png", "PageNo": 3, "Label": "Heat map"}, {"boundary": {"y": 136, "x": 150, "w": 193, "h": 137}, "FileName": "2006_01640967-Figure5-1subFig-1.png", "PageNo": 5, "Label": "Medical images"}, {"boundary": {"y": 136, "x": 349, "w": 214, "h": 141}, "FileName": "2006_01640967-Figure5-1subFig-2.png", "PageNo": 5, "Label": "Medical images"}, {"boundary": {"y": 141, "x": 570, "w": 167, "h": 131}, "FileName": "2006_01640967-Figure5-1subFig-3.png", "PageNo": 5, "Label": "Heat map"}, {"boundary": {"y": 141, "x": 744, "w": 167, "h": 131}, "FileName": "2006_01640967-Figure5-1subFig-4.png", "PageNo": 5, "Label": "Heat map"}, {"boundary": {"y": 286, "x": 153, "w": 154, "h": 168}, "FileName": "2006_01640967-Figure6-1subFig-1.png", "PageNo": 6, "Label": "Medical images"}, {"boundary": {"y": 457, "x": 153, "w": 154, "h": 161}, "FileName": "2006_01640967-Figure6-1subFig-2.png", "PageNo": 6, "Label": "Medical images"}, {"boundary": {"y": 286, "x": 313, "w": 154, "h": 168}, "FileName": "2006_01640967-Figure6-1subFig-3.png", "PageNo": 6, "Label": "Medical images"}, {"boundary": {"y": 457, "x": 313, "w": 154, "h": 161}, "FileName": "2006_01640967-Figure6-1subFig-4.png", "PageNo": 6, "Label": "Medical images"}, {"boundary": {"y": 286, "x": 473, "w": 154, "h": 168}, "FileName": "2006_01640967-Figure6-1subFig-5.png", "PageNo": 6, "Label": "Medical images"}, {"boundary": {"y": 457, "x": 473, "w": 154, "h": 161}, "FileName": "2006_01640967-Figure6-1subFig-6.png", "PageNo": 6, "Label": "Medical images"}, {"boundary": {"y": 286, "x": 633, "w": 154, "h": 168}, "FileName": "2006_01640967-Figure6-1subFig-7.png", "PageNo": 6, "Label": "Medical images"}, {"boundary": {"y": 457, "x": 633, "w": 154, "h": 161}, "FileName": "2006_01640967-Figure6-1subFig-8.png", "PageNo": 6, "Label": "Medical images"}, {"boundary": {"y": 286, "x": 793, "w": 154, "h": 168}, "FileName": "2006_01640967-Figure6-1subFig-9.png", "PageNo": 6, "Label": "Medical images"}, {"boundary": {"y": 457, "x": 793, "w": 154, "h": 161}, "FileName": "2006_01640967-Figure6-1subFig-10.png", "PageNo": 6, "Label": "Medical images"}, {"boundary": {"y": 286, "x": 953, "w": 154, "h": 168}, "FileName": "2006_01640967-Figure6-1subFig-11.png", "PageNo": 6, "Label": "Medical images"}, {"boundary": {"y": 457, "x": 953, "w": 154, "h": 161}, "FileName": "2006_01640967-Figure6-1subFig-12.png", "PageNo": 6, "Label": "Medical images"}]}