{"url": "wget \"http://ieeexplore.ieee.org/stampPDF/getPDF.jsp?tp=&isnumber=&arnumber=1640801\" -O 2006_01640801.pdf", "region": [{"boundary": {"y": 292, "x": 667, "w": 191, "h": 151}, "FileName": "2006_01640801-Figure1-1subFig-2.png", "PageNo": 5, "Label": "Heat map"}, {"boundary": {"y": 292, "x": 866, "w": 191, "h": 151}, "FileName": "2006_01640801-Figure1-1subFig-4.png", "PageNo": 5, "Label": "Heat map"}, {"boundary": {"y": 145, "x": 182, "w": 271, "h": 225}, "FileName": "2006_01640801-Figure2-1subFig-1.png", "PageNo": 6, "Label": "Vector plot"}, {"boundary": {"y": 264, "x": 468, "w": 103, "h": 107}, "FileName": "2006_01640801-Figure2-1subFig-3.png", "PageNo": 6, "Label": "Vector plot"}, {"boundary": {"y": 410, "x": 182, "w": 271, "h": 226}, "FileName": "2006_01640801-Figure2-1subFig-4.png", "PageNo": 6, "Label": "Vector plot"}, {"boundary": {"y": 529, "x": 468, "w": 103, "h": 107}, "FileName": "2006_01640801-Figure2-1subFig-6.png", "PageNo": 6, "Label": "Vector plot"}, {"boundary": {"y": 675, "x": 182, "w": 271, "h": 226}, "FileName": "2006_01640801-Figure2-1subFig-7.png", "PageNo": 6, "Label": "Vector plot"}, {"boundary": {"y": 806, "x": 468, "w": 103, "h": 95}, "FileName": "2006_01640801-Figure2-1subFig-9.png", "PageNo": 6, "Label": "Vector plot"}, {"boundary": {"y": 517, "x": 644, "w": 156, "h": 169}, "FileName": "2006_01640801-Figure3-1subFig-2.png", "PageNo": 6, "Label": "Vector plot"}, {"boundary": {"y": 517, "x": 811, "w": 129, "h": 169}, "FileName": "2006_01640801-Figure3-1subFig-3.png", "PageNo": 6, "Label": "Vector plot"}, {"boundary": {"y": 560, "x": 953, "w": 130, "h": 126}, "FileName": "2006_01640801-Figure3-1subFig-4.png", "PageNo": 6, "Label": "Vector plot"}, {"boundary": {"y": 718, "x": 644, "w": 156, "h": 170}, "FileName": "2006_01640801-Figure3-1subFig-5.png", "PageNo": 6, "Label": "Vector plot"}, {"boundary": {"y": 718, "x": 811, "w": 128, "h": 170}, "FileName": "2006_01640801-Figure3-1subFig-6.png", "PageNo": 6, "Label": "Vector plot"}, {"boundary": {"y": 765, "x": 953, "w": 130, "h": 123}, "FileName": "2006_01640801-Figure3-1subFig-7.png", "PageNo": 6, "Label": "Vector plot"}]}