{"url": "wget \"http://ieeexplore.ieee.org/stampPDF/getPDF.jsp?tp=&isnumber=&arnumber=1640926\" -O 2006_01640926.pdf", "region": [{"boundary": {"y": 482, "x": 713, "w": 277, "h": 199}, "FileName": "2006_01640926-Figure3-1subFig-1.png", "PageNo": 2, "Label": "Confusion matrix"}, {"boundary": {"y": 160, "x": 198, "w": 372, "h": 191}, "FileName": "2006_01640926-Figure4-1subFig-1.png", "PageNo": 3, "Label": "Graph plots"}, {"boundary": {"y": 160, "x": 244, "w": 277, "h": 199}, "FileName": "2006_01640926-Figure6-1subFig-1.png", "PageNo": 4, "Label": "Confusion matrix"}, {"boundary": {"y": 484, "x": 199, "w": 371, "h": 233}, "FileName": "2006_01640926-Figure7-1subFig-1.png", "PageNo": 4, "Label": "Graph plots"}, {"boundary": {"y": 159, "x": 668, "w": 370, "h": 217}, "FileName": "2006_01640926-Figure9-1subFig-1.png", "PageNo": 5, "Label": "Graph plots"}]}