{"url": "wget \"http://ieeexplore.ieee.org/stampPDF/getPDF.jsp?tp=&isnumber=&arnumber=1640841\" -O 2006_01640841.pdf", "region": [{"boundary": {"y": 142, "x": 312, "w": 186, "h": 184}, "FileName": "2006_01640841-Figure6-1subFig-2.png", "PageNo": 6, "Label": "Graph plots"}, {"boundary": {"y": 142, "x": 519, "w": 188, "h": 184}, "FileName": "2006_01640841-Figure6-1subFig-3.png", "PageNo": 6, "Label": "Graph plots"}, {"boundary": {"y": 143, "x": 727, "w": 185, "h": 183}, "FileName": "2006_01640841-Figure6-1subFig-4.png", "PageNo": 6, "Label": "Graph plots"}, {"boundary": {"y": 143, "x": 934, "w": 188, "h": 183}, "FileName": "2006_01640841-Figure6-1subFig-5.png", "PageNo": 6, "Label": "Graph plots"}, {"boundary": {"y": 421, "x": 315, "w": 183, "h": 185}, "FileName": "2006_01640841-Figure7-1subFig-2.png", "PageNo": 6, "Label": "Graph plots"}, {"boundary": {"y": 422, "x": 729, "w": 185, "h": 184}, "FileName": "2006_01640841-Figure7-1subFig-4.png", "PageNo": 6, "Label": "Graph plots"}, {"boundary": {"y": 422, "x": 937, "w": 185, "h": 184}, "FileName": "2006_01640841-Figure7-1subFig-5.png", "PageNo": 6, "Label": "Graph plots"}, {"boundary": {"y": 147, "x": 137, "w": 248, "h": 192}, "FileName": "2006_01640841-Figure8-1subFig-1.png", "PageNo": 7, "Label": "Graph plots"}, {"boundary": {"y": 146, "x": 749, "w": 245, "h": 193}, "FileName": "2006_01640841-Figure8-1subFig-3.png", "PageNo": 7, "Label": "Graph plots"}, {"boundary": {"y": 980, "x": 734, "w": 248, "h": 273}, "FileName": "2006_01640841-Figure9-1subFig-2.png", "PageNo": 7, "Label": "Graph plots"}]}