{"url": "wget \"http://ieeexplore.ieee.org/stampPDF/getPDF.jsp?tp=&isnumber=&arnumber=1641042\" -O 2006_01641042.pdf", "region": [{"boundary": {"y": 936, "x": 164, "w": 355, "h": 279}, "FileName": "2006_01641042-Figure6-1subFig-1.png", "PageNo": 5, "Label": "Graph plots"}, {"boundary": {"y": 437, "x": 140, "w": 298, "h": 330}, "FileName": "2006_01641042-Figure7-1subFig-2.png", "PageNo": 5, "Label": "Mask"}, {"boundary": {"y": 145, "x": 502, "w": 224, "h": 268}, "FileName": "2006_01641042-Figure8-1subFig-3.png", "PageNo": 6, "Label": "Natural images"}, {"boundary": {"y": 913, "x": 681, "w": 355, "h": 279}, "FileName": "2006_01641042-Figure9-1subFig-1.png", "PageNo": 6, "Label": "Graph plots"}]}