{"url": "wget \"http://ieeexplore.ieee.org/stampPDF/getPDF.jsp?tp=&isnumber=&arnumber=1640951\" -O 2006_01640951.pdf", "region": [{"boundary": {"y": 136, "x": 170, "w": 396, "h": 177}, "FileName": "2006_01640951-Figure2-1subFig-1.png", "PageNo": 2, "Label": "Flow chart"}, {"boundary": {"y": 135, "x": 329, "w": 272, "h": 146}, "FileName": "2006_01640951-Figure5-1subFig-2.png", "PageNo": 4, "Label": "Flow chart"}, {"boundary": {"y": 136, "x": 146, "w": 968, "h": 247}, "FileName": "2006_01640951-Figure6-1subFig-1.png", "PageNo": 5, "Label": "Block diagram"}, {"boundary": {"y": 139, "x": 198, "w": 352, "h": 274}, "FileName": "2006_01640951-Figure8-1subFig-1.png", "PageNo": 6, "Label": "Graph plots"}, {"boundary": {"y": 136, "x": 767, "w": 182, "h": 74}, "FileName": "2006_01640951-Figure9-1subFig-1.png", "PageNo": 6, "Label": "Flow chart"}]}