{"url": "wget \"http://ieeexplore.ieee.org/stampPDF/getPDF.jsp?tp=&isnumber=&arnumber=1640829\" -O 2006_01640829.pdf", "region": [{"boundary": {"y": 145, "x": 185, "w": 208, "h": 156}, "FileName": "2006_01640829-Figure10-1subFig-1.png", "PageNo": 6, "Label": "Natural images"}, {"boundary": {"y": 304, "x": 185, "w": 208, "h": 156}, "FileName": "2006_01640829-Figure10-1subFig-2.png", "PageNo": 6, "Label": "Natural images"}, {"boundary": {"y": 145, "x": 400, "w": 208, "h": 156}, "FileName": "2006_01640829-Figure10-1subFig-3.png", "PageNo": 6, "Label": "Natural images"}, {"boundary": {"y": 304, "x": 400, "w": 208, "h": 156}, "FileName": "2006_01640829-Figure10-1subFig-4.png", "PageNo": 6, "Label": "Natural images"}, {"boundary": {"y": 145, "x": 615, "w": 208, "h": 156}, "FileName": "2006_01640829-Figure10-1subFig-5.png", "PageNo": 6, "Label": "Natural images"}, {"boundary": {"y": 304, "x": 615, "w": 208, "h": 156}, "FileName": "2006_01640829-Figure10-1subFig-6.png", "PageNo": 6, "Label": "Natural images"}, {"boundary": {"y": 145, "x": 830, "w": 208, "h": 156}, "FileName": "2006_01640829-Figure10-1subFig-7.png", "PageNo": 6, "Label": "Natural images"}, {"boundary": {"y": 304, "x": 830, "w": 208, "h": 156}, "FileName": "2006_01640829-Figure10-1subFig-8.png", "PageNo": 6, "Label": "Natural images"}, {"boundary": {"y": 448, "x": 142, "w": 404, "h": 128}, "FileName": "2006_01640829-Figure3-1subFig-1.png", "PageNo": 2, "Label": "Flow chart"}]}