{"url": "wget \"http://ieeexplore.ieee.org/stampPDF/getPDF.jsp?tp=&isnumber=&arnumber=4270298\" -O 2007_04270298.pdf", "region": [{"boundary": {"y": 145, "x": 196, "w": 290, "h": 126}, "FileName": "2007_04270298-Figure1-1subFig-1.png", "PageNo": 1, "Label": "Sketches"}, {"boundary": {"y": 144, "x": 103, "w": 348, "h": 293}, "FileName": "2007_04270298-Figure3-1subFig-1.png", "PageNo": 6, "Label": "Graph plots"}, {"boundary": {"y": 144, "x": 457, "w": 326, "h": 293}, "FileName": "2007_04270298-Figure3-1subFig-2.png", "PageNo": 6, "Label": "Graph plots"}, {"boundary": {"y": 144, "x": 790, "w": 340, "h": 293}, "FileName": "2007_04270298-Figure3-1subFig-3.png", "PageNo": 6, "Label": "Graph plots"}, {"boundary": {"y": 498, "x": 138, "w": 410, "h": 293}, "FileName": "2007_04270298-Figure4-1subFig-1.png", "PageNo": 6, "Label": "Graph plots"}]}