{"url": "wget \"http://ieeexplore.ieee.org/stampPDF/getPDF.jsp?tp=&isnumber=&arnumber=4270404\" -O 2007_04270404.pdf", "region": [{"boundary": {"y": 106, "x": 176, "w": 279, "h": 212}, "FileName": "2007_04270404-Figure3-1subFig-1.png", "PageNo": 4, "Label": "Graph plots"}, {"boundary": {"y": 336, "x": 170, "w": 285, "h": 213}, "FileName": "2007_04270404-Figure3-1subFig-2.png", "PageNo": 4, "Label": "Graph plots"}, {"boundary": {"y": 106, "x": 485, "w": 279, "h": 212}, "FileName": "2007_04270404-Figure3-1subFig-3.png", "PageNo": 4, "Label": "Graph plots"}, {"boundary": {"y": 336, "x": 478, "w": 286, "h": 213}, "FileName": "2007_04270404-Figure3-1subFig-4.png", "PageNo": 4, "Label": "Graph plots"}, {"boundary": {"y": 106, "x": 793, "w": 280, "h": 212}, "FileName": "2007_04270404-Figure3-1subFig-5.png", "PageNo": 4, "Label": "Graph plots"}, {"boundary": {"y": 647, "x": 655, "w": 447, "h": 382}, "FileName": "2007_04270404-Figure5-1subFig-1.png", "PageNo": 4, "Label": "Box plot"}]}