{"url": "wget \"http://ieeexplore.ieee.org/stampPDF/getPDF.jsp?tp=&isnumber=&arnumber=4270038\" -O 2007_04270038.pdf", "region": [{"boundary": {"y": 144, "x": 215, "w": 186, "h": 215}, "FileName": "2007_04270038-Figure5-1subFig-1.png", "PageNo": 7, "Label": "Medical images"}, {"boundary": {"y": 144, "x": 427, "w": 186, "h": 215}, "FileName": "2007_04270038-Figure5-1subFig-2.png", "PageNo": 7, "Label": "Medical images"}, {"boundary": {"y": 144, "x": 638, "w": 186, "h": 215}, "FileName": "2007_04270038-Figure5-1subFig-3.png", "PageNo": 7, "Label": "Medical images"}, {"boundary": {"y": 144, "x": 850, "w": 186, "h": 215}, "FileName": "2007_04270038-Figure5-1subFig-4.png", "PageNo": 7, "Label": "Medical images"}, {"boundary": {"y": 437, "x": 215, "w": 186, "h": 186}, "FileName": "2007_04270038-Figure6-1subFig-1.png", "PageNo": 7, "Label": "Medical images"}, {"boundary": {"y": 437, "x": 427, "w": 186, "h": 186}, "FileName": "2007_04270038-Figure6-1subFig-3.png", "PageNo": 7, "Label": "Medical images"}]}