{"url": "wget \"http://ieeexplore.ieee.org/stampPDF/getPDF.jsp?tp=&isnumber=&arnumber=4270055\" -O 2007_04270055.pdf", "region": [{"boundary": {"y": 145, "x": 102, "w": 216, "h": 175}, "FileName": "2007_04270055-Figure5-1subFig-1.png", "PageNo": 4, "Label": "Graph plots"}, {"boundary": {"y": 145, "x": 357, "w": 218, "h": 174}, "FileName": "2007_04270055-Figure5-1subFig-3.png", "PageNo": 4, "Label": "Graph plots"}, {"boundary": {"y": 333, "x": 356, "w": 215, "h": 166}, "FileName": "2007_04270055-Figure5-1subFig-4.png", "PageNo": 4, "Label": "Graph plots"}]}