{"url": "wget \"http://ieeexplore.ieee.org/stampPDF/getPDF.jsp?tp=&isnumber=&arnumber=4270116\" -O 2007_04270116.pdf", "region": [{"boundary": {"y": 144, "x": 194, "w": 296, "h": 221}, "FileName": "2007_04270116-Figure2-1subFig-1.png", "PageNo": 2, "Label": "Sketches"}, {"boundary": {"y": 286, "x": 617, "w": 500, "h": 104}, "FileName": "2007_04270116-Table2-1subFig-1.png", "PageNo": 5, "Label": "Tables"}, {"boundary": {"y": 243, "x": 99, "w": 501, "h": 203}, "FileName": "2007_04270116-Table5-1subFig-1.png", "PageNo": 7, "Label": "Tables"}]}