{"url": "wget \"http://ieeexplore.ieee.org/stampPDF/getPDF.jsp?tp=&isnumber=&arnumber=4270451\" -O 2007_04270451.pdf", "region": [{"boundary": {"y": 145, "x": 297, "w": 683, "h": 514}, "FileName": "2007_04270451-Figure3-1subFig-1.png", "PageNo": 3, "Label": "Flow chart"}, {"boundary": {"y": 150, "x": 127, "w": 247, "h": 185}, "FileName": "2007_04270451-Figure6-1subFig-1.png", "PageNo": 6, "Label": "Natural images"}, {"boundary": {"y": 150, "x": 382, "w": 247, "h": 185}, "FileName": "2007_04270451-Figure6-1subFig-2.png", "PageNo": 6, "Label": "Natural images"}, {"boundary": {"y": 344, "x": 127, "w": 247, "h": 185}, "FileName": "2007_04270451-Figure6-1subFig-3.png", "PageNo": 6, "Label": "Natural images"}, {"boundary": {"y": 344, "x": 382, "w": 247, "h": 185}, "FileName": "2007_04270451-Figure6-1subFig-4.png", "PageNo": 6, "Label": "Natural images"}, {"boundary": {"y": 150, "x": 638, "w": 247, "h": 185}, "FileName": "2007_04270451-Figure6-1subFig-5.png", "PageNo": 6, "Label": "Natural images"}, {"boundary": {"y": 150, "x": 892, "w": 247, "h": 185}, "FileName": "2007_04270451-Figure6-1subFig-6.png", "PageNo": 6, "Label": "Natural images"}, {"boundary": {"y": 344, "x": 638, "w": 247, "h": 185}, "FileName": "2007_04270451-Figure6-1subFig-7.png", "PageNo": 6, "Label": "Natural images"}, {"boundary": {"y": 344, "x": 892, "w": 247, "h": 185}, "FileName": "2007_04270451-Figure6-1subFig-8.png", "PageNo": 6, "Label": "Natural images"}]}