{"url": "wget \"http://ieeexplore.ieee.org/stampPDF/getPDF.jsp?tp=&isnumber=&arnumber=4270429\" -O 2007_04270429.pdf", "region": [{"boundary": {"y": 478, "x": 657, "w": 193, "h": 221}, "FileName": "2007_04270429-Figure1-1subFig-1.png", "PageNo": 0, "Label": "Medical images"}, {"boundary": {"y": 138, "x": 119, "w": 235, "h": 270}, "FileName": "2007_04270429-Figure3-1subFig-1.png", "PageNo": 3, "Label": "Medical images"}, {"boundary": {"y": 138, "x": 371, "w": 235, "h": 270}, "FileName": "2007_04270429-Figure3-1subFig-3.png", "PageNo": 3, "Label": "Medical images"}, {"boundary": {"y": 138, "x": 623, "w": 235, "h": 270}, "FileName": "2007_04270429-Figure3-1subFig-5.png", "PageNo": 3, "Label": "Medical images"}, {"boundary": {"y": 416, "x": 623, "w": 235, "h": 334}, "FileName": "2007_04270429-Figure3-1subFig-6.png", "PageNo": 3, "Label": "Medical images"}, {"boundary": {"y": 138, "x": 875, "w": 235, "h": 270}, "FileName": "2007_04270429-Figure3-1subFig-7.png", "PageNo": 3, "Label": "Medical images"}, {"boundary": {"y": 416, "x": 875, "w": 234, "h": 334}, "FileName": "2007_04270429-Figure3-1subFig-8.png", "PageNo": 3, "Label": "Medical images"}, {"boundary": {"y": 139, "x": 627, "w": 141, "h": 161}, "FileName": "2007_04270429-Figure4-1subFig-1.png", "PageNo": 4, "Label": "Medical images"}, {"boundary": {"y": 138, "x": 781, "w": 161, "h": 187}, "FileName": "2007_04270429-Figure4-1subFig-2.png", "PageNo": 4, "Label": "Medical images"}, {"boundary": {"y": 336, "x": 627, "w": 141, "h": 161}, "FileName": "2007_04270429-Figure4-1subFig-4.png", "PageNo": 4, "Label": "Medical images"}, {"boundary": {"y": 336, "x": 781, "w": 161, "h": 161}, "FileName": "2007_04270429-Figure4-1subFig-5.png", "PageNo": 4, "Label": "Medical images"}]}