{"url": "wget \"http://ieeexplore.ieee.org/stampPDF/getPDF.jsp?tp=&isnumber=&arnumber=4270409\" -O 2007_04270409.pdf", "region": [{"boundary": {"y": 131, "x": 181, "w": 896, "h": 184}, "FileName": "2007_04270409-Table3-1subFig-1.png", "PageNo": 7, "Label": "Tables"}, {"boundary": {"y": 508, "x": 181, "w": 896, "h": 184}, "FileName": "2007_04270409-Table3-1subFig-3.png", "PageNo": 7, "Label": "Tables"}, {"boundary": {"y": 696, "x": 181, "w": 896, "h": 185}, "FileName": "2007_04270409-Table3-1subFig-4.png", "PageNo": 7, "Label": "Tables"}]}