{"url": "wget \"http://ieeexplore.ieee.org/stampPDF/getPDF.jsp?tp=&isnumber=&arnumber=4270369\" -O 2007_04270369.pdf", "region": [{"boundary": {"y": 151, "x": 737, "w": 309, "h": 283}, "FileName": "2007_04270369-Figure1-1subFig-1.png", "PageNo": 1, "Label": "Flow chart"}, {"boundary": {"y": 145, "x": 638, "w": 514, "h": 236}, "FileName": "2007_04270369-Table1-1subFig-1.png", "PageNo": 5, "Label": "Tables"}, {"boundary": {"y": 523, "x": 638, "w": 503, "h": 236}, "FileName": "2007_04270369-Table2-1subFig-1.png", "PageNo": 5, "Label": "Tables"}]}