{"url": "wget \"http://ieeexplore.ieee.org/stampPDF/getPDF.jsp?tp=&isnumber=&arnumber=4270304\" -O 2007_04270304.pdf", "region": [{"boundary": {"y": 151, "x": 288, "w": 669, "h": 342}, "FileName": "2007_04270304-Figure1-1subFig-1.png", "PageNo": 1, "Label": "Block diagram"}, {"boundary": {"y": 890, "x": 476, "w": 524, "h": 204}, "FileName": "2007_04270304-Figure2-1subFig-7.png", "PageNo": 1, "Label": "Block diagram"}, {"boundary": {"y": 473, "x": 702, "w": 356, "h": 248}, "FileName": "2007_04270304-Figure4-1subFig-3.png", "PageNo": 2, "Label": "Histogram"}, {"boundary": {"y": 485, "x": 370, "w": 224, "h": 249}, "FileName": "2007_04270304-Figure5-1subFig-5.png", "PageNo": 4, "Label": "Graph plots"}]}