{"url": "wget \"http://ieeexplore.ieee.org/stampPDF/getPDF.jsp?tp=&isnumber=&arnumber=4270219\" -O 2007_04270219.pdf", "region": [{"boundary": {"y": 379, "x": 125, "w": 214, "h": 275}, "FileName": "2007_04270219-Figure5-1subFig-2.png", "PageNo": 7, "Label": "Mask"}, {"boundary": {"y": 379, "x": 365, "w": 214, "h": 275}, "FileName": "2007_04270219-Figure5-1subFig-4.png", "PageNo": 7, "Label": "Mask"}, {"boundary": {"y": 379, "x": 607, "w": 214, "h": 275}, "FileName": "2007_04270219-Figure5-1subFig-6.png", "PageNo": 7, "Label": "Mask"}]}