{"url": "wget \"http://ieeexplore.ieee.org/stampPDF/getPDF.jsp?tp=&isnumber=&arnumber=4270220\" -O 2007_04270220.pdf", "region": [{"boundary": {"y": 160, "x": 617, "w": 208, "h": 143}, "FileName": "2007_04270220-Figure1-1subFig-1.png", "PageNo": 3, "Label": "3D objects"}, {"boundary": {"y": 144, "x": 921, "w": 187, "h": 310}, "FileName": "2007_04270220-Figure3-1subFig-4.png", "PageNo": 5, "Label": "3D objects"}, {"boundary": {"y": 144, "x": 99, "w": 99, "h": 111}, "FileName": "2007_04270220-Figure4-1subFig-1.png", "PageNo": 6, "Label": "3D objects"}, {"boundary": {"y": 264, "x": 99, "w": 205, "h": 243}, "FileName": "2007_04270220-Figure4-1subFig-3.png", "PageNo": 6, "Label": "3D objects"}, {"boundary": {"y": 264, "x": 371, "w": 219, "h": 243}, "FileName": "2007_04270220-Figure4-1subFig-6.png", "PageNo": 6, "Label": "3D objects"}, {"boundary": {"y": 144, "x": 617, "w": 492, "h": 247}, "FileName": "2007_04270220-Figure5-1subFig-1.png", "PageNo": 6, "Label": "3D objects"}, {"boundary": {"y": 144, "x": 99, "w": 236, "h": 335}, "FileName": "2007_04270220-Figure6-1subFig-1.png", "PageNo": 7, "Label": "3D objects"}, {"boundary": {"y": 144, "x": 342, "w": 248, "h": 334}, "FileName": "2007_04270220-Figure6-1subFig-2.png", "PageNo": 7, "Label": "3D objects"}, {"boundary": {"y": 144, "x": 832, "w": 228, "h": 246}, "FileName": "2007_04270220-Figure7-1subFig-3.png", "PageNo": 7, "Label": "3D objects"}]}