{"url": "wget \"http://ieeexplore.ieee.org/stampPDF/getPDF.jsp?tp=&isnumber=&arnumber=4270297\" -O 2007_04270297.pdf", "region": [{"boundary": {"y": 157, "x": 225, "w": 487, "h": 405}, "FileName": "2007_04270297-Figure2-1subFig-1.png", "PageNo": 2, "Label": "Flow chart"}, {"boundary": {"y": 157, "x": 744, "w": 275, "h": 402}, "FileName": "2007_04270297-Figure2-1subFig-2.png", "PageNo": 2, "Label": "Flow chart"}, {"boundary": {"y": 151, "x": 866, "w": 226, "h": 189}, "FileName": "2007_04270297-Figure3-1subFig-4.png", "PageNo": 6, "Label": "Natural images"}, {"boundary": {"y": 151, "x": 336, "w": 572, "h": 225}, "FileName": "2007_04270297-Table1-1subFig-1.png", "PageNo": 5, "Label": "Tables"}]}