{"url": "wget \"http://ieeexplore.ieee.org/stampPDF/getPDF.jsp?tp=&isnumber=&arnumber=4270222\" -O 2007_04270222.pdf", "region": [{"boundary": {"y": 154, "x": 109, "w": 470, "h": 357}, "FileName": "2007_04270222-Figure4-1subFig-1.png", "PageNo": 5, "Label": "Graph plots"}, {"boundary": {"y": 154, "x": 627, "w": 470, "h": 357}, "FileName": "2007_04270222-Figure5-1subFig-1.png", "PageNo": 5, "Label": "Graph plots"}, {"boundary": {"y": 144, "x": 295, "w": 289, "h": 241}, "FileName": "2007_04270222-Figure6-1subFig-1.png", "PageNo": 6, "Label": "Bar plots"}, {"boundary": {"y": 146, "x": 620, "w": 296, "h": 238}, "FileName": "2007_04270222-Figure6-1subFig-2.png", "PageNo": 6, "Label": "Graph plots"}]}