{"url": "wget \"http://ieeexplore.ieee.org/stampPDF/getPDF.jsp?tp=&isnumber=&arnumber=4270097\" -O 2007_04270097.pdf", "region": [{"boundary": {"y": 163, "x": 137, "w": 153, "h": 346}, "FileName": "2007_04270097-Figure2-1subFig-1.png", "PageNo": 2, "Label": "Flow chart"}, {"boundary": {"y": 152, "x": 337, "w": 263, "h": 358}, "FileName": "2007_04270097-Figure2-1subFig-2.png", "PageNo": 2, "Label": "Flow chart"}, {"boundary": {"y": 165, "x": 124, "w": 186, "h": 346}, "FileName": "2007_04270097-Figure3-1subFig-1.png", "PageNo": 3, "Label": "Flow chart"}, {"boundary": {"y": 150, "x": 372, "w": 226, "h": 364}, "FileName": "2007_04270097-Figure3-1subFig-2.png", "PageNo": 3, "Label": "Flow chart"}, {"boundary": {"y": 412, "x": 314, "w": 158, "h": 128}, "FileName": "2007_04270097-Figure5-1subFig-10.png", "PageNo": 5, "Label": "Natural images"}, {"boundary": {"y": 151, "x": 131, "w": 195, "h": 224}, "FileName": "2007_04270097-Figure7-1subFig-1.png", "PageNo": 6, "Label": "Confusion matrix"}, {"boundary": {"y": 157, "x": 364, "w": 226, "h": 219}, "FileName": "2007_04270097-Figure7-1subFig-2.png", "PageNo": 6, "Label": "Histogram"}, {"boundary": {"y": 397, "x": 388, "w": 184, "h": 185}, "FileName": "2007_04270097-Figure9-1subFig-2.png", "PageNo": 7, "Label": "Histogram"}]}