{"url": "wget \"http://ieeexplore.ieee.org/stampPDF/getPDF.jsp?tp=&isnumber=&arnumber=4270143\" -O 2007_04270143.pdf", "region": [{"boundary": {"y": 144, "x": 618, "w": 252, "h": 212}, "FileName": "2007_04270143-Figure2-1subFig-1.png", "PageNo": 4, "Label": "Graph plots"}, {"boundary": {"y": 814, "x": 429, "w": 327, "h": 268}, "FileName": "2007_04270143-Figure3-1subFig-2.png", "PageNo": 5, "Label": "Graph plots"}, {"boundary": {"y": 814, "x": 764, "w": 327, "h": 266}, "FileName": "2007_04270143-Figure3-1subFig-3.png", "PageNo": 5, "Label": "Graph plots"}, {"boundary": {"y": 145, "x": 120, "w": 343, "h": 251}, "FileName": "2007_04270143-Figure4-1subFig-1.png", "PageNo": 6, "Label": "Graph plots"}, {"boundary": {"y": 997, "x": 100, "w": 161, "h": 143}, "FileName": "2007_04270143-Figure6-1subFig-2.png", "PageNo": 6, "Label": "Natural images"}, {"boundary": {"y": 1144, "x": 99, "w": 162, "h": 129}, "FileName": "2007_04270143-Figure6-1subFig-5.png", "PageNo": 6, "Label": "Natural images"}, {"boundary": {"y": 144, "x": 102, "w": 486, "h": 261}, "FileName": "2007_04270143-Table2-1subFig-1.png", "PageNo": 4, "Label": "Tables"}]}