{"url": "wget \"http://ieeexplore.ieee.org/stampPDF/getPDF.jsp?tp=&isnumber=&arnumber=4270448\" -O 2007_04270448.pdf", "region": [{"boundary": {"y": 234, "x": 237, "w": 290, "h": 320}, "FileName": "2007_04270448-Figure11-1subFig-1.png", "PageNo": 7, "Label": "Histogram"}, {"boundary": {"y": 127, "x": 468, "w": 294, "h": 259}, "FileName": "2007_04270448-Figure3-1subFig-2.png", "PageNo": 2, "Label": "Mask"}, {"boundary": {"y": 142, "x": 199, "w": 228, "h": 233}, "FileName": "2007_04270448-Figure4-1subFig-1.png", "PageNo": 4, "Label": "Mask"}, {"boundary": {"y": 139, "x": 470, "w": 280, "h": 236}, "FileName": "2007_04270448-Figure4-1subFig-2.png", "PageNo": 4, "Label": "Scatter plot"}, {"boundary": {"y": 707, "x": 649, "w": 112, "h": 176}, "FileName": "2007_04270448-Figure7-1subFig-1.png", "PageNo": 5, "Label": "Graph plots"}, {"boundary": {"y": 241, "x": 131, "w": 110, "h": 178}, "FileName": "2007_04270448-Figure8-1subFig-1.png", "PageNo": 6, "Label": "Graph plots"}]}