{"url": "wget \"http://ieeexplore.ieee.org/stampPDF/getPDF.jsp?tp=&isnumber=&arnumber=4270108\" -O 2007_04270108.pdf", "region": [{"boundary": {"y": 417, "x": 732, "w": 292, "h": 153}, "FileName": "2007_04270108-Figure2-1subFig-1.png", "PageNo": 4, "Label": "Graph plots"}, {"boundary": {"y": 145, "x": 136, "w": 146, "h": 109}, "FileName": "2007_04270108-Figure3-1subFig-1.png", "PageNo": 5, "Label": "Natural images"}, {"boundary": {"y": 145, "x": 288, "w": 147, "h": 109}, "FileName": "2007_04270108-Figure3-1subFig-2.png", "PageNo": 5, "Label": "Natural images"}, {"boundary": {"y": 145, "x": 441, "w": 147, "h": 109}, "FileName": "2007_04270108-Figure3-1subFig-3.png", "PageNo": 5, "Label": "Natural images"}, {"boundary": {"y": 378, "x": 146, "w": 199, "h": 134}, "FileName": "2007_04270108-Figure4-1subFig-1.png", "PageNo": 5, "Label": "Graph plots"}, {"boundary": {"y": 378, "x": 369, "w": 209, "h": 134}, "FileName": "2007_04270108-Figure4-1subFig-2.png", "PageNo": 5, "Label": "Graph plots"}, {"boundary": {"y": 163, "x": 732, "w": 291, "h": 155}, "FileName": "2007_04270108-Figure6-1subFig-1.png", "PageNo": 5, "Label": "Graph plots"}, {"boundary": {"y": 162, "x": 214, "w": 292, "h": 147}, "FileName": "2007_04270108-Figure7-1subFig-1.png", "PageNo": 6, "Label": "Graph plots"}]}