{"url": "wget \"http://ieeexplore.ieee.org/stampPDF/getPDF.jsp?tp=&isnumber=&arnumber=4270009\" -O 2007_04270009.pdf", "region": [{"boundary": {"y": 549, "x": 131, "w": 217, "h": 158}, "FileName": "2007_04270009-Figure2-1subFig-1.png", "PageNo": 5, "Label": "Graph plots"}, {"boundary": {"y": 552, "x": 648, "w": 227, "h": 159}, "FileName": "2007_04270009-Figure4-1subFig-1.png", "PageNo": 5, "Label": "Graph plots"}, {"boundary": {"y": 549, "x": 919, "w": 226, "h": 162}, "FileName": "2007_04270009-Figure4-1subFig-3.png", "PageNo": 5, "Label": "Graph plots"}, {"boundary": {"y": 170, "x": 160, "w": 423, "h": 201}, "FileName": "2007_04270009-Figure8-1subFig-1.png", "PageNo": 7, "Label": "Graph plots"}]}