{"url": "wget \"http://ieeexplore.ieee.org/stampPDF/getPDF.jsp?tp=&isnumber=&arnumber=4270329\" -O 2007_04270329.pdf", "region": [{"boundary": {"y": 1069, "x": 240, "w": 257, "h": 200}, "FileName": "2007_04270329-Figure10-1subFig-1.png", "PageNo": 6, "Label": "Scatter plot"}, {"boundary": {"y": 153, "x": 727, "w": 260, "h": 162}, "FileName": "2007_04270329-Figure4-1subFig-1.png", "PageNo": 2, "Label": "Graph plots"}, {"boundary": {"y": 708, "x": 709, "w": 298, "h": 191}, "FileName": "2007_04270329-Figure5-1subFig-1.png", "PageNo": 2, "Label": "Flow chart"}, {"boundary": {"y": 518, "x": 672, "w": 183, "h": 208}, "FileName": "2007_04270329-Figure7-1subFig-1.png", "PageNo": 5, "Label": "Confusion matrix"}, {"boundary": {"y": 518, "x": 870, "w": 182, "h": 209}, "FileName": "2007_04270329-Figure7-1subFig-2.png", "PageNo": 5, "Label": "Confusion matrix"}, {"boundary": {"y": 180, "x": 184, "w": 438, "h": 202}, "FileName": "2007_04270329-Figure8-1subFig-1.png", "PageNo": 6, "Label": "Confusion matrix"}, {"boundary": {"y": 180, "x": 638, "w": 438, "h": 202}, "FileName": "2007_04270329-Figure8-1subFig-2.png", "PageNo": 6, "Label": "Confusion matrix"}, {"boundary": {"y": 563, "x": 260, "w": 218, "h": 177}, "FileName": "2007_04270329-Figure9-1subFig-1.png", "PageNo": 6, "Label": "Histogram"}]}