{"url": "wget \"http://ieeexplore.ieee.org/stampPDF/getPDF.jsp?tp=&isnumber=&arnumber=4270302\" -O 2007_04270302.pdf", "region": [{"boundary": {"y": 154, "x": 249, "w": 752, "h": 362}, "FileName": "2007_04270302-Figure1-1subFig-1.png", "PageNo": 1, "Label": "Block diagram"}, {"boundary": {"y": 771, "x": 126, "w": 470, "h": 351}, "FileName": "2007_04270302-Figure3-1subFig-1.png", "PageNo": 3, "Label": "Block diagram"}, {"boundary": {"y": 153, "x": 662, "w": 123, "h": 160}, "FileName": "2007_04270302-Figure4-1subFig-1.png", "PageNo": 3, "Label": "3D objects"}, {"boundary": {"y": 1156, "x": 121, "w": 163, "h": 108}, "FileName": "2007_04270302-Figure6-1subFig-1.png", "PageNo": 4, "Label": "3D objects"}, {"boundary": {"y": 155, "x": 126, "w": 476, "h": 336}, "FileName": "2007_04270302-Figure7-1subFig-1.png", "PageNo": 5, "Label": "Graph plots"}, {"boundary": {"y": 161, "x": 641, "w": 479, "h": 327}, "FileName": "2007_04270302-Figure8-1subFig-1.png", "PageNo": 5, "Label": "Bar plots"}, {"boundary": {"y": 363, "x": 634, "w": 523, "h": 257}, "FileName": "2007_04270302-Table1-1subFig-1.png", "PageNo": 4, "Label": "Tables"}, {"boundary": {"y": 552, "x": 652, "w": 453, "h": 158}, "FileName": "2007_04270302-Table2-1subFig-1.png", "PageNo": 5, "Label": "Tables"}]}