{"url": "wget \"http://ieeexplore.ieee.org/stampPDF/getPDF.jsp?tp=&isnumber=&arnumber=4270453\" -O 2007_04270453.pdf", "region": [{"boundary": {"y": 132, "x": 645, "w": 232, "h": 232}, "FileName": "2007_04270453-Figure1-1subFig-1.png", "PageNo": 1, "Label": "Flow chart"}, {"boundary": {"y": 132, "x": 880, "w": 146, "h": 232}, "FileName": "2007_04270453-Figure1-1subFig-2.png", "PageNo": 1, "Label": "Flow chart"}, {"boundary": {"y": 300, "x": 138, "w": 227, "h": 155}, "FileName": "2007_04270453-Figure5-1subFig-1.png", "PageNo": 6, "Label": "Graph plots"}, {"boundary": {"y": 298, "x": 398, "w": 227, "h": 156}, "FileName": "2007_04270453-Figure5-1subFig-2.png", "PageNo": 6, "Label": "Graph plots"}, {"boundary": {"y": 150, "x": 166, "w": 290, "h": 223}, "FileName": "2007_04270453-Figure6-1subFig-1.png", "PageNo": 7, "Label": "Graph plots"}, {"boundary": {"y": 150, "x": 479, "w": 288, "h": 223}, "FileName": "2007_04270453-Figure6-1subFig-2.png", "PageNo": 7, "Label": "Graph plots"}]}