{"url": "wget \"http://ieeexplore.ieee.org/stampPDF/getPDF.jsp?tp=&isnumber=&arnumber=4270176\" -O 2007_04270176.pdf", "region": [{"boundary": {"y": 438, "x": 866, "w": 205, "h": 207}, "FileName": "2007_04270176-Figure1-1subFig-2.png", "PageNo": 0, "Label": "Scatter plot"}, {"boundary": {"y": 661, "x": 892, "w": 199, "h": 173}, "FileName": "2007_04270176-Figure1-1subFig-4.png", "PageNo": 0, "Label": "Scatter plot"}, {"boundary": {"y": 870, "x": 107, "w": 506, "h": 353}, "FileName": "2007_04270176-Figure4-1subFig-1.png", "PageNo": 5, "Label": "Graph plots"}]}