{"url": "wget \"http://ieeexplore.ieee.org/stampPDF/getPDF.jsp?tp=&isnumber=&arnumber=4270230\" -O 2007_04270230.pdf", "region": [{"boundary": {"y": 144, "x": 641, "w": 220, "h": 165}, "FileName": "2007_04270230-Figure5-1subFig-1.png", "PageNo": 4, "Label": "Natural images"}, {"boundary": {"y": 144, "x": 863, "w": 220, "h": 165}, "FileName": "2007_04270230-Figure5-1subFig-2.png", "PageNo": 4, "Label": "Natural images"}, {"boundary": {"y": 312, "x": 641, "w": 220, "h": 165}, "FileName": "2007_04270230-Figure5-1subFig-3.png", "PageNo": 4, "Label": "Natural images"}, {"boundary": {"y": 1117, "x": 641, "w": 442, "h": 165}, "FileName": "2007_04270230-Figure7-1subFig-2.png", "PageNo": 4, "Label": "Vector plot"}]}