{"url": "wget \"http://ieeexplore.ieee.org/stampPDF/getPDF.jsp?tp=&isnumber=&arnumber=4270169\" -O 2007_04270169.pdf", "region": [{"boundary": {"y": 429, "x": 112, "w": 241, "h": 208}, "FileName": "2007_04270169-Figure10-1subFig-1.png", "PageNo": 5, "Label": "Graph plots"}, {"boundary": {"y": 429, "x": 358, "w": 229, "h": 208}, "FileName": "2007_04270169-Figure10-1subFig-2.png", "PageNo": 5, "Label": "Graph plots"}, {"boundary": {"y": 923, "x": 144, "w": 939, "h": 399}, "FileName": "2007_04270169-Figure13-1subFig-13.png", "PageNo": 6, "Label": "Heat map"}, {"boundary": {"y": 150, "x": 158, "w": 352, "h": 278}, "FileName": "2007_04270169-Figure14-1subFig-1.png", "PageNo": 7, "Label": "Graph plots"}, {"boundary": {"y": 473, "x": 631, "w": 218, "h": 179}, "FileName": "2007_04270169-Figure4-1subFig-1.png", "PageNo": 3, "Label": "Histogram"}, {"boundary": {"y": 473, "x": 877, "w": 218, "h": 179}, "FileName": "2007_04270169-Figure4-1subFig-2.png", "PageNo": 3, "Label": "Histogram"}, {"boundary": {"y": 763, "x": 630, "w": 237, "h": 208}, "FileName": "2007_04270169-Figure5-1subFig-1.png", "PageNo": 3, "Label": "Graph plots"}, {"boundary": {"y": 763, "x": 875, "w": 220, "h": 208}, "FileName": "2007_04270169-Figure5-1subFig-2.png", "PageNo": 3, "Label": "Graph plots"}, {"boundary": {"y": 152, "x": 137, "w": 195, "h": 224}, "FileName": "2007_04270169-Figure6-1subFig-1.png", "PageNo": 4, "Label": "Medical images"}, {"boundary": {"y": 390, "x": 137, "w": 195, "h": 281}, "FileName": "2007_04270169-Figure6-1subFig-2.png", "PageNo": 4, "Label": "Medical images"}, {"boundary": {"y": 152, "x": 356, "w": 196, "h": 224}, "FileName": "2007_04270169-Figure6-1subFig-3.png", "PageNo": 4, "Label": "Medical images"}, {"boundary": {"y": 390, "x": 356, "w": 196, "h": 282}, "FileName": "2007_04270169-Figure6-1subFig-4.png", "PageNo": 4, "Label": "Medical images"}, {"boundary": {"y": 144, "x": 122, "w": 212, "h": 176}, "FileName": "2007_04270169-Figure9-1subFig-1.png", "PageNo": 5, "Label": "Histogram"}]}