{"url": "wget \"http://ieeexplore.ieee.org/stampPDF/getPDF.jsp?tp=&isnumber=&arnumber=4270017\" -O 2007_04270017.pdf", "region": [{"boundary": {"y": 404, "x": 125, "w": 478, "h": 169}, "FileName": "2007_04270017-Figure4-1subFig-7.png", "PageNo": 6, "Label": "Graph plots"}, {"boundary": {"y": 288, "x": 124, "w": 154, "h": 106}, "FileName": "2007_04270017-Figure6-1subFig-2.png", "PageNo": 7, "Label": "Natural images"}, {"boundary": {"y": 160, "x": 287, "w": 153, "h": 123}, "FileName": "2007_04270017-Figure6-1subFig-3.png", "PageNo": 7, "Label": "Natural images"}, {"boundary": {"y": 160, "x": 449, "w": 154, "h": 123}, "FileName": "2007_04270017-Figure6-1subFig-5.png", "PageNo": 7, "Label": "Natural images"}, {"boundary": {"y": 288, "x": 449, "w": 154, "h": 106}, "FileName": "2007_04270017-Figure6-1subFig-6.png", "PageNo": 7, "Label": "Natural images"}, {"boundary": {"y": 404, "x": 124, "w": 480, "h": 113}, "FileName": "2007_04270017-Figure6-1subFig-7.png", "PageNo": 7, "Label": "Graph plots"}, {"boundary": {"y": 594, "x": 632, "w": 479, "h": 106}, "FileName": "2007_04270017-Figure7-1subFig-10.png", "PageNo": 7, "Label": "Graph plots"}]}