{"url": "wget \"http://ieeexplore.ieee.org/stampPDF/getPDF.jsp?tp=&isnumber=&arnumber=4270264\" -O 2007_04270264.pdf", "region": [{"boundary": {"y": 631, "x": 346, "w": 191, "h": 179}, "FileName": "2007_04270264-Figure1-1subFig-2.png", "PageNo": 1, "Label": "Graph plots"}, {"boundary": {"y": 393, "x": 617, "w": 489, "h": 110}, "FileName": "2007_04270264-Figure2-1subFig-1.png", "PageNo": 1, "Label": "Block diagram"}, {"boundary": {"y": 360, "x": 174, "w": 330, "h": 140}, "FileName": "2007_04270264-Figure3-1subFig-1.png", "PageNo": 2, "Label": "Flow chart"}, {"boundary": {"y": 166, "x": 641, "w": 217, "h": 185}, "FileName": "2007_04270264-Figure4-1subFig-1.png", "PageNo": 4, "Label": "Graph plots"}, {"boundary": {"y": 152, "x": 780, "w": 160, "h": 120}, "FileName": "2007_04270264-Figure6-1subFig-2.png", "PageNo": 5, "Label": "Natural images"}, {"boundary": {"y": 152, "x": 942, "w": 161, "h": 120}, "FileName": "2007_04270264-Figure6-1subFig-3.png", "PageNo": 5, "Label": "Natural images"}, {"boundary": {"y": 282, "x": 618, "w": 160, "h": 120}, "FileName": "2007_04270264-Figure6-1subFig-4.png", "PageNo": 5, "Label": "Natural images"}, {"boundary": {"y": 470, "x": 868, "w": 231, "h": 207}, "FileName": "2007_04270264-Figure7-1subFig-2.png", "PageNo": 5, "Label": "Graph plots"}, {"boundary": {"y": 323, "x": 118, "w": 219, "h": 164}, "FileName": "2007_04270264-Figure8-1subFig-1.png", "PageNo": 6, "Label": "Natural images"}, {"boundary": {"y": 840, "x": 262, "w": 160, "h": 120}, "FileName": "2007_04270264-Figure9-1subFig-2.png", "PageNo": 6, "Label": "Natural images"}, {"boundary": {"y": 1009, "x": 617, "w": 511, "h": 149}, "FileName": "2007_04270264-Table2-1subFig-1.png", "PageNo": 5, "Label": "Tables"}, {"boundary": {"y": 440, "x": 617, "w": 501, "h": 146}, "FileName": "2007_04270264-Table3-1subFig-1.png", "PageNo": 6, "Label": "Tables"}]}