{"url": "wget \"http://ieeexplore.ieee.org/stampPDF/getPDF.jsp?tp=&isnumber=&arnumber=4270181\" -O 2007_04270181.pdf", "region": [{"boundary": {"y": 251, "x": 182, "w": 419, "h": 325}, "FileName": "2007_04270181-Figure10-1subFig-1.png", "PageNo": 6, "Label": "Graph plots"}, {"boundary": {"y": 151, "x": 829, "w": 301, "h": 408}, "FileName": "2007_04270181-Figure6-1subFig-2.png", "PageNo": 3, "Label": "Flow chart"}, {"boundary": {"y": 144, "x": 212, "w": 888, "h": 60}, "FileName": "2007_04270181-Table1-1subFig-1.png", "PageNo": 5, "Label": "Bar plots"}]}