{"url": "wget \"http://ieeexplore.ieee.org/stampPDF/getPDF.jsp?tp=&isnumber=&arnumber=4270087\" -O 2007_04270087.pdf", "region": [{"boundary": {"y": 144, "x": 358, "w": 222, "h": 201}, "FileName": "2007_04270087-Figure1-1subFig-2.png", "PageNo": 5, "Label": "Graph plots"}, {"boundary": {"y": 144, "x": 737, "w": 241, "h": 201}, "FileName": "2007_04270087-Figure2-1subFig-1.png", "PageNo": 5, "Label": "Graph plots"}, {"boundary": {"y": 662, "x": 905, "w": 189, "h": 215}, "FileName": "2007_04270087-Figure3-1subFig-3.png", "PageNo": 6, "Label": "Graph plots"}, {"boundary": {"y": 144, "x": 106, "w": 155, "h": 124}, "FileName": "2007_04270087-Figure5-1subFig-1.png", "PageNo": 7, "Label": "Natural images"}, {"boundary": {"y": 144, "x": 278, "w": 156, "h": 124}, "FileName": "2007_04270087-Figure5-1subFig-2.png", "PageNo": 7, "Label": "Natural images"}, {"boundary": {"y": 144, "x": 450, "w": 156, "h": 124}, "FileName": "2007_04270087-Figure5-1subFig-3.png", "PageNo": 7, "Label": "Natural images"}, {"boundary": {"y": 145, "x": 99, "w": 1031, "h": 188}, "FileName": "2007_04270087-Table1-1subFig-1.png", "PageNo": 6, "Label": "Tables"}]}