{"url": "wget \"http://ieeexplore.ieee.org/stampPDF/getPDF.jsp?tp=&isnumber=&arnumber=4270051\" -O 2007_04270051.pdf", "region": [{"boundary": {"y": 153, "x": 622, "w": 221, "h": 187}, "FileName": "2007_04270051-Figure3-1subFig-1.png", "PageNo": 3, "Label": "Bar plots"}, {"boundary": {"y": 150, "x": 869, "w": 226, "h": 189}, "FileName": "2007_04270051-Figure3-1subFig-2.png", "PageNo": 3, "Label": "Scatter plot"}, {"boundary": {"y": 150, "x": 377, "w": 212, "h": 198}, "FileName": "2007_04270051-Figure5-1subFig-2.png", "PageNo": 5, "Label": "Scatter plot"}]}