{"url": "wget \"http://ieeexplore.ieee.org/stampPDF/getPDF.jsp?tp=&isnumber=&arnumber=4270238\" -O 2007_04270238.pdf", "region": [{"boundary": {"y": 441, "x": 658, "w": 415, "h": 347}, "FileName": "2007_04270238-Figure1-1subFig-1.png", "PageNo": 0, "Label": "Graph plots"}, {"boundary": {"y": 144, "x": 369, "w": 164, "h": 217}, "FileName": "2007_04270238-Figure3-1subFig-2.png", "PageNo": 2, "Label": "Sketches"}, {"boundary": {"y": 144, "x": 752, "w": 207, "h": 217}, "FileName": "2007_04270238-Figure3-1subFig-4.png", "PageNo": 2, "Label": "Sketches"}, {"boundary": {"y": 148, "x": 102, "w": 483, "h": 181}, "FileName": "2007_04270238-Figure4-1subFig-1.png", "PageNo": 3, "Label": "Graph plots"}, {"boundary": {"y": 144, "x": 618, "w": 240, "h": 240}, "FileName": "2007_04270238-Figure6-1subFig-1.png", "PageNo": 4, "Label": "Sketches"}, {"boundary": {"y": 146, "x": 153, "w": 273, "h": 285}, "FileName": "2007_04270238-Figure8-1subFig-1.png", "PageNo": 7, "Label": "Graph plots"}, {"boundary": {"y": 457, "x": 153, "w": 273, "h": 285}, "FileName": "2007_04270238-Figure8-1subFig-2.png", "PageNo": 7, "Label": "Graph plots"}, {"boundary": {"y": 769, "x": 153, "w": 273, "h": 284}, "FileName": "2007_04270238-Figure8-1subFig-3.png", "PageNo": 7, "Label": "Graph plots"}, {"boundary": {"y": 1081, "x": 153, "w": 273, "h": 284}, "FileName": "2007_04270238-Figure8-1subFig-4.png", "PageNo": 7, "Label": "Graph plots"}, {"boundary": {"y": 342, "x": 846, "w": 259, "h": 270}, "FileName": "2007_04270238-Figure9-1subFig-2.png", "PageNo": 5, "Label": "Graph plots"}, {"boundary": {"y": 144, "x": 657, "w": 402, "h": 133}, "FileName": "2007_04270238-Table1-1subFig-1.png", "PageNo": 5, "Label": "Tables"}]}