{"url": "wget \"http://ieeexplore.ieee.org/stampPDF/getPDF.jsp?tp=&isnumber=&arnumber=4270394\" -O 2007_04270394.pdf", "region": [{"boundary": {"y": 192, "x": 130, "w": 326, "h": 114}, "FileName": "2007_04270394-Figure4-1subFig-4.png", "PageNo": 2, "Label": "Sketches"}, {"boundary": {"y": 85, "x": 191, "w": 429, "h": 313}, "FileName": "2007_04270394-Figure9-1subFig-1.png", "PageNo": 6, "Label": "Graph plots"}, {"boundary": {"y": 88, "x": 629, "w": 414, "h": 310}, "FileName": "2007_04270394-Figure9-1subFig-2.png", "PageNo": 6, "Label": "Graph plots"}]}