{"url": "wget \"http://ieeexplore.ieee.org/stampPDF/getPDF.jsp?tp=&isnumber=&arnumber=4587480\" -O 2008_04587480.pdf", "region": [{"boundary": {"y": 454, "x": 803, "w": 160, "h": 112}, "FileName": "2008_04587480-Figure1-1subFig-2.png", "PageNo": 0, "Label": "Medical images"}, {"boundary": {"y": 131, "x": 672, "w": 120, "h": 149}, "FileName": "2008_04587480-Figure10-1subFig-1.png", "PageNo": 6, "Label": "Medical images"}, {"boundary": {"y": 285, "x": 672, "w": 120, "h": 150}, "FileName": "2008_04587480-Figure10-1subFig-2.png", "PageNo": 6, "Label": "Medical images"}, {"boundary": {"y": 131, "x": 800, "w": 120, "h": 149}, "FileName": "2008_04587480-Figure10-1subFig-3.png", "PageNo": 6, "Label": "Medical images"}, {"boundary": {"y": 285, "x": 800, "w": 120, "h": 150}, "FileName": "2008_04587480-Figure10-1subFig-4.png", "PageNo": 6, "Label": "Medical images"}, {"boundary": {"y": 131, "x": 928, "w": 120, "h": 149}, "FileName": "2008_04587480-Figure10-1subFig-5.png", "PageNo": 6, "Label": "Medical images"}, {"boundary": {"y": 285, "x": 928, "w": 121, "h": 150}, "FileName": "2008_04587480-Figure10-1subFig-6.png", "PageNo": 6, "Label": "Medical images"}, {"boundary": {"y": 166, "x": 353, "w": 193, "h": 73}, "FileName": "2008_04587480-Figure4-1subFig-2.png", "PageNo": 4, "Label": "Graph plots"}, {"boundary": {"y": 132, "x": 644, "w": 436, "h": 129}, "FileName": "2008_04587480-Figure6-1subFig-1.png", "PageNo": 4, "Label": "Flow chart"}, {"boundary": {"y": 136, "x": 129, "w": 431, "h": 119}, "FileName": "2008_04587480-Figure8-1subFig-1.png", "PageNo": 6, "Label": "Graph plots"}, {"boundary": {"y": 265, "x": 128, "w": 432, "h": 119}, "FileName": "2008_04587480-Figure8-1subFig-2.png", "PageNo": 6, "Label": "Graph plots"}, {"boundary": {"y": 390, "x": 134, "w": 420, "h": 128}, "FileName": "2008_04587480-Figure8-1subFig-3.png", "PageNo": 6, "Label": "Graph plots"}, {"boundary": {"y": 526, "x": 167, "w": 387, "h": 116}, "FileName": "2008_04587480-Figure8-1subFig-4.png", "PageNo": 6, "Label": "Graph plots"}, {"boundary": {"y": 726, "x": 111, "w": 467, "h": 76}, "FileName": "2008_04587480-Figure9-1subFig-1.png", "PageNo": 6, "Label": "Medical images"}, {"boundary": {"y": 129, "x": 617, "w": 484, "h": 200}, "FileName": "2008_04587480-Table1-1subFig-1.png", "PageNo": 5, "Label": "Tables"}]}