{"url": "wget \"http://ieeexplore.ieee.org/stampPDF/getPDF.jsp?tp=&isnumber=&arnumber=4587753\" -O 2008_04587753.pdf", "region": [{"boundary": {"y": 125, "x": 121, "w": 258, "h": 149}, "FileName": "2008_04587753-Figure10-1subFig-1.png", "PageNo": 6, "Label": "Graph plots"}, {"boundary": {"y": 122, "x": 639, "w": 237, "h": 181}, "FileName": "2008_04587753-Figure12-1subFig-1.png", "PageNo": 6, "Label": "Graph plots"}, {"boundary": {"y": 122, "x": 883, "w": 239, "h": 181}, "FileName": "2008_04587753-Figure12-1subFig-2.png", "PageNo": 6, "Label": "Graph plots"}, {"boundary": {"y": 121, "x": 121, "w": 259, "h": 117}, "FileName": "2008_04587753-Figure13-1subFig-1.png", "PageNo": 7, "Label": "Graph plots"}, {"boundary": {"y": 123, "x": 387, "w": 217, "h": 115}, "FileName": "2008_04587753-Figure13-1subFig-2.png", "PageNo": 7, "Label": "Graph plots"}, {"boundary": {"y": 244, "x": 121, "w": 263, "h": 125}, "FileName": "2008_04587753-Figure13-1subFig-3.png", "PageNo": 7, "Label": "Graph plots"}, {"boundary": {"y": 244, "x": 390, "w": 214, "h": 126}, "FileName": "2008_04587753-Figure13-1subFig-4.png", "PageNo": 7, "Label": "Graph plots"}, {"boundary": {"y": 375, "x": 123, "w": 260, "h": 139}, "FileName": "2008_04587753-Figure13-1subFig-5.png", "PageNo": 7, "Label": "Graph plots"}, {"boundary": {"y": 376, "x": 389, "w": 215, "h": 138}, "FileName": "2008_04587753-Figure13-1subFig-6.png", "PageNo": 7, "Label": "Graph plots"}, {"boundary": {"y": 124, "x": 653, "w": 141, "h": 124}, "FileName": "2008_04587753-Figure2-1subFig-1.png", "PageNo": 1, "Label": "Sketches"}, {"boundary": {"y": 316, "x": 748, "w": 256, "h": 144}, "FileName": "2008_04587753-Figure9-1subFig-1.png", "PageNo": 5, "Label": "Graph plots"}]}