{"url": "wget \"http://ieeexplore.ieee.org/stampPDF/getPDF.jsp?tp=&isnumber=&arnumber=4587763\" -O 2008_04587763.pdf", "region": [{"boundary": {"y": 302, "x": 648, "w": 237, "h": 233}, "FileName": "2008_04587763-Figure10-1subFig-1.png", "PageNo": 6, "Label": "Graph plots"}, {"boundary": {"y": 122, "x": 718, "w": 282, "h": 223}, "FileName": "2008_04587763-Figure11-1subFig-1.png", "PageNo": 7, "Label": "Graph plots"}, {"boundary": {"y": 494, "x": 238, "w": 252, "h": 239}, "FileName": "2008_04587763-Figure5-1subFig-1.png", "PageNo": 2, "Label": "Graph plots"}, {"boundary": {"y": 385, "x": 124, "w": 258, "h": 213}, "FileName": "2008_04587763-Figure6-1subFig-2.png", "PageNo": 3, "Label": "Natural images"}, {"boundary": {"y": 391, "x": 408, "w": 224, "h": 207}, "FileName": "2008_04587763-Figure6-1subFig-6.png", "PageNo": 3, "Label": "Natural images"}, {"boundary": {"y": 391, "x": 658, "w": 224, "h": 208}, "FileName": "2008_04587763-Figure6-1subFig-10.png", "PageNo": 3, "Label": "Natural images"}, {"boundary": {"y": 391, "x": 908, "w": 224, "h": 207}, "FileName": "2008_04587763-Figure6-1subFig-14.png", "PageNo": 3, "Label": "Natural images"}, {"boundary": {"y": 122, "x": 921, "w": 222, "h": 226}, "FileName": "2008_04587763-Figure7-1subFig-4.png", "PageNo": 4, "Label": "Heat map"}, {"boundary": {"y": 123, "x": 469, "w": 317, "h": 261}, "FileName": "2008_04587763-Figure8-1subFig-2.png", "PageNo": 5, "Label": "Sketches"}, {"boundary": {"y": 122, "x": 818, "w": 318, "h": 262}, "FileName": "2008_04587763-Figure8-1subFig-3.png", "PageNo": 5, "Label": "Sketches"}, {"boundary": {"y": 145, "x": 180, "w": 340, "h": 316}, "FileName": "2008_04587763-Figure9-1subFig-1.png", "PageNo": 6, "Label": "Graph plots"}]}