{"url": "wget \"http://ieeexplore.ieee.org/stampPDF/getPDF.jsp?tp=&isnumber=&arnumber=4587612\" -O 2008_04587612.pdf", "region": [{"boundary": {"y": 445, "x": 352, "w": 232, "h": 192}, "FileName": "2008_04587612-Figure3-1subFig-2.png", "PageNo": 5, "Label": "Scatter plot"}, {"boundary": {"y": 132, "x": 791, "w": 146, "h": 117}, "FileName": "2008_04587612-Figure5-1subFig-5.png", "PageNo": 5, "Label": "Scatter plot"}, {"boundary": {"y": 502, "x": 791, "w": 146, "h": 118}, "FileName": "2008_04587612-Figure5-1subFig-8.png", "PageNo": 5, "Label": "Scatter plot"}, {"boundary": {"y": 132, "x": 950, "w": 146, "h": 117}, "FileName": "2008_04587612-Figure5-1subFig-9.png", "PageNo": 5, "Label": "Scatter plot"}, {"boundary": {"y": 254, "x": 950, "w": 146, "h": 119}, "FileName": "2008_04587612-Figure5-1subFig-10.png", "PageNo": 5, "Label": "Scatter plot"}, {"boundary": {"y": 377, "x": 950, "w": 146, "h": 119}, "FileName": "2008_04587612-Figure5-1subFig-11.png", "PageNo": 5, "Label": "Scatter plot"}, {"boundary": {"y": 503, "x": 950, "w": 146, "h": 117}, "FileName": "2008_04587612-Figure5-1subFig-12.png", "PageNo": 5, "Label": "Scatter plot"}]}