{"url": "wget \"http://ieeexplore.ieee.org/stampPDF/getPDF.jsp?tp=&isnumber=&arnumber=4587358\" -O 2008_04587358.pdf", "region": [{"boundary": {"y": 144, "x": 99, "w": 499, "h": 424}, "FileName": "2008_04587358-Figure1-1subFig-1.png", "PageNo": 1, "Label": "Medical images"}, {"boundary": {"y": 144, "x": 112, "w": 237, "h": 190}, "FileName": "2008_04587358-Figure2-1subFig-1.png", "PageNo": 2, "Label": "Medical images"}, {"boundary": {"y": 149, "x": 353, "w": 238, "h": 185}, "FileName": "2008_04587358-Figure2-1subFig-2.png", "PageNo": 2, "Label": "Medical images"}, {"boundary": {"y": 342, "x": 112, "w": 237, "h": 190}, "FileName": "2008_04587358-Figure2-1subFig-3.png", "PageNo": 2, "Label": "Medical images"}, {"boundary": {"y": 348, "x": 353, "w": 238, "h": 184}, "FileName": "2008_04587358-Figure2-1subFig-4.png", "PageNo": 2, "Label": "Medical images"}, {"boundary": {"y": 540, "x": 112, "w": 237, "h": 190}, "FileName": "2008_04587358-Figure2-1subFig-5.png", "PageNo": 2, "Label": "Medical images"}, {"boundary": {"y": 546, "x": 353, "w": 238, "h": 184}, "FileName": "2008_04587358-Figure2-1subFig-6.png", "PageNo": 2, "Label": "Medical images"}, {"boundary": {"y": 738, "x": 112, "w": 237, "h": 190}, "FileName": "2008_04587358-Figure2-1subFig-7.png", "PageNo": 2, "Label": "Medical images"}, {"boundary": {"y": 166, "x": 152, "w": 207, "h": 176}, "FileName": "2008_04587358-Figure4-1subFig-1.png", "PageNo": 7, "Label": "Medical images"}, {"boundary": {"y": 145, "x": 387, "w": 235, "h": 197}, "FileName": "2008_04587358-Figure4-1subFig-2.png", "PageNo": 7, "Label": "Medical images"}, {"boundary": {"y": 145, "x": 624, "w": 193, "h": 197}, "FileName": "2008_04587358-Figure4-1subFig-3.png", "PageNo": 7, "Label": "Medical images"}, {"boundary": {"y": 168, "x": 847, "w": 227, "h": 174}, "FileName": "2008_04587358-Figure4-1subFig-4.png", "PageNo": 7, "Label": "Medical images"}, {"boundary": {"y": 375, "x": 150, "w": 211, "h": 175}, "FileName": "2008_04587358-Figure4-1subFig-5.png", "PageNo": 7, "Label": "Medical images"}, {"boundary": {"y": 352, "x": 392, "w": 224, "h": 198}, "FileName": "2008_04587358-Figure4-1subFig-6.png", "PageNo": 7, "Label": "Medical images"}, {"boundary": {"y": 353, "x": 621, "w": 201, "h": 197}, "FileName": "2008_04587358-Figure4-1subFig-7.png", "PageNo": 7, "Label": "Medical images"}, {"boundary": {"y": 376, "x": 855, "w": 213, "h": 174}, "FileName": "2008_04587358-Figure4-1subFig-8.png", "PageNo": 7, "Label": "Medical images"}, {"boundary": {"y": 560, "x": 388, "w": 213, "h": 225}, "FileName": "2008_04587358-Figure4-1subFig-10.png", "PageNo": 7, "Label": "3D objects"}, {"boundary": {"y": 585, "x": 859, "w": 204, "h": 201}, "FileName": "2008_04587358-Figure4-1subFig-12.png", "PageNo": 7, "Label": "Medical images"}]}