{"url": "wget \"http://ieeexplore.ieee.org/stampPDF/getPDF.jsp?tp=&isnumber=&arnumber=4587479\" -O 2008_04587479.pdf", "region": [{"boundary": {"y": 484, "x": 651, "w": 194, "h": 265}, "FileName": "2008_04587479-Figure1-1subFig-1.png", "PageNo": 0, "Label": "Natural images"}, {"boundary": {"y": 147, "x": 903, "w": 172, "h": 172}, "FileName": "2008_04587479-Figure3-1subFig-3.png", "PageNo": 3, "Label": "Confusion matrix"}, {"boundary": {"y": 168, "x": 632, "w": 153, "h": 216}, "FileName": "2008_04587479-Figure6-1subFig-1.png", "PageNo": 5, "Label": "Scatter plot"}, {"boundary": {"y": 168, "x": 815, "w": 122, "h": 216}, "FileName": "2008_04587479-Figure6-1subFig-2.png", "PageNo": 5, "Label": "Scatter plot"}, {"boundary": {"y": 440, "x": 667, "w": 389, "h": 291}, "FileName": "2008_04587479-Figure7-1subFig-2.png", "PageNo": 6, "Label": "Natural images"}, {"boundary": {"y": 769, "x": 715, "w": 191, "h": 183}, "FileName": "2008_04587479-Figure7-1subFig-3.png", "PageNo": 6, "Label": "Scatter plot"}, {"boundary": {"y": 822, "x": 909, "w": 104, "h": 112}, "FileName": "2008_04587479-Figure7-1subFig-4.png", "PageNo": 6, "Label": "Scatter plot"}, {"boundary": {"y": 144, "x": 673, "w": 374, "h": 196}, "FileName": "2008_04587479-Table1-1subFig-1.png", "PageNo": 4, "Label": "Confusion matrix"}, {"boundary": {"y": 354, "x": 673, "w": 374, "h": 196}, "FileName": "2008_04587479-Table1-1subFig-2.png", "PageNo": 4, "Label": "Confusion matrix"}, {"boundary": {"y": 144, "x": 106, "w": 232, "h": 116}, "FileName": "2008_04587479-Table2-1subFig-1.png", "PageNo": 6, "Label": "Confusion matrix"}, {"boundary": {"y": 144, "x": 346, "w": 238, "h": 116}, "FileName": "2008_04587479-Table2-1subFig-2.png", "PageNo": 6, "Label": "Confusion matrix"}]}