{"url": "wget \"http://ieeexplore.ieee.org/stampPDF/getPDF.jsp?tp=&isnumber=&arnumber=4587624\" -O 2008_04587624.pdf", "region": [{"boundary": {"y": 168, "x": 120, "w": 309, "h": 224}, "FileName": "2008_04587624-Figure3-1subFig-1.png", "PageNo": 6, "Label": "Graph plots"}, {"boundary": {"y": 165, "x": 452, "w": 306, "h": 226}, "FileName": "2008_04587624-Figure3-1subFig-2.png", "PageNo": 6, "Label": "Graph plots"}, {"boundary": {"y": 165, "x": 797, "w": 326, "h": 226}, "FileName": "2008_04587624-Figure3-1subFig-3.png", "PageNo": 6, "Label": "Graph plots"}, {"boundary": {"y": 484, "x": 770, "w": 321, "h": 291}, "FileName": "2008_04587624-Figure5-1subFig-1.png", "PageNo": 6, "Label": "Bar plots"}]}