{"url": "wget \"http://ieeexplore.ieee.org/stampPDF/getPDF.jsp?tp=&isnumber=&arnumber=4587815\" -O 2008_04587815.pdf", "region": [{"boundary": {"y": 658, "x": 403, "w": 222, "h": 215}, "FileName": "2008_04587815-Figure1-1subFig-2.png", "PageNo": 5, "Label": "Graph plots"}, {"boundary": {"y": 658, "x": 672, "w": 221, "h": 215}, "FileName": "2008_04587815-Figure1-1subFig-3.png", "PageNo": 5, "Label": "Graph plots"}, {"boundary": {"y": 956, "x": 135, "w": 223, "h": 215}, "FileName": "2008_04587815-Figure2-1subFig-1.png", "PageNo": 5, "Label": "Graph plots"}, {"boundary": {"y": 956, "x": 403, "w": 226, "h": 215}, "FileName": "2008_04587815-Figure2-1subFig-2.png", "PageNo": 5, "Label": "Graph plots"}, {"boundary": {"y": 956, "x": 672, "w": 223, "h": 215}, "FileName": "2008_04587815-Figure2-1subFig-3.png", "PageNo": 5, "Label": "Graph plots"}, {"boundary": {"y": 956, "x": 940, "w": 222, "h": 215}, "FileName": "2008_04587815-Figure2-1subFig-4.png", "PageNo": 5, "Label": "Graph plots"}, {"boundary": {"y": 125, "x": 135, "w": 225, "h": 215}, "FileName": "2008_04587815-Figure3-1subFig-1.png", "PageNo": 6, "Label": "Graph plots"}, {"boundary": {"y": 125, "x": 403, "w": 226, "h": 215}, "FileName": "2008_04587815-Figure3-1subFig-2.png", "PageNo": 6, "Label": "Graph plots"}, {"boundary": {"y": 125, "x": 672, "w": 225, "h": 215}, "FileName": "2008_04587815-Figure3-1subFig-3.png", "PageNo": 6, "Label": "Graph plots"}, {"boundary": {"y": 125, "x": 940, "w": 225, "h": 215}, "FileName": "2008_04587815-Figure3-1subFig-4.png", "PageNo": 6, "Label": "Graph plots"}, {"boundary": {"y": 417, "x": 135, "w": 223, "h": 215}, "FileName": "2008_04587815-Figure4-1subFig-1.png", "PageNo": 6, "Label": "Graph plots"}, {"boundary": {"y": 417, "x": 403, "w": 224, "h": 215}, "FileName": "2008_04587815-Figure4-1subFig-2.png", "PageNo": 6, "Label": "Graph plots"}, {"boundary": {"y": 417, "x": 672, "w": 223, "h": 215}, "FileName": "2008_04587815-Figure4-1subFig-3.png", "PageNo": 6, "Label": "Graph plots"}, {"boundary": {"y": 417, "x": 940, "w": 223, "h": 215}, "FileName": "2008_04587815-Figure4-1subFig-4.png", "PageNo": 6, "Label": "Graph plots"}]}