{"url": "wget \"http://ieeexplore.ieee.org/stampPDF/getPDF.jsp?tp=&isnumber=&arnumber=4587513\" -O 2008_04587513.pdf", "region": [{"boundary": {"y": 342, "x": 365, "w": 152, "h": 114}, "FileName": "2008_04587513-Figure1-1subFig-3.png", "PageNo": 3, "Label": "Mask"}, {"boundary": {"y": 342, "x": 544, "w": 153, "h": 114}, "FileName": "2008_04587513-Figure1-1subFig-6.png", "PageNo": 3, "Label": "Mask"}, {"boundary": {"y": 95, "x": 459, "w": 152, "h": 114}, "FileName": "2008_04587513-Figure2-1subFig-3.png", "PageNo": 4, "Label": "Natural images"}, {"boundary": {"y": 95, "x": 365, "w": 152, "h": 114}, "FileName": "2008_04587513-Figure3-1subFig-1.png", "PageNo": 6, "Label": "Natural images"}]}