{"url": "wget \"http://ieeexplore.ieee.org/stampPDF/getPDF.jsp?tp=&isnumber=&arnumber=4587400\" -O 2008_04587400.pdf", "region": [{"boundary": {"y": 488, "x": 640, "w": 117, "h": 118}, "FileName": "2008_04587400-Figure1-1subFig-1.png", "PageNo": 0, "Label": "Vector plot"}, {"boundary": {"y": 488, "x": 764, "w": 117, "h": 118}, "FileName": "2008_04587400-Figure1-1subFig-2.png", "PageNo": 0, "Label": "Vector plot"}, {"boundary": {"y": 488, "x": 888, "w": 117, "h": 118}, "FileName": "2008_04587400-Figure1-1subFig-3.png", "PageNo": 0, "Label": "Vector plot"}, {"boundary": {"y": 617, "x": 640, "w": 115, "h": 195}, "FileName": "2008_04587400-Figure1-1subFig-5.png", "PageNo": 0, "Label": "Vector plot"}, {"boundary": {"y": 640, "x": 764, "w": 115, "h": 172}, "FileName": "2008_04587400-Figure1-1subFig-6.png", "PageNo": 0, "Label": "Vector plot"}, {"boundary": {"y": 640, "x": 888, "w": 115, "h": 172}, "FileName": "2008_04587400-Figure1-1subFig-7.png", "PageNo": 0, "Label": "Vector plot"}, {"boundary": {"y": 618, "x": 1012, "w": 115, "h": 194}, "FileName": "2008_04587400-Figure1-1subFig-8.png", "PageNo": 0, "Label": "Vector plot"}, {"boundary": {"y": 94, "x": 129, "w": 452, "h": 312}, "FileName": "2008_04587400-Figure2-1subFig-1.png", "PageNo": 3, "Label": "Vector plot"}, {"boundary": {"y": 97, "x": 122, "w": 112, "h": 135}, "FileName": "2008_04587400-Figure3-1subFig-1.png", "PageNo": 4, "Label": "Vector plot"}, {"boundary": {"y": 97, "x": 242, "w": 111, "h": 135}, "FileName": "2008_04587400-Figure3-1subFig-2.png", "PageNo": 4, "Label": "Vector plot"}, {"boundary": {"y": 96, "x": 480, "w": 174, "h": 137}, "FileName": "2008_04587400-Figure3-1subFig-4.png", "PageNo": 4, "Label": "Vector plot"}, {"boundary": {"y": 250, "x": 166, "w": 173, "h": 164}, "FileName": "2008_04587400-Figure3-1subFig-5.png", "PageNo": 4, "Label": "Graph plots"}, {"boundary": {"y": 248, "x": 369, "w": 173, "h": 166}, "FileName": "2008_04587400-Figure3-1subFig-6.png", "PageNo": 4, "Label": "Graph plots"}, {"boundary": {"y": 430, "x": 166, "w": 173, "h": 162}, "FileName": "2008_04587400-Figure3-1subFig-7.png", "PageNo": 4, "Label": "Graph plots"}, {"boundary": {"y": 430, "x": 369, "w": 173, "h": 162}, "FileName": "2008_04587400-Figure3-1subFig-8.png", "PageNo": 4, "Label": "Graph plots"}]}