{"url": "wget \"http://ieeexplore.ieee.org/stampPDF/getPDF.jsp?tp=&isnumber=&arnumber=4587673\" -O 2008_04587673.pdf", "region": [{"boundary": {"y": 336, "x": 292, "w": 303, "h": 218}, "FileName": "2008_04587673-Figure5-1subFig-13.png", "PageNo": 5, "Label": "Graph plots"}, {"boundary": {"y": 334, "x": 658, "w": 303, "h": 221}, "FileName": "2008_04587673-Figure5-1subFig-14.png", "PageNo": 5, "Label": "Bar plots"}, {"boundary": {"y": 94, "x": 273, "w": 138, "h": 235}, "FileName": "2008_04587673-Figure7-1subFig-2.png", "PageNo": 6, "Label": "Natural images"}, {"boundary": {"y": 450, "x": 882, "w": 220, "h": 146}, "FileName": "2008_04587673-Figure8-1subFig-2.png", "PageNo": 6, "Label": "Natural images"}]}