{"url": "wget \"http://ieeexplore.ieee.org/stampPDF/getPDF.jsp?tp=&isnumber=&arnumber=4587657\" -O 2008_04587657.pdf", "region": [{"boundary": {"y": 173, "x": 188, "w": 466, "h": 328}, "FileName": "2008_04587657-Figure3-1subFig-1.png", "PageNo": 2, "Label": "Scatter plot"}, {"boundary": {"y": 167, "x": 662, "w": 454, "h": 339}, "FileName": "2008_04587657-Figure3-1subFig-2.png", "PageNo": 2, "Label": "Scatter plot"}, {"boundary": {"y": 790, "x": 230, "w": 790, "h": 231}, "FileName": "2008_04587657-Figure6-1subFig-1.png", "PageNo": 5, "Label": "Bar plots"}, {"boundary": {"y": 192, "x": 164, "w": 530, "h": 228}, "FileName": "2008_04587657-Figure7-1subFig-1.png", "PageNo": 6, "Label": "Graph plots"}, {"boundary": {"y": 217, "x": 727, "w": 436, "h": 204}, "FileName": "2008_04587657-Figure7-1subFig-2.png", "PageNo": 6, "Label": "Graph plots"}, {"boundary": {"y": 487, "x": 187, "w": 456, "h": 194}, "FileName": "2008_04587657-Figure7-1subFig-3.png", "PageNo": 6, "Label": "Graph plots"}]}