{"url": "wget \"http://ieeexplore.ieee.org/stampPDF/getPDF.jsp?tp=&isnumber=&arnumber=4587654\" -O 2008_04587654.pdf", "region": [{"boundary": {"y": 419, "x": 892, "w": 216, "h": 196}, "FileName": "2008_04587654-Figure1-1subFig-2.png", "PageNo": 0, "Label": "Graph plots"}, {"boundary": {"y": 109, "x": 388, "w": 226, "h": 205}, "FileName": "2008_04587654-Figure5-1subFig-2.png", "PageNo": 6, "Label": "Graph plots"}, {"boundary": {"y": 116, "x": 888, "w": 217, "h": 198}, "FileName": "2008_04587654-Figure5-1subFig-4.png", "PageNo": 6, "Label": "Graph plots"}]}