{"url": "wget \"http://ieeexplore.ieee.org/stampPDF/getPDF.jsp?tp=&isnumber=&arnumber=4587554\" -O 2008_04587554.pdf", "region": [{"boundary": {"y": 285, "x": 650, "w": 430, "h": 133}, "FileName": "2008_04587554-Figure1-1subFig-2.png", "PageNo": 2, "Label": "Block diagram"}, {"boundary": {"y": 153, "x": 359, "w": 204, "h": 176}, "FileName": "2008_04587554-Figure3-1subFig-2.png", "PageNo": 4, "Label": "Graph plots"}, {"boundary": {"y": 353, "x": 130, "w": 205, "h": 174}, "FileName": "2008_04587554-Figure3-1subFig-3.png", "PageNo": 4, "Label": "Graph plots"}, {"boundary": {"y": 144, "x": 681, "w": 358, "h": 204}, "FileName": "2008_04587554-Figure5-1subFig-1.png", "PageNo": 5, "Label": "Bar plots"}, {"boundary": {"y": 145, "x": 164, "w": 358, "h": 233}, "FileName": "2008_04587554-Figure6-1subFig-1.png", "PageNo": 6, "Label": "Graph plots"}]}