{"url": "wget \"http://ieeexplore.ieee.org/stampPDF/getPDF.jsp?tp=&isnumber=&arnumber=4587632\" -O 2008_04587632.pdf", "region": [{"boundary": {"y": 163, "x": 208, "w": 347, "h": 299}, "FileName": "2008_04587632-Figure1-1subFig-1.png", "PageNo": 2, "Label": "Scatter plot"}, {"boundary": {"y": 145, "x": 102, "w": 231, "h": 158}, "FileName": "2008_04587632-Figure2-1subFig-1.png", "PageNo": 5, "Label": "Bar plots"}, {"boundary": {"y": 145, "x": 373, "w": 305, "h": 233}, "FileName": "2008_04587632-Figure4-1subFig-2.png", "PageNo": 7, "Label": "Bar plots"}, {"boundary": {"y": 145, "x": 709, "w": 398, "h": 230}, "FileName": "2008_04587632-Figure4-1subFig-3.png", "PageNo": 7, "Label": "Bar plots"}]}