{"url": "wget \"http://ieeexplore.ieee.org/stampPDF/getPDF.jsp?tp=&isnumber=&arnumber=4587484\" -O 2008_04587484.pdf", "region": [{"boundary": {"y": 146, "x": 109, "w": 229, "h": 188}, "FileName": "2008_04587484-Figure12-1subFig-1.png", "PageNo": 6, "Label": "Scatter plot"}, {"boundary": {"y": 159, "x": 350, "w": 256, "h": 207}, "FileName": "2008_04587484-Figure12-1subFig-2.png", "PageNo": 6, "Label": "Scatter plot"}, {"boundary": {"y": 392, "x": 109, "w": 228, "h": 256}, "FileName": "2008_04587484-Figure12-1subFig-3.png", "PageNo": 6, "Label": "Scatter plot"}, {"boundary": {"y": 403, "x": 350, "w": 251, "h": 209}, "FileName": "2008_04587484-Figure12-1subFig-4.png", "PageNo": 6, "Label": "Scatter plot"}, {"boundary": {"y": 415, "x": 653, "w": 205, "h": 205}, "FileName": "2008_04587484-Figure13-1subFig-1.png", "PageNo": 6, "Label": "Medical images"}, {"boundary": {"y": 871, "x": 653, "w": 205, "h": 206}, "FileName": "2008_04587484-Figure14-1subFig-1.png", "PageNo": 6, "Label": "Medical images"}, {"boundary": {"y": 871, "x": 864, "w": 205, "h": 206}, "FileName": "2008_04587484-Figure14-1subFig-2.png", "PageNo": 6, "Label": "Medical images"}, {"boundary": {"y": 664, "x": 653, "w": 204, "h": 173}, "FileName": "2008_04587484-Figure5-1subFig-1.png", "PageNo": 3, "Label": "Graph plots"}, {"boundary": {"y": 663, "x": 869, "w": 205, "h": 174}, "FileName": "2008_04587484-Figure5-1subFig-2.png", "PageNo": 3, "Label": "Graph plots"}, {"boundary": {"y": 153, "x": 869, "w": 206, "h": 164}, "FileName": "2008_04587484-Figure7-1subFig-2.png", "PageNo": 4, "Label": "Medical images"}, {"boundary": {"y": 340, "x": 653, "w": 205, "h": 163}, "FileName": "2008_04587484-Figure7-1subFig-3.png", "PageNo": 4, "Label": "Medical images"}, {"boundary": {"y": 340, "x": 869, "w": 206, "h": 163}, "FileName": "2008_04587484-Figure7-1subFig-4.png", "PageNo": 4, "Label": "Medical images"}, {"boundary": {"y": 631, "x": 655, "w": 417, "h": 164}, "FileName": "2008_04587484-Figure8-1subFig-1.png", "PageNo": 4, "Label": "Medical images"}, {"boundary": {"y": 818, "x": 655, "w": 417, "h": 164}, "FileName": "2008_04587484-Figure8-1subFig-2.png", "PageNo": 4, "Label": "Medical images"}, {"boundary": {"y": 1006, "x": 655, "w": 417, "h": 164}, "FileName": "2008_04587484-Figure8-1subFig-3.png", "PageNo": 4, "Label": "Medical images"}, {"boundary": {"y": 643, "x": 137, "w": 205, "h": 206}, "FileName": "2008_04587484-Figure9-1subFig-3.png", "PageNo": 5, "Label": "Medical images"}, {"boundary": {"y": 643, "x": 353, "w": 206, "h": 206}, "FileName": "2008_04587484-Figure9-1subFig-4.png", "PageNo": 5, "Label": "Medical images"}]}