{"url": "wget \"http://ieeexplore.ieee.org/stampPDF/getPDF.jsp?tp=&isnumber=&arnumber=4587466\" -O 2008_04587466.pdf", "region": [{"boundary": {"y": 109, "x": 191, "w": 337, "h": 191}, "FileName": "2008_04587466-Figure4-1subFig-1.png", "PageNo": 2, "Label": "Block diagram"}, {"boundary": {"y": 100, "x": 161, "w": 400, "h": 129}, "FileName": "2008_04587466-Figure5-1subFig-1.png", "PageNo": 3, "Label": "Sketches"}, {"boundary": {"y": 94, "x": 649, "w": 462, "h": 212}, "FileName": "2008_04587466-Figure7-1subFig-1.png", "PageNo": 4, "Label": "Graph plots"}]}