{"url": "wget \"http://ieeexplore.ieee.org/stampPDF/getPDF.jsp?tp=&isnumber=&arnumber=4587587\" -O 2008_04587587.pdf", "region": [{"boundary": {"y": 258, "x": 877, "w": 161, "h": 104}, "FileName": "2008_04587587-Figure10-1subFig-5.png", "PageNo": 7, "Label": "Natural images"}, {"boundary": {"y": 359, "x": 615, "w": 242, "h": 202}, "FileName": "2008_04587587-Figure7-1subFig-1.png", "PageNo": 4, "Label": "Graph plots"}, {"boundary": {"y": 360, "x": 870, "w": 242, "h": 201}, "FileName": "2008_04587587-Figure7-1subFig-2.png", "PageNo": 4, "Label": "Graph plots"}]}