{"url": "wget \"http://ieeexplore.ieee.org/stampPDF/getPDF.jsp?tp=&isnumber=&arnumber=4587435\" -O 2008_04587435.pdf", "region": [{"boundary": {"y": 146, "x": 115, "w": 336, "h": 224}, "FileName": "2008_04587435-Figure3-1subFig-1.png", "PageNo": 4, "Label": "Graph plots"}, {"boundary": {"y": 383, "x": 115, "w": 336, "h": 199}, "FileName": "2008_04587435-Figure3-1subFig-4.png", "PageNo": 4, "Label": "Graph plots"}, {"boundary": {"y": 383, "x": 460, "w": 326, "h": 199}, "FileName": "2008_04587435-Figure3-1subFig-5.png", "PageNo": 4, "Label": "Graph plots"}, {"boundary": {"y": 594, "x": 115, "w": 348, "h": 200}, "FileName": "2008_04587435-Figure3-1subFig-7.png", "PageNo": 4, "Label": "Graph plots"}, {"boundary": {"y": 806, "x": 115, "w": 348, "h": 236}, "FileName": "2008_04587435-Figure3-1subFig-8.png", "PageNo": 4, "Label": "Graph plots"}, {"boundary": {"y": 804, "x": 804, "w": 329, "h": 238}, "FileName": "2008_04587435-Figure3-1subFig-12.png", "PageNo": 4, "Label": "Graph plots"}, {"boundary": {"y": 1096, "x": 100, "w": 254, "h": 223}, "FileName": "2008_04587435-Figure4-1subFig-1.png", "PageNo": 4, "Label": "Graph plots"}, {"boundary": {"y": 1096, "x": 357, "w": 255, "h": 221}, "FileName": "2008_04587435-Figure4-1subFig-2.png", "PageNo": 4, "Label": "Graph plots"}, {"boundary": {"y": 1096, "x": 615, "w": 255, "h": 223}, "FileName": "2008_04587435-Figure4-1subFig-3.png", "PageNo": 4, "Label": "Graph plots"}, {"boundary": {"y": 1096, "x": 873, "w": 254, "h": 224}, "FileName": "2008_04587435-Figure4-1subFig-4.png", "PageNo": 4, "Label": "Graph plots"}]}