{"url": "wget \"http://ieeexplore.ieee.org/stampPDF/getPDF.jsp?tp=&isnumber=&arnumber=4587372\" -O 2008_04587372.pdf", "region": [{"boundary": {"y": 147, "x": 192, "w": 295, "h": 287}, "FileName": "2008_04587372-Figure3-1subFig-1.png", "PageNo": 4, "Label": "Confusion matrix"}, {"boundary": {"y": 144, "x": 738, "w": 119, "h": 156}, "FileName": "2008_04587372-Figure4-1subFig-2.png", "PageNo": 4, "Label": "Natural images"}, {"boundary": {"y": 144, "x": 984, "w": 119, "h": 155}, "FileName": "2008_04587372-Figure4-1subFig-4.png", "PageNo": 4, "Label": "Natural images"}, {"boundary": {"y": 379, "x": 192, "w": 293, "h": 233}, "FileName": "2008_04587372-Figure6-1subFig-1.png", "PageNo": 5, "Label": "Graph plots"}, {"boundary": {"y": 162, "x": 102, "w": 486, "h": 211}, "FileName": "2008_04587372-Table1-1subFig-1.png", "PageNo": 5, "Label": "Tables"}]}