{"url": "wget \"http://ieeexplore.ieee.org/stampPDF/getPDF.jsp?tp=&isnumber=&arnumber=4587739\" -O 2008_04587739.pdf", "region": [{"boundary": {"y": 127, "x": 687, "w": 384, "h": 304}, "FileName": "2008_04587739-Figure3-1subFig-1.png", "PageNo": 4, "Label": "Graph plots"}, {"boundary": {"y": 128, "x": 169, "w": 383, "h": 301}, "FileName": "2008_04587739-Figure7-1subFig-1.png", "PageNo": 6, "Label": "Graph plots"}, {"boundary": {"y": 464, "x": 675, "w": 409, "h": 318}, "FileName": "2008_04587739-Figure9-1subFig-1.png", "PageNo": 6, "Label": "Graph plots"}]}