{"url": "wget \"http://ieeexplore.ieee.org/stampPDF/getPDF.jsp?tp=&isnumber=&arnumber=4587395\" -O 2008_04587395.pdf", "region": [{"boundary": {"y": 163, "x": 174, "w": 432, "h": 335}, "FileName": "2008_04587395-Figure1-1subFig-1.png", "PageNo": 1, "Label": "Medical images"}, {"boundary": {"y": 520, "x": 175, "w": 430, "h": 333}, "FileName": "2008_04587395-Figure1-1subFig-3.png", "PageNo": 1, "Label": "Vector plot"}, {"boundary": {"y": 145, "x": 190, "w": 303, "h": 238}, "FileName": "2008_04587395-Figure2-1subFig-1.png", "PageNo": 4, "Label": "Graph plots"}, {"boundary": {"y": 170, "x": 623, "w": 405, "h": 339}, "FileName": "2008_04587395-Figure5-1subFig-2.png", "PageNo": 6, "Label": "Graph plots"}, {"boundary": {"y": 145, "x": 617, "w": 500, "h": 160}, "FileName": "2008_04587395-Table1-1subFig-1.png", "PageNo": 5, "Label": "Tables"}, {"boundary": {"y": 309, "x": 617, "w": 500, "h": 139}, "FileName": "2008_04587395-Table1-1subFig-2.png", "PageNo": 5, "Label": "Tables"}, {"boundary": {"y": 452, "x": 617, "w": 500, "h": 139}, "FileName": "2008_04587395-Table1-1subFig-3.png", "PageNo": 5, "Label": "Tables"}]}