{"url": "wget \"http://ieeexplore.ieee.org/stampPDF/getPDF.jsp?tp=&isnumber=&arnumber=4587734\" -O 2008_04587734.pdf", "region": [{"boundary": {"y": 266, "x": 170, "w": 305, "h": 291}, "FileName": "2008_04587734-Figure4-1subFig-1.png", "PageNo": 3, "Label": "Sketches"}, {"boundary": {"y": 440, "x": 625, "w": 247, "h": 231}, "FileName": "2008_04587734-Figure6-1subFig-1.png", "PageNo": 4, "Label": "Confusion matrix"}, {"boundary": {"y": 682, "x": 625, "w": 247, "h": 288}, "FileName": "2008_04587734-Figure6-1subFig-2.png", "PageNo": 4, "Label": "Confusion matrix"}, {"boundary": {"y": 440, "x": 884, "w": 214, "h": 231}, "FileName": "2008_04587734-Figure6-1subFig-3.png", "PageNo": 4, "Label": "Confusion matrix"}, {"boundary": {"y": 166, "x": 648, "w": 413, "h": 329}, "FileName": "2008_04587734-Figure9-1subFig-1.png", "PageNo": 5, "Label": "Graph plots"}]}