{"url": "wget \"http://ieeexplore.ieee.org/stampPDF/getPDF.jsp?tp=&isnumber=&arnumber=4587643\" -O 2008_04587643.pdf", "region": [{"boundary": {"y": 508, "x": 867, "w": 226, "h": 237}, "FileName": "2008_04587643-Figure1-1subFig-2.png", "PageNo": 0, "Label": "Natural images"}, {"boundary": {"y": 577, "x": 642, "w": 442, "h": 220}, "FileName": "2008_04587643-Figure5-1subFig-1.png", "PageNo": 3, "Label": "Graph plots"}, {"boundary": {"y": 621, "x": 169, "w": 414, "h": 386}, "FileName": "2008_04587643-Figure6-1subFig-2.png", "PageNo": 5, "Label": "Natural images"}, {"boundary": {"y": 1045, "x": 380, "w": 226, "h": 221}, "FileName": "2008_04587643-Figure7-1subFig-2.png", "PageNo": 5, "Label": "Natural images"}]}