{"url": "wget \"http://ieeexplore.ieee.org/stampPDF/getPDF.jsp?tp=&isnumber=&arnumber=4587842\" -O 2008_04587842.pdf", "region": [{"boundary": {"y": 165, "x": 806, "w": 162, "h": 122}, "FileName": "2008_04587842-Figure11-1subFig-2.png", "PageNo": 6, "Label": "Heat map"}, {"boundary": {"y": 298, "x": 806, "w": 162, "h": 121}, "FileName": "2008_04587842-Figure11-1subFig-5.png", "PageNo": 6, "Label": "Heat map"}, {"boundary": {"y": 123, "x": 379, "w": 203, "h": 186}, "FileName": "2008_04587842-Figure12-1subFig-2.png", "PageNo": 7, "Label": "Mask"}, {"boundary": {"y": 315, "x": 305, "w": 102, "h": 203}, "FileName": "2008_04587842-Figure12-1subFig-4.png", "PageNo": 7, "Label": "Natural images"}, {"boundary": {"y": 315, "x": 463, "w": 109, "h": 203}, "FileName": "2008_04587842-Figure12-1subFig-5.png", "PageNo": 7, "Label": "Natural images"}, {"boundary": {"y": 1114, "x": 636, "w": 178, "h": 134}, "FileName": "2008_04587842-Figure8-1subFig-1.png", "PageNo": 5, "Label": "Natural images"}]}