{"url": "wget \"http://ieeexplore.ieee.org/stampPDF/getPDF.jsp?tp=&isnumber=&arnumber=4587665\" -O 2008_04587665.pdf", "region": [{"boundary": {"y": 145, "x": 157, "w": 371, "h": 245}, "FileName": "2008_04587665-Figure1-1subFig-1.png", "PageNo": 5, "Label": "Graph plots"}, {"boundary": {"y": 146, "x": 178, "w": 337, "h": 213}, "FileName": "2008_04587665-Figure5-1subFig-1.png", "PageNo": 6, "Label": "Graph plots"}, {"boundary": {"y": 146, "x": 176, "w": 331, "h": 183}, "FileName": "2008_04587665-Figure7-1subFig-1.png", "PageNo": 7, "Label": "Bar plots"}, {"boundary": {"y": 338, "x": 177, "w": 331, "h": 186}, "FileName": "2008_04587665-Figure7-1subFig-2.png", "PageNo": 7, "Label": "Bar plots"}, {"boundary": {"y": 533, "x": 177, "w": 331, "h": 185}, "FileName": "2008_04587665-Figure7-1subFig-3.png", "PageNo": 7, "Label": "Bar plots"}, {"boundary": {"y": 881, "x": 99, "w": 492, "h": 218}, "FileName": "2008_04587665-Table1-1subFig-1.png", "PageNo": 6, "Label": "Tables"}]}