{"url": "wget \"http://ieeexplore.ieee.org/stampPDF/getPDF.jsp?tp=&isnumber=&arnumber=4587548\" -O 2008_04587548.pdf", "region": [{"boundary": {"y": 433, "x": 692, "w": 336, "h": 335}, "FileName": "2008_04587548-Figure4-1subFig-2.png", "PageNo": 3, "Label": "Graph plots"}, {"boundary": {"y": 990, "x": 192, "w": 298, "h": 289}, "FileName": "2008_04587548-Figure8-1subFig-2.png", "PageNo": 4, "Label": "Graph plots"}, {"boundary": {"y": 744, "x": 194, "w": 292, "h": 218}, "FileName": "2008_04587548-Figure9-1subFig-1.png", "PageNo": 5, "Label": "Natural images"}, {"boundary": {"y": 975, "x": 196, "w": 290, "h": 230}, "FileName": "2008_04587548-Figure9-1subFig-2.png", "PageNo": 5, "Label": "Scatter plot"}]}