{"url": "wget \"http://ieeexplore.ieee.org/stampPDF/getPDF.jsp?tp=&isnumber=&arnumber=4587810\" -O 2008_04587810.pdf", "region": [{"boundary": {"y": 495, "x": 670, "w": 378, "h": 408}, "FileName": "2008_04587810-Figure1-1subFig-1.png", "PageNo": 0, "Label": "Block diagram"}, {"boundary": {"y": 146, "x": 113, "w": 470, "h": 223}, "FileName": "2008_04587810-Figure2-1subFig-1.png", "PageNo": 1, "Label": "Block diagram"}, {"boundary": {"y": 167, "x": 175, "w": 249, "h": 192}, "FileName": "2008_04587810-Figure3-1subFig-1.png", "PageNo": 4, "Label": "Scatter plot"}, {"boundary": {"y": 569, "x": 657, "w": 400, "h": 291}, "FileName": "2008_04587810-Figure4-1subFig-1.png", "PageNo": 4, "Label": "Heat map"}, {"boundary": {"y": 144, "x": 647, "w": 432, "h": 169}, "FileName": "2008_04587810-Figure6-1subFig-1.png", "PageNo": 5, "Label": "Bar plots"}]}