{"url": "wget \"http://ieeexplore.ieee.org/stampPDF/getPDF.jsp?tp=&isnumber=&arnumber=4587685\" -O 2008_04587685.pdf", "region": [{"boundary": {"y": 177, "x": 133, "w": 294, "h": 189}, "FileName": "2008_04587685-Figure3-1subFig-1.png", "PageNo": 4, "Label": "Sketches"}, {"boundary": {"y": 190, "x": 434, "w": 366, "h": 176}, "FileName": "2008_04587685-Figure3-1subFig-2.png", "PageNo": 4, "Label": "Sketches"}, {"boundary": {"y": 689, "x": 729, "w": 236, "h": 227}, "FileName": "2008_04587685-Figure5-1subFig-10.png", "PageNo": 7, "Label": "Heat map"}]}