{"url": "wget \"http://ieeexplore.ieee.org/stampPDF/getPDF.jsp?tp=&isnumber=&arnumber=5206563\" -O 2009_05206563.pdf", "region": [{"boundary": {"y": 95, "x": 118, "w": 145, "h": 104}, "FileName": "2009_05206563-Figure2-1subFig-1.png", "PageNo": 3, "Label": "Medical images"}, {"boundary": {"y": 95, "x": 270, "w": 104, "h": 104}, "FileName": "2009_05206563-Figure2-1subFig-2.png", "PageNo": 3, "Label": "Medical images"}, {"boundary": {"y": 94, "x": 381, "w": 104, "h": 105}, "FileName": "2009_05206563-Figure2-1subFig-3.png", "PageNo": 3, "Label": "Medical images"}, {"boundary": {"y": 95, "x": 492, "w": 103, "h": 104}, "FileName": "2009_05206563-Figure2-1subFig-4.png", "PageNo": 3, "Label": "Medical images"}, {"boundary": {"y": 602, "x": 635, "w": 117, "h": 145}, "FileName": "2009_05206563-Figure8-1subFig-1.png", "PageNo": 5, "Label": "Medical images"}, {"boundary": {"y": 602, "x": 759, "w": 117, "h": 145}, "FileName": "2009_05206563-Figure8-1subFig-2.png", "PageNo": 5, "Label": "Medical images"}, {"boundary": {"y": 602, "x": 883, "w": 117, "h": 145}, "FileName": "2009_05206563-Figure8-1subFig-3.png", "PageNo": 5, "Label": "Medical images"}, {"boundary": {"y": 602, "x": 1007, "w": 117, "h": 145}, "FileName": "2009_05206563-Figure8-1subFig-4.png", "PageNo": 5, "Label": "Medical images"}, {"boundary": {"y": 249, "x": 369, "w": 126, "h": 175}, "FileName": "2009_05206563-Figure9-1subFig-4.png", "PageNo": 7, "Label": "Medical images"}, {"boundary": {"y": 94, "x": 503, "w": 126, "h": 147}, "FileName": "2009_05206563-Figure9-1subFig-5.png", "PageNo": 7, "Label": "Medical images"}, {"boundary": {"y": 94, "x": 636, "w": 126, "h": 147}, "FileName": "2009_05206563-Figure9-1subFig-6.png", "PageNo": 7, "Label": "Medical images"}, {"boundary": {"y": 94, "x": 770, "w": 126, "h": 147}, "FileName": "2009_05206563-Figure9-1subFig-7.png", "PageNo": 7, "Label": "Medical images"}, {"boundary": {"y": 249, "x": 503, "w": 126, "h": 175}, "FileName": "2009_05206563-Figure9-1subFig-9.png", "PageNo": 7, "Label": "Medical images"}, {"boundary": {"y": 249, "x": 636, "w": 126, "h": 175}, "FileName": "2009_05206563-Figure9-1subFig-10.png", "PageNo": 7, "Label": "Medical images"}, {"boundary": {"y": 249, "x": 770, "w": 126, "h": 175}, "FileName": "2009_05206563-Figure9-1subFig-11.png", "PageNo": 7, "Label": "Medical images"}]}