{"url": "wget \"http://ieeexplore.ieee.org/stampPDF/getPDF.jsp?tp=&isnumber=&arnumber=5206586\" -O 2009_05206586.pdf", "region": [{"boundary": {"y": 1101, "x": 156, "w": 412, "h": 283}, "FileName": "2009_05206586-Figure2-1subFig-1.png", "PageNo": 1, "Label": "Histogram"}, {"boundary": {"y": 961, "x": 129, "w": 229, "h": 389}, "FileName": "2009_05206586-Figure8-1subFig-1.png", "PageNo": 5, "Label": "3D objects"}, {"boundary": {"y": 1185, "x": 652, "w": 456, "h": 183}, "FileName": "2009_05206586-Table1-1subFig-1.png", "PageNo": 5, "Label": "Tables"}]}