{"url": "wget \"http://ieeexplore.ieee.org/stampPDF/getPDF.jsp?tp=&isnumber=&arnumber=5206707\" -O 2009_05206707.pdf", "region": [{"boundary": {"y": 147, "x": 121, "w": 321, "h": 302}, "FileName": "2009_05206707-Figure1-1subFig-1.png", "PageNo": 1, "Label": "Graph plots"}, {"boundary": {"y": 147, "x": 466, "w": 320, "h": 302}, "FileName": "2009_05206707-Figure1-1subFig-2.png", "PageNo": 1, "Label": "Graph plots"}, {"boundary": {"y": 146, "x": 123, "w": 198, "h": 397}, "FileName": "2009_05206707-Figure2-1subFig-1.png", "PageNo": 2, "Label": "Heat map"}, {"boundary": {"y": 146, "x": 888, "w": 244, "h": 162}, "FileName": "2009_05206707-Figure4-1subFig-16.png", "PageNo": 4, "Label": "Mask"}, {"boundary": {"y": 563, "x": 121, "w": 236, "h": 188}, "FileName": "2009_05206707-Figure5-1subFig-1.png", "PageNo": 5, "Label": "Graph plots"}, {"boundary": {"y": 560, "x": 368, "w": 235, "h": 191}, "FileName": "2009_05206707-Figure5-1subFig-2.png", "PageNo": 5, "Label": "Graph plots"}, {"boundary": {"y": 145, "x": 965, "w": 157, "h": 235}, "FileName": "2009_05206707-Figure6-1subFig-7.png", "PageNo": 6, "Label": "Mask"}, {"boundary": {"y": 383, "x": 965, "w": 157, "h": 235}, "FileName": "2009_05206707-Figure6-1subFig-8.png", "PageNo": 6, "Label": "Mask"}, {"boundary": {"y": 621, "x": 965, "w": 157, "h": 235}, "FileName": "2009_05206707-Figure6-1subFig-9.png", "PageNo": 6, "Label": "Mask"}, {"boundary": {"y": 145, "x": 186, "w": 349, "h": 227}, "FileName": "2009_05206707-Table1-1subFig-1.png", "PageNo": 5, "Label": "Tables"}, {"boundary": {"y": 146, "x": 635, "w": 497, "h": 177}, "FileName": "2009_05206707-Table2-1subFig-1.png", "PageNo": 5, "Label": "Tables"}]}