{"url": "wget \"http://ieeexplore.ieee.org/stampPDF/getPDF.jsp?tp=&isnumber=&arnumber=5206515\" -O 2009_05206515.pdf", "region": [{"boundary": {"y": 428, "x": 784, "w": 157, "h": 254}, "FileName": "2009_05206515-Figure1-1subFig-2.png", "PageNo": 0, "Label": "Natural images"}, {"boundary": {"y": 428, "x": 950, "w": 157, "h": 254}, "FileName": "2009_05206515-Figure1-1subFig-3.png", "PageNo": 0, "Label": "Heat map"}, {"boundary": {"y": 708, "x": 268, "w": 154, "h": 109}, "FileName": "2009_05206515-Figure13-1subFig-2.png", "PageNo": 7, "Label": "Natural images"}, {"boundary": {"y": 819, "x": 268, "w": 154, "h": 107}, "FileName": "2009_05206515-Figure13-1subFig-3.png", "PageNo": 7, "Label": "Natural images"}, {"boundary": {"y": 489, "x": 866, "w": 236, "h": 205}, "FileName": "2009_05206515-Figure4-1subFig-2.png", "PageNo": 2, "Label": "Graph plots"}, {"boundary": {"y": 495, "x": 100, "w": 270, "h": 154}, "FileName": "2009_05206515-Figure7-1subFig-5.png", "PageNo": 5, "Label": "Heat map"}, {"boundary": {"y": 495, "x": 896, "w": 232, "h": 155}, "FileName": "2009_05206515-Figure7-1subFig-12.png", "PageNo": 5, "Label": "Heat map"}]}