{"url": "wget \"http://ieeexplore.ieee.org/stampPDF/getPDF.jsp?tp=&isnumber=&arnumber=5206536\" -O 2009_05206536.pdf", "region": [{"boundary": {"y": 481, "x": 607, "w": 238, "h": 216}, "FileName": "2009_05206536-Figure10-1subFig-1.png", "PageNo": 5, "Label": "Graph plots"}, {"boundary": {"y": 481, "x": 859, "w": 238, "h": 216}, "FileName": "2009_05206536-Figure10-1subFig-2.png", "PageNo": 5, "Label": "Graph plots"}, {"boundary": {"y": 145, "x": 288, "w": 184, "h": 284}, "FileName": "2009_05206536-Figure11-1subFig-2.png", "PageNo": 6, "Label": "Graph plots"}, {"boundary": {"y": 145, "x": 476, "w": 184, "h": 284}, "FileName": "2009_05206536-Figure11-1subFig-3.png", "PageNo": 6, "Label": "Graph plots"}, {"boundary": {"y": 145, "x": 664, "w": 183, "h": 284}, "FileName": "2009_05206536-Figure11-1subFig-4.png", "PageNo": 6, "Label": "Graph plots"}, {"boundary": {"y": 595, "x": 168, "w": 335, "h": 199}, "FileName": "2009_05206536-Figure7-1subFig-1.png", "PageNo": 4, "Label": "Bar plots"}, {"boundary": {"y": 604, "x": 624, "w": 231, "h": 183}, "FileName": "2009_05206536-Figure8-1subFig-1.png", "PageNo": 4, "Label": "Graph plots"}, {"boundary": {"y": 594, "x": 860, "w": 231, "h": 193}, "FileName": "2009_05206536-Figure8-1subFig-2.png", "PageNo": 4, "Label": "Bar plots"}, {"boundary": {"y": 144, "x": 141, "w": 311, "h": 253}, "FileName": "2009_05206536-Figure9-1subFig-1.png", "PageNo": 5, "Label": "Bar plots"}, {"boundary": {"y": 145, "x": 474, "w": 290, "h": 253}, "FileName": "2009_05206536-Figure9-1subFig-2.png", "PageNo": 5, "Label": "Bar plots"}, {"boundary": {"y": 145, "x": 786, "w": 290, "h": 253}, "FileName": "2009_05206536-Figure9-1subFig-3.png", "PageNo": 5, "Label": "Bar plots"}]}