{"url": "wget \"http://ieeexplore.ieee.org/stampPDF/getPDF.jsp?tp=&isnumber=&arnumber=5206864\" -O 2009_05206864.pdf", "region": [{"boundary": {"y": 145, "x": 131, "w": 306, "h": 245}, "FileName": "2009_05206864-Figure1-1subFig-1.png", "PageNo": 5, "Label": "Graph plots"}, {"boundary": {"y": 145, "x": 461, "w": 305, "h": 244}, "FileName": "2009_05206864-Figure1-1subFig-2.png", "PageNo": 5, "Label": "Graph plots"}, {"boundary": {"y": 145, "x": 790, "w": 306, "h": 245}, "FileName": "2009_05206864-Figure1-1subFig-3.png", "PageNo": 5, "Label": "Graph plots"}]}