{"url": "wget \"http://ieeexplore.ieee.org/stampPDF/getPDF.jsp?tp=&isnumber=&arnumber=5206863\" -O 2009_05206863.pdf", "region": [{"boundary": {"y": 144, "x": 402, "w": 192, "h": 127}, "FileName": "2009_05206863-Figure2-1subFig-2.png", "PageNo": 2, "Label": "Sketches"}, {"boundary": {"y": 144, "x": 644, "w": 193, "h": 128}, "FileName": "2009_05206863-Figure2-1subFig-3.png", "PageNo": 2, "Label": "Sketches"}, {"boundary": {"y": 144, "x": 639, "w": 487, "h": 218}, "FileName": "2009_05206863-Figure5-1subFig-2.png", "PageNo": 5, "Label": "Graph plots"}]}