{"url": "wget \"http://ieeexplore.ieee.org/stampPDF/getPDF.jsp?tp=&isnumber=&arnumber=5206791\" -O 2009_05206791.pdf", "region": [{"boundary": {"y": 157, "x": 172, "w": 138, "h": 145}, "FileName": "2009_05206791-Figure4-1subFig-1.png", "PageNo": 4, "Label": "Confusion matrix"}, {"boundary": {"y": 157, "x": 334, "w": 139, "h": 143}, "FileName": "2009_05206791-Figure4-1subFig-2.png", "PageNo": 4, "Label": "Confusion matrix"}, {"boundary": {"y": 156, "x": 504, "w": 137, "h": 143}, "FileName": "2009_05206791-Figure4-1subFig-3.png", "PageNo": 4, "Label": "Confusion matrix"}, {"boundary": {"y": 156, "x": 667, "w": 137, "h": 144}, "FileName": "2009_05206791-Figure4-1subFig-4.png", "PageNo": 4, "Label": "Confusion matrix"}, {"boundary": {"y": 156, "x": 831, "w": 152, "h": 165}, "FileName": "2009_05206791-Figure4-1subFig-5.png", "PageNo": 4, "Label": "Confusion matrix"}, {"boundary": {"y": 156, "x": 998, "w": 134, "h": 165}, "FileName": "2009_05206791-Figure4-1subFig-6.png", "PageNo": 4, "Label": "Confusion matrix"}, {"boundary": {"y": 551, "x": 517, "w": 262, "h": 228}, "FileName": "2009_05206791-Figure7-1subFig-1.png", "PageNo": 5, "Label": "Bar plots"}, {"boundary": {"y": 144, "x": 664, "w": 489, "h": 243}, "FileName": "2009_05206791-Table3-1subFig-1.png", "PageNo": 6, "Label": "Confusion matrix"}]}