{"url": "wget \"http://ieeexplore.ieee.org/stampPDF/getPDF.jsp?tp=&isnumber=&arnumber=5206651\" -O 2009_05206651.pdf", "region": [{"boundary": {"y": 128, "x": 112, "w": 475, "h": 233}, "FileName": "2009_05206651-Figure1-1subFig-1.png", "PageNo": 1, "Label": "Graph plots"}, {"boundary": {"y": 145, "x": 121, "w": 305, "h": 233}, "FileName": "2009_05206651-Figure2-1subFig-1.png", "PageNo": 5, "Label": "Graph plots"}, {"boundary": {"y": 383, "x": 121, "w": 305, "h": 233}, "FileName": "2009_05206651-Figure2-1subFig-2.png", "PageNo": 5, "Label": "Graph plots"}, {"boundary": {"y": 145, "x": 479, "w": 306, "h": 233}, "FileName": "2009_05206651-Figure2-1subFig-3.png", "PageNo": 5, "Label": "Graph plots"}, {"boundary": {"y": 383, "x": 479, "w": 306, "h": 233}, "FileName": "2009_05206651-Figure2-1subFig-4.png", "PageNo": 5, "Label": "Graph plots"}, {"boundary": {"y": 145, "x": 837, "w": 306, "h": 233}, "FileName": "2009_05206651-Figure2-1subFig-5.png", "PageNo": 5, "Label": "Graph plots"}, {"boundary": {"y": 383, "x": 837, "w": 306, "h": 233}, "FileName": "2009_05206651-Figure2-1subFig-6.png", "PageNo": 5, "Label": "Graph plots"}, {"boundary": {"y": 148, "x": 123, "w": 296, "h": 225}, "FileName": "2009_05206651-Figure3-1subFig-1.png", "PageNo": 6, "Label": "Graph plots"}, {"boundary": {"y": 145, "x": 484, "w": 298, "h": 231}, "FileName": "2009_05206651-Figure3-1subFig-2.png", "PageNo": 6, "Label": "Bar plots"}, {"boundary": {"y": 145, "x": 837, "w": 303, "h": 231}, "FileName": "2009_05206651-Figure3-1subFig-3.png", "PageNo": 6, "Label": "Histogram"}]}