{"url": "wget \"http://ieeexplore.ieee.org/stampPDF/getPDF.jsp?tp=&isnumber=&arnumber=5206743\" -O 2009_05206743.pdf", "region": [{"boundary": {"y": 556, "x": 131, "w": 196, "h": 146}, "FileName": "2009_05206743-Figure2-1subFig-1.png", "PageNo": 5, "Label": "Natural images"}, {"boundary": {"y": 715, "x": 119, "w": 220, "h": 197}, "FileName": "2009_05206743-Figure2-1subFig-3.png", "PageNo": 5, "Label": "Natural images"}, {"boundary": {"y": 293, "x": 112, "w": 205, "h": 172}, "FileName": "2009_05206743-Figure3-1subFig-3.png", "PageNo": 5, "Label": "Natural images"}, {"boundary": {"y": 293, "x": 322, "w": 205, "h": 172}, "FileName": "2009_05206743-Figure3-1subFig-4.png", "PageNo": 5, "Label": "Natural images"}, {"boundary": {"y": 293, "x": 531, "w": 205, "h": 172}, "FileName": "2009_05206743-Figure3-1subFig-8.png", "PageNo": 5, "Label": "Natural images"}, {"boundary": {"y": 293, "x": 739, "w": 205, "h": 169}, "FileName": "2009_05206743-Figure3-1subFig-9.png", "PageNo": 5, "Label": "Natural images"}, {"boundary": {"y": 293, "x": 947, "w": 205, "h": 169}, "FileName": "2009_05206743-Figure3-1subFig-10.png", "PageNo": 5, "Label": "Natural images"}, {"boundary": {"y": 144, "x": 850, "w": 206, "h": 183}, "FileName": "2009_05206743-Figure6-1subFig-4.png", "PageNo": 7, "Label": "Natural images"}, {"boundary": {"y": 387, "x": 456, "w": 164, "h": 164}, "FileName": "2009_05206743-Figure7-1subFig-5.png", "PageNo": 7, "Label": "Heat map"}, {"boundary": {"y": 387, "x": 799, "w": 164, "h": 164}, "FileName": "2009_05206743-Figure7-1subFig-7.png", "PageNo": 7, "Label": "Heat map"}, {"boundary": {"y": 387, "x": 966, "w": 164, "h": 164}, "FileName": "2009_05206743-Figure7-1subFig-8.png", "PageNo": 7, "Label": "Heat map"}]}