{"url": "wget \"http://ieeexplore.ieee.org/stampPDF/getPDF.jsp?tp=&isnumber=&arnumber=5206808\" -O 2009_05206808.pdf", "region": [{"boundary": {"y": 747, "x": 630, "w": 219, "h": 163}, "FileName": "2009_05206808-Figure1-1subFig-2.png", "PageNo": 0, "Label": "Medical images"}, {"boundary": {"y": 554, "x": 875, "w": 220, "h": 178}, "FileName": "2009_05206808-Figure1-1subFig-4.png", "PageNo": 0, "Label": "Medical images"}, {"boundary": {"y": 740, "x": 880, "w": 209, "h": 170}, "FileName": "2009_05206808-Figure1-1subFig-5.png", "PageNo": 0, "Label": "Medical images"}, {"boundary": {"y": 144, "x": 624, "w": 479, "h": 347}, "FileName": "2009_05206808-Figure4-1subFig-1.png", "PageNo": 2, "Label": "Medical images"}, {"boundary": {"y": 205, "x": 195, "w": 828, "h": 129}, "FileName": "2009_05206808-Table3-1subFig-1.png", "PageNo": 7, "Label": "Tables"}]}