{"url": "wget \"http://ieeexplore.ieee.org/stampPDF/getPDF.jsp?tp=&isnumber=&arnumber=5206638\" -O 2009_05206638.pdf", "region": [{"boundary": {"y": 455, "x": 646, "w": 212, "h": 159}, "FileName": "2009_05206638-Figure1-1subFig-1.png", "PageNo": 0, "Label": "Natural images"}, {"boundary": {"y": 155, "x": 103, "w": 241, "h": 242}, "FileName": "2009_05206638-Figure2-1subFig-1.png", "PageNo": 2, "Label": "Graph plots"}, {"boundary": {"y": 144, "x": 122, "w": 163, "h": 105}, "FileName": "2009_05206638-Figure4-1subFig-1.png", "PageNo": 4, "Label": "Natural images"}, {"boundary": {"y": 144, "x": 398, "w": 163, "h": 105}, "FileName": "2009_05206638-Figure4-1subFig-3.png", "PageNo": 4, "Label": "Natural images"}, {"boundary": {"y": 145, "x": 133, "w": 341, "h": 239}, "FileName": "2009_05206638-Figure5-1subFig-1.png", "PageNo": 5, "Label": "Graph plots"}, {"boundary": {"y": 145, "x": 488, "w": 301, "h": 239}, "FileName": "2009_05206638-Figure5-1subFig-2.png", "PageNo": 5, "Label": "Graph plots"}, {"boundary": {"y": 145, "x": 802, "w": 301, "h": 239}, "FileName": "2009_05206638-Figure5-1subFig-3.png", "PageNo": 5, "Label": "Graph plots"}, {"boundary": {"y": 398, "x": 133, "w": 341, "h": 239}, "FileName": "2009_05206638-Figure5-1subFig-4.png", "PageNo": 5, "Label": "Graph plots"}, {"boundary": {"y": 398, "x": 488, "w": 301, "h": 239}, "FileName": "2009_05206638-Figure5-1subFig-5.png", "PageNo": 5, "Label": "Graph plots"}, {"boundary": {"y": 398, "x": 802, "w": 301, "h": 239}, "FileName": "2009_05206638-Figure5-1subFig-6.png", "PageNo": 5, "Label": "Graph plots"}, {"boundary": {"y": 651, "x": 133, "w": 341, "h": 239}, "FileName": "2009_05206638-Figure5-1subFig-7.png", "PageNo": 5, "Label": "Graph plots"}, {"boundary": {"y": 651, "x": 488, "w": 301, "h": 239}, "FileName": "2009_05206638-Figure5-1subFig-8.png", "PageNo": 5, "Label": "Graph plots"}, {"boundary": {"y": 651, "x": 802, "w": 301, "h": 239}, "FileName": "2009_05206638-Figure5-1subFig-9.png", "PageNo": 5, "Label": "Graph plots"}, {"boundary": {"y": 904, "x": 120, "w": 357, "h": 239}, "FileName": "2009_05206638-Figure5-1subFig-10.png", "PageNo": 5, "Label": "Graph plots"}, {"boundary": {"y": 904, "x": 490, "w": 301, "h": 239}, "FileName": "2009_05206638-Figure5-1subFig-11.png", "PageNo": 5, "Label": "Graph plots"}, {"boundary": {"y": 904, "x": 805, "w": 301, "h": 239}, "FileName": "2009_05206638-Figure5-1subFig-12.png", "PageNo": 5, "Label": "Graph plots"}, {"boundary": {"y": 576, "x": 630, "w": 108, "h": 105}, "FileName": "2009_05206638-Figure8-1subFig-1.png", "PageNo": 6, "Label": "Natural images"}, {"boundary": {"y": 576, "x": 749, "w": 107, "h": 105}, "FileName": "2009_05206638-Figure8-1subFig-2.png", "PageNo": 6, "Label": "Natural images"}]}