{"url": "wget \"http://ieeexplore.ieee.org/stampPDF/getPDF.jsp?tp=&isnumber=&arnumber=5206783\" -O 2009_05206783.pdf", "region": [{"boundary": {"y": 367, "x": 136, "w": 416, "h": 272}, "FileName": "2009_05206783-Figure1-1subFig-2.png", "PageNo": 5, "Label": "Graph plots"}, {"boundary": {"y": 672, "x": 136, "w": 416, "h": 272}, "FileName": "2009_05206783-Figure1-1subFig-3.png", "PageNo": 5, "Label": "Graph plots"}, {"boundary": {"y": 62, "x": 653, "w": 410, "h": 274}, "FileName": "2009_05206783-Figure2-1subFig-1.png", "PageNo": 5, "Label": "Graph plots"}, {"boundary": {"y": 367, "x": 653, "w": 410, "h": 274}, "FileName": "2009_05206783-Figure2-1subFig-2.png", "PageNo": 5, "Label": "Graph plots"}, {"boundary": {"y": 672, "x": 653, "w": 410, "h": 274}, "FileName": "2009_05206783-Figure2-1subFig-3.png", "PageNo": 5, "Label": "Graph plots"}]}