{"url": "wget \"http://ieeexplore.ieee.org/stampPDF/getPDF.jsp?tp=&isnumber=&arnumber=5206740\" -O 2009_05206740.pdf", "region": [{"boundary": {"y": 515, "x": 194, "w": 294, "h": 151}, "FileName": "2009_05206740-Figure4-1subFig-1.png", "PageNo": 6, "Label": "Graph plots"}, {"boundary": {"y": 145, "x": 100, "w": 357, "h": 299}, "FileName": "2009_05206740-Figure5-1subFig-1.png", "PageNo": 6, "Label": "Graph plots"}, {"boundary": {"y": 145, "x": 459, "w": 340, "h": 299}, "FileName": "2009_05206740-Figure5-1subFig-2.png", "PageNo": 6, "Label": "Graph plots"}, {"boundary": {"y": 145, "x": 802, "w": 327, "h": 299}, "FileName": "2009_05206740-Figure5-1subFig-3.png", "PageNo": 6, "Label": "Graph plots"}]}