{"url": "wget \"http://ieeexplore.ieee.org/stampPDF/getPDF.jsp?tp=&isnumber=&arnumber=5206562\" -O 2009_05206562.pdf", "region": [{"boundary": {"y": 155, "x": 680, "w": 355, "h": 190}, "FileName": "2009_05206562-Figure4-1subFig-1.png", "PageNo": 3, "Label": "Graph plots"}, {"boundary": {"y": 306, "x": 350, "w": 237, "h": 211}, "FileName": "2009_05206562-Figure9-1subFig-2.png", "PageNo": 6, "Label": "Natural images"}, {"boundary": {"y": 252, "x": 617, "w": 513, "h": 188}, "FileName": "2009_05206562-Table1-1subFig-1.png", "PageNo": 5, "Label": "Tables"}]}