{"url": "wget \"http://ieeexplore.ieee.org/stampPDF/getPDF.jsp?tp=&isnumber=&arnumber=5206560\" -O 2009_05206560.pdf", "region": [{"boundary": {"y": 170, "x": 757, "w": 299, "h": 201}, "FileName": "2009_05206560-Figure2-1subFig-5.png", "PageNo": 4, "Label": "3D objects"}, {"boundary": {"y": 156, "x": 111, "w": 330, "h": 335}, "FileName": "2009_05206560-Figure3-1subFig-1.png", "PageNo": 5, "Label": "Confusion matrix"}, {"boundary": {"y": 156, "x": 454, "w": 330, "h": 335}, "FileName": "2009_05206560-Figure3-1subFig-2.png", "PageNo": 5, "Label": "Confusion matrix"}, {"boundary": {"y": 156, "x": 797, "w": 331, "h": 335}, "FileName": "2009_05206560-Figure3-1subFig-3.png", "PageNo": 5, "Label": "Confusion matrix"}]}