{"url": "wget \"http://ieeexplore.ieee.org/stampPDF/getPDF.jsp?tp=&isnumber=&arnumber=5206694\" -O 2009_05206694.pdf", "region": [{"boundary": {"y": 149, "x": 155, "w": 452, "h": 375}, "FileName": "2009_05206694-Figure1-1subFig-1.png", "PageNo": 5, "Label": "Graph plots"}, {"boundary": {"y": 544, "x": 155, "w": 452, "h": 442}, "FileName": "2009_05206694-Figure1-1subFig-2.png", "PageNo": 5, "Label": "Graph plots"}, {"boundary": {"y": 204, "x": 694, "w": 338, "h": 285}, "FileName": "2009_05206694-Figure1-1subFig-3.png", "PageNo": 5, "Label": "Tables"}, {"boundary": {"y": 149, "x": 155, "w": 452, "h": 375}, "FileName": "2009_05206694-Figure2-1subFig-1.png", "PageNo": 6, "Label": "Graph plots"}, {"boundary": {"y": 544, "x": 155, "w": 452, "h": 442}, "FileName": "2009_05206694-Figure2-1subFig-2.png", "PageNo": 6, "Label": "Graph plots"}, {"boundary": {"y": 150, "x": 645, "w": 452, "h": 375}, "FileName": "2009_05206694-Figure2-1subFig-3.png", "PageNo": 6, "Label": "Graph plots"}, {"boundary": {"y": 544, "x": 645, "w": 452, "h": 442}, "FileName": "2009_05206694-Figure2-1subFig-4.png", "PageNo": 6, "Label": "Graph plots"}]}