{"url": "wget \"http://ieeexplore.ieee.org/stampPDF/getPDF.jsp?tp=&isnumber=&arnumber=5206529\" -O 2009_05206529.pdf", "region": [{"boundary": {"y": 144, "x": 137, "w": 446, "h": 468}, "FileName": "2009_05206529-Table1-1subFig-1.png", "PageNo": 5, "Label": "Tables"}, {"boundary": {"y": 144, "x": 652, "w": 450, "h": 192}, "FileName": "2009_05206529-Table2-1subFig-1.png", "PageNo": 5, "Label": "Tables"}, {"boundary": {"y": 144, "x": 640, "w": 476, "h": 255}, "FileName": "2009_05206529-Table4-1subFig-1.png", "PageNo": 6, "Label": "Tables"}, {"boundary": {"y": 144, "x": 118, "w": 494, "h": 165}, "FileName": "2009_05206529-Table6-1subFig-1.png", "PageNo": 7, "Label": "Tables"}]}