{"url": "wget \"http://ieeexplore.ieee.org/stampPDF/getPDF.jsp?tp=&isnumber=&arnumber=5206867\" -O 2009_05206867.pdf", "region": [{"boundary": {"y": 468, "x": 744, "w": 173, "h": 130}, "FileName": "2009_05206867-Figure1-1subFig-2.png", "PageNo": 0, "Label": "Natural images"}, {"boundary": {"y": 468, "x": 923, "w": 151, "h": 130}, "FileName": "2009_05206867-Figure1-1subFig-3.png", "PageNo": 0, "Label": "Natural images"}, {"boundary": {"y": 170, "x": 617, "w": 231, "h": 153}, "FileName": "2009_05206867-Figure4-1subFig-1.png", "PageNo": 4, "Label": "Natural images"}, {"boundary": {"y": 840, "x": 176, "w": 154, "h": 233}, "FileName": "2009_05206867-Figure6-1subFig-3.png", "PageNo": 6, "Label": "Natural images"}, {"boundary": {"y": 591, "x": 395, "w": 161, "h": 131}, "FileName": "2009_05206867-Figure7-1subFig-5.png", "PageNo": 7, "Label": "Natural images"}, {"boundary": {"y": 462, "x": 619, "w": 468, "h": 243}, "FileName": "2009_05206867-Table1-1subFig-1.png", "PageNo": 4, "Label": "Tables"}]}