{"url": "wget \"http://ieeexplore.ieee.org/stampPDF/getPDF.jsp?tp=&isnumber=&arnumber=5206516\" -O 2009_05206516.pdf", "region": [{"boundary": {"y": 162, "x": 295, "w": 110, "h": 109}, "FileName": "2009_05206516-Figure1-1subFig-2.png", "PageNo": 2, "Label": "Heat map"}, {"boundary": {"y": 279, "x": 295, "w": 110, "h": 134}, "FileName": "2009_05206516-Figure1-1subFig-5.png", "PageNo": 2, "Label": "Heat map"}, {"boundary": {"y": 162, "x": 127, "w": 450, "h": 89}, "FileName": "2009_05206516-Figure3-1subFig-1.png", "PageNo": 3, "Label": "Heat map"}, {"boundary": {"y": 664, "x": 625, "w": 264, "h": 190}, "FileName": "2009_05206516-Figure6-1subFig-1.png", "PageNo": 4, "Label": "Graph plots"}, {"boundary": {"y": 663, "x": 897, "w": 176, "h": 195}, "FileName": "2009_05206516-Figure6-1subFig-2.png", "PageNo": 4, "Label": "Graph plots"}]}