{"url": "wget \"http://ieeexplore.ieee.org/stampPDF/getPDF.jsp?tp=&isnumber=&arnumber=5206627\" -O 2009_05206627.pdf", "region": [{"boundary": {"y": 299, "x": 152, "w": 276, "h": 258}, "FileName": "2009_05206627-Figure3-1subFig-1.png", "PageNo": 4, "Label": "Graph plots"}, {"boundary": {"y": 299, "x": 487, "w": 275, "h": 258}, "FileName": "2009_05206627-Figure3-1subFig-2.png", "PageNo": 4, "Label": "Graph plots"}, {"boundary": {"y": 299, "x": 821, "w": 275, "h": 258}, "FileName": "2009_05206627-Figure3-1subFig-3.png", "PageNo": 4, "Label": "Graph plots"}, {"boundary": {"y": 147, "x": 695, "w": 354, "h": 299}, "FileName": "2009_05206627-Figure4-1subFig-1.png", "PageNo": 5, "Label": "Graph plots"}, {"boundary": {"y": 821, "x": 695, "w": 358, "h": 300}, "FileName": "2009_05206627-Figure5-1subFig-1.png", "PageNo": 5, "Label": "Graph plots"}, {"boundary": {"y": 214, "x": 169, "w": 362, "h": 299}, "FileName": "2009_05206627-Figure6-1subFig-1.png", "PageNo": 6, "Label": "Graph plots"}, {"boundary": {"y": 146, "x": 741, "w": 295, "h": 243}, "FileName": "2009_05206627-Figure7-1subFig-1.png", "PageNo": 6, "Label": "Graph plots"}, {"boundary": {"y": 145, "x": 188, "w": 329, "h": 282}, "FileName": "2009_05206627-Figure9-1subFig-1.png", "PageNo": 7, "Label": "Scatter plot"}]}