{"url": "wget \"http://ieeexplore.ieee.org/stampPDF/getPDF.jsp?tp=&isnumber=&arnumber=5206664\" -O 2009_05206664.pdf", "region": [{"boundary": {"y": 135, "x": 701, "w": 319, "h": 241}, "FileName": "2009_05206664-Figure1-1subFig-1.png", "PageNo": 2, "Label": "Sketches"}, {"boundary": {"y": 174, "x": 870, "w": 176, "h": 116}, "FileName": "2009_05206664-Figure2-1subFig-2.png", "PageNo": 3, "Label": "Sketches"}, {"boundary": {"y": 267, "x": 435, "w": 208, "h": 148}, "FileName": "2009_05206664-Figure4-1subFig-5.png", "PageNo": 6, "Label": "Graph plots"}, {"boundary": {"y": 146, "x": 665, "w": 215, "h": 188}, "FileName": "2009_05206664-Figure8-1subFig-3.png", "PageNo": 7, "Label": "Scatter plot"}]}