{"url": "wget \"http://ieeexplore.ieee.org/stampPDF/getPDF.jsp?tp=&isnumber=&arnumber=5206837\" -O 2009_05206837.pdf", "region": [{"boundary": {"y": 148, "x": 129, "w": 971, "h": 310}, "FileName": "2009_05206837-Figure1-1subFig-1.png", "PageNo": 1, "Label": "Tables"}, {"boundary": {"y": 144, "x": 104, "w": 482, "h": 235}, "FileName": "2009_05206837-Table1-1subFig-1.png", "PageNo": 4, "Label": "Tables"}, {"boundary": {"y": 144, "x": 108, "w": 327, "h": 237}, "FileName": "2009_05206837-Table2-1subFig-1.png", "PageNo": 5, "Label": "Tables"}, {"boundary": {"y": 144, "x": 451, "w": 327, "h": 254}, "FileName": "2009_05206837-Table2-1subFig-2.png", "PageNo": 5, "Label": "Tables"}, {"boundary": {"y": 144, "x": 794, "w": 327, "h": 263}, "FileName": "2009_05206837-Table2-1subFig-3.png", "PageNo": 5, "Label": "Tables"}]}