{"url": "wget \"http://ieeexplore.ieee.org/stampPDF/getPDF.jsp?tp=&isnumber=&arnumber=5206828\" -O 2009_05206828.pdf", "region": [{"boundary": {"y": 437, "x": 738, "w": 241, "h": 195}, "FileName": "2009_05206828-Figure10-1subFig-1.png", "PageNo": 6, "Label": "Graph plots"}, {"boundary": {"y": 145, "x": 104, "w": 156, "h": 160}, "FileName": "2009_05206828-Figure4-1subFig-1.png", "PageNo": 3, "Label": "Confusion matrix"}, {"boundary": {"y": 145, "x": 267, "w": 155, "h": 160}, "FileName": "2009_05206828-Figure4-1subFig-2.png", "PageNo": 3, "Label": "Confusion matrix"}, {"boundary": {"y": 145, "x": 430, "w": 155, "h": 160}, "FileName": "2009_05206828-Figure4-1subFig-3.png", "PageNo": 3, "Label": "Confusion matrix"}, {"boundary": {"y": 311, "x": 447, "w": 163, "h": 122}, "FileName": "2009_05206828-Figure5-1subFig-11.png", "PageNo": 5, "Label": "Natural images"}, {"boundary": {"y": 800, "x": 715, "w": 192, "h": 144}, "FileName": "2009_05206828-Figure6-1subFig-4.png", "PageNo": 5, "Label": "Natural images"}, {"boundary": {"y": 800, "x": 911, "w": 192, "h": 144}, "FileName": "2009_05206828-Figure6-1subFig-5.png", "PageNo": 5, "Label": "Natural images"}, {"boundary": {"y": 147, "x": 221, "w": 238, "h": 198}, "FileName": "2009_05206828-Figure8-1subFig-1.png", "PageNo": 6, "Label": "Graph plots"}]}