{"url": "wget \"http://ieeexplore.ieee.org/stampPDF/getPDF.jsp?tp=&isnumber=&arnumber=5539876\" -O 2010_05539876.pdf", "region": [{"boundary": {"y": 885, "x": 618, "w": 234, "h": 250}, "FileName": "2010_05539876-Figure2-1subFig-1.png", "PageNo": 2, "Label": "Block diagram"}, {"boundary": {"y": 144, "x": 618, "w": 438, "h": 338}, "FileName": "2010_05539876-Figure3-1subFig-1.png", "PageNo": 3, "Label": "Block diagram"}, {"boundary": {"y": 407, "x": 867, "w": 190, "h": 164}, "FileName": "2010_05539876-Figure6-1subFig-2.png", "PageNo": 5, "Label": "Graph plots"}]}