{"url": "wget \"http://ieeexplore.ieee.org/stampPDF/getPDF.jsp?tp=&isnumber=&arnumber=5540232\" -O 2010_05540232.pdf", "region": [{"boundary": {"y": 207, "x": 100, "w": 295, "h": 278}, "FileName": "2010_05540232-Figure2-1subFig-1.png", "PageNo": 2, "Label": "Flow chart"}, {"boundary": {"y": 170, "x": 407, "w": 183, "h": 315}, "FileName": "2010_05540232-Figure2-1subFig-2.png", "PageNo": 2, "Label": "Sketches"}, {"boundary": {"y": 145, "x": 103, "w": 483, "h": 155}, "FileName": "2010_05540232-Table2-1subFig-1.png", "PageNo": 5, "Label": "Tables"}]}