{"url": "wget \"http://ieeexplore.ieee.org/stampPDF/getPDF.jsp?tp=&isnumber=&arnumber=5540153\" -O 2010_05540153.pdf", "region": [{"boundary": {"y": 140, "x": 633, "w": 230, "h": 120}, "FileName": "2010_05540153-Figure11-1subFig-1.png", "PageNo": 6, "Label": "Graph plots"}, {"boundary": {"y": 264, "x": 633, "w": 230, "h": 138}, "FileName": "2010_05540153-Figure11-1subFig-2.png", "PageNo": 6, "Label": "Graph plots"}, {"boundary": {"y": 140, "x": 869, "w": 230, "h": 120}, "FileName": "2010_05540153-Figure11-1subFig-3.png", "PageNo": 6, "Label": "Graph plots"}, {"boundary": {"y": 264, "x": 869, "w": 230, "h": 138}, "FileName": "2010_05540153-Figure11-1subFig-4.png", "PageNo": 6, "Label": "Graph plots"}, {"boundary": {"y": 341, "x": 996, "w": 132, "h": 167}, "FileName": "2010_05540153-Figure12-1subFig-12.png", "PageNo": 7, "Label": "Heat map"}, {"boundary": {"y": 144, "x": 784, "w": 158, "h": 290}, "FileName": "2010_05540153-Figure3-1subFig-2.png", "PageNo": 2, "Label": "Mask"}]}