{"url": "wget \"http://ieeexplore.ieee.org/stampPDF/getPDF.jsp?tp=&isnumber=&arnumber=5540001\" -O 2010_05540001.pdf", "region": [{"boundary": {"y": 456, "x": 618, "w": 491, "h": 188}, "FileName": "2010_05540001-Figure2-1subFig-1.png", "PageNo": 2, "Label": "Scatter plot"}, {"boundary": {"y": 291, "x": 114, "w": 459, "h": 368}, "FileName": "2010_05540001-Figure4-1subFig-1.png", "PageNo": 7, "Label": "Graph plots"}, {"boundary": {"y": 144, "x": 227, "w": 760, "h": 76}, "FileName": "2010_05540001-Table4-1subFig-1.png", "PageNo": 7, "Label": "Tables"}]}