{"url": "wget \"http://ieeexplore.ieee.org/stampPDF/getPDF.jsp?tp=&isnumber=&arnumber=5539824\" -O 2010_05539824.pdf", "region": [{"boundary": {"y": 964, "x": 780, "w": 153, "h": 167}, "FileName": "2010_05539824-Figure2-1subFig-1.png", "PageNo": 2, "Label": "Sketches"}, {"boundary": {"y": 679, "x": 163, "w": 205, "h": 136}, "FileName": "2010_05539824-Figure8-1subFig-4.png", "PageNo": 7, "Label": "Natural images"}, {"boundary": {"y": 824, "x": 269, "w": 98, "h": 154}, "FileName": "2010_05539824-Figure8-1subFig-6.png", "PageNo": 7, "Label": "Natural images"}, {"boundary": {"y": 1206, "x": 213, "w": 796, "h": 184}, "FileName": "2010_05539824-Table2-1subFig-1.png", "PageNo": 7, "Label": "Tables"}]}