{"url": "wget \"http://ieeexplore.ieee.org/stampPDF/getPDF.jsp?tp=&isnumber=&arnumber=5539969\" -O 2010_05539969.pdf", "region": [{"boundary": {"y": 487, "x": 129, "w": 433, "h": 295}, "FileName": "2010_05539969-Figure5-1subFig-1.png", "PageNo": 5, "Label": "Bar plots"}, {"boundary": {"y": 150, "x": 645, "w": 435, "h": 274}, "FileName": "2010_05539969-Figure6-1subFig-1.png", "PageNo": 5, "Label": "Graph plots"}, {"boundary": {"y": 382, "x": 127, "w": 435, "h": 270}, "FileName": "2010_05539969-Figure7-1subFig-1.png", "PageNo": 6, "Label": "Graph plots"}, {"boundary": {"y": 150, "x": 645, "w": 435, "h": 270}, "FileName": "2010_05539969-Figure8-1subFig-1.png", "PageNo": 6, "Label": "Graph plots"}]}