{"url": "wget \"http://ieeexplore.ieee.org/stampPDF/getPDF.jsp?tp=&isnumber=&arnumber=5540230\" -O 2010_05540230.pdf", "region": [{"boundary": {"y": 147, "x": 118, "w": 184, "h": 166}, "FileName": "2010_05540230-Figure10-1subFig-1.png", "PageNo": 6, "Label": "Graph plots"}, {"boundary": {"y": 147, "x": 328, "w": 174, "h": 166}, "FileName": "2010_05540230-Figure10-1subFig-2.png", "PageNo": 6, "Label": "Graph plots"}, {"boundary": {"y": 147, "x": 531, "w": 176, "h": 166}, "FileName": "2010_05540230-Figure10-1subFig-3.png", "PageNo": 6, "Label": "Graph plots"}, {"boundary": {"y": 147, "x": 734, "w": 174, "h": 166}, "FileName": "2010_05540230-Figure10-1subFig-4.png", "PageNo": 6, "Label": "Graph plots"}, {"boundary": {"y": 147, "x": 937, "w": 176, "h": 166}, "FileName": "2010_05540230-Figure10-1subFig-5.png", "PageNo": 6, "Label": "Graph plots"}, {"boundary": {"y": 685, "x": 622, "w": 482, "h": 276}, "FileName": "2010_05540230-Table1-1subFig-1.png", "PageNo": 5, "Label": "Tables"}]}