{"url": "wget \"http://ieeexplore.ieee.org/stampPDF/getPDF.jsp?tp=&isnumber=&arnumber=5539773\" -O 2010_05539773.pdf", "region": [{"boundary": {"y": 151, "x": 121, "w": 486, "h": 338}, "FileName": "2010_05539773-Figure4-1subFig-1.png", "PageNo": 4, "Label": "Graph plots"}, {"boundary": {"y": 151, "x": 621, "w": 486, "h": 338}, "FileName": "2010_05539773-Figure4-1subFig-2.png", "PageNo": 4, "Label": "Graph plots"}, {"boundary": {"y": 597, "x": 121, "w": 486, "h": 338}, "FileName": "2010_05539773-Figure5-1subFig-1.png", "PageNo": 4, "Label": "Graph plots"}, {"boundary": {"y": 597, "x": 621, "w": 483, "h": 338}, "FileName": "2010_05539773-Figure5-1subFig-2.png", "PageNo": 4, "Label": "Graph plots"}, {"boundary": {"y": 597, "x": 121, "w": 486, "h": 338}, "FileName": "2010_05539773-Figure8-1subFig-1.png", "PageNo": 6, "Label": "Graph plots"}, {"boundary": {"y": 597, "x": 621, "w": 483, "h": 338}, "FileName": "2010_05539773-Figure8-1subFig-2.png", "PageNo": 6, "Label": "Graph plots"}, {"boundary": {"y": 151, "x": 103, "w": 474, "h": 337}, "FileName": "2010_05539773-Figure9-1subFig-1.png", "PageNo": 7, "Label": "Graph plots"}]}