{"url": "wget \"http://ieeexplore.ieee.org/stampPDF/getPDF.jsp?tp=&isnumber=&arnumber=5540218\" -O 2010_05540218.pdf", "region": [{"boundary": {"y": 428, "x": 617, "w": 492, "h": 513}, "FileName": "2010_05540218-Figure1-1subFig-1.png", "PageNo": 0, "Label": "Block diagram"}, {"boundary": {"y": 146, "x": 100, "w": 331, "h": 274}, "FileName": "2010_05540218-Figure4-1subFig-1.png", "PageNo": 5, "Label": "Graph plots"}, {"boundary": {"y": 145, "x": 446, "w": 330, "h": 275}, "FileName": "2010_05540218-Figure4-1subFig-2.png", "PageNo": 5, "Label": "Graph plots"}, {"boundary": {"y": 146, "x": 791, "w": 331, "h": 274}, "FileName": "2010_05540218-Figure4-1subFig-3.png", "PageNo": 5, "Label": "Graph plots"}, {"boundary": {"y": 602, "x": 652, "w": 418, "h": 158}, "FileName": "2010_05540218-Table2-1subFig-1.png", "PageNo": 5, "Label": "Tables"}]}