{"url": "wget \"http://ieeexplore.ieee.org/stampPDF/getPDF.jsp?tp=&isnumber=&arnumber=5540233\" -O 2010_05540233.pdf", "region": [{"boundary": {"y": 157, "x": 120, "w": 197, "h": 243}, "FileName": "2010_05540233-Figure11-1subFig-1.png", "PageNo": 7, "Label": "Graph plots"}, {"boundary": {"y": 572, "x": 120, "w": 197, "h": 194}, "FileName": "2010_05540233-Figure13-1subFig-1.png", "PageNo": 7, "Label": "Graph plots"}, {"boundary": {"y": 144, "x": 792, "w": 136, "h": 165}, "FileName": "2010_05540233-Figure4-1subFig-2.png", "PageNo": 2, "Label": "Heat map"}, {"boundary": {"y": 689, "x": 620, "w": 487, "h": 451}, "FileName": "2010_05540233-Figure6-1subFig-1.png", "PageNo": 3, "Label": "Block diagram"}]}