{"url": "wget \"http://ieeexplore.ieee.org/stampPDF/getPDF.jsp?tp=&isnumber=&arnumber=5540200\" -O 2010_05540200.pdf", "region": [{"boundary": {"y": 145, "x": 104, "w": 1024, "h": 235}, "FileName": "2010_05540200-Figure2-1subFig-1.png", "PageNo": 1, "Label": "Block diagram"}, {"boundary": {"y": 418, "x": 625, "w": 474, "h": 421}, "FileName": "2010_05540200-Figure9-1subFig-1.png", "PageNo": 6, "Label": "Graph plots"}, {"boundary": {"y": 867, "x": 625, "w": 474, "h": 421}, "FileName": "2010_05540200-Figure9-1subFig-2.png", "PageNo": 6, "Label": "Graph plots"}]}