{"url": "wget \"http://ieeexplore.ieee.org/stampPDF/getPDF.jsp?tp=&isnumber=&arnumber=5540195\" -O 2010_05540195.pdf", "region": [{"boundary": {"y": 156, "x": 636, "w": 247, "h": 248}, "FileName": "2010_05540195-Figure4-1subFig-3.png", "PageNo": 4, "Label": "Graph plots"}, {"boundary": {"y": 156, "x": 897, "w": 246, "h": 248}, "FileName": "2010_05540195-Figure4-1subFig-4.png", "PageNo": 4, "Label": "Graph plots"}, {"boundary": {"y": 444, "x": 114, "w": 247, "h": 254}, "FileName": "2010_05540195-Figure4-1subFig-5.png", "PageNo": 4, "Label": "Graph plots"}, {"boundary": {"y": 418, "x": 376, "w": 254, "h": 280}, "FileName": "2010_05540195-Figure4-1subFig-6.png", "PageNo": 4, "Label": "Graph plots"}, {"boundary": {"y": 419, "x": 632, "w": 251, "h": 279}, "FileName": "2010_05540195-Figure4-1subFig-7.png", "PageNo": 4, "Label": "Graph plots"}, {"boundary": {"y": 449, "x": 897, "w": 246, "h": 249}, "FileName": "2010_05540195-Figure4-1subFig-8.png", "PageNo": 4, "Label": "Graph plots"}, {"boundary": {"y": 738, "x": 115, "w": 246, "h": 250}, "FileName": "2010_05540195-Figure4-1subFig-9.png", "PageNo": 4, "Label": "Graph plots"}, {"boundary": {"y": 712, "x": 376, "w": 257, "h": 276}, "FileName": "2010_05540195-Figure4-1subFig-10.png", "PageNo": 4, "Label": "Graph plots"}, {"boundary": {"y": 712, "x": 636, "w": 247, "h": 276}, "FileName": "2010_05540195-Figure4-1subFig-11.png", "PageNo": 4, "Label": "Graph plots"}, {"boundary": {"y": 737, "x": 897, "w": 246, "h": 251}, "FileName": "2010_05540195-Figure4-1subFig-12.png", "PageNo": 4, "Label": "Graph plots"}, {"boundary": {"y": 150, "x": 115, "w": 245, "h": 275}, "FileName": "2010_05540195-Figure5-1subFig-1.png", "PageNo": 5, "Label": "Graph plots"}, {"boundary": {"y": 150, "x": 376, "w": 245, "h": 275}, "FileName": "2010_05540195-Figure5-1subFig-2.png", "PageNo": 5, "Label": "Graph plots"}, {"boundary": {"y": 439, "x": 115, "w": 506, "h": 301}, "FileName": "2010_05540195-Figure5-1subFig-3.png", "PageNo": 5, "Label": "Graph plots"}, {"boundary": {"y": 754, "x": 115, "w": 249, "h": 301}, "FileName": "2010_05540195-Figure5-1subFig-4.png", "PageNo": 5, "Label": "Graph plots"}, {"boundary": {"y": 754, "x": 370, "w": 251, "h": 301}, "FileName": "2010_05540195-Figure5-1subFig-5.png", "PageNo": 5, "Label": "Graph plots"}, {"boundary": {"y": 1070, "x": 115, "w": 255, "h": 358}, "FileName": "2010_05540195-Figure5-1subFig-6.png", "PageNo": 5, "Label": "Graph plots"}, {"boundary": {"y": 1095, "x": 372, "w": 249, "h": 332}, "FileName": "2010_05540195-Figure5-1subFig-7.png", "PageNo": 5, "Label": "Graph plots"}, {"boundary": {"y": 150, "x": 168, "w": 347, "h": 356}, "FileName": "2010_05540195-Figure6-1subFig-1.png", "PageNo": 6, "Label": "Graph plots"}, {"boundary": {"y": 523, "x": 168, "w": 347, "h": 420}, "FileName": "2010_05540195-Figure6-1subFig-2.png", "PageNo": 6, "Label": "Graph plots"}, {"boundary": {"y": 151, "x": 691, "w": 337, "h": 335}, "FileName": "2010_05540195-Figure7-1subFig-1.png", "PageNo": 6, "Label": "Graph plots"}, {"boundary": {"y": 503, "x": 691, "w": 337, "h": 399}, "FileName": "2010_05540195-Figure7-1subFig-2.png", "PageNo": 6, "Label": "Graph plots"}, {"boundary": {"y": 150, "x": 173, "w": 337, "h": 336}, "FileName": "2010_05540195-Figure8-1subFig-1.png", "PageNo": 7, "Label": "Graph plots"}, {"boundary": {"y": 503, "x": 173, "w": 337, "h": 399}, "FileName": "2010_05540195-Figure8-1subFig-2.png", "PageNo": 7, "Label": "Graph plots"}]}