{"url": "wget \"http://ieeexplore.ieee.org/stampPDF/getPDF.jsp?tp=&isnumber=&arnumber=5540012\" -O 2010_05540012.pdf", "region": [{"boundary": {"y": 452, "x": 676, "w": 362, "h": 372}, "FileName": "2010_05540012-Figure2-1subFig-1.png", "PageNo": 4, "Label": "Graph plots"}, {"boundary": {"y": 122, "x": 83, "w": 339, "h": 354}, "FileName": "2010_05540012-Figure3-1subFig-1.png", "PageNo": 5, "Label": "Graph plots"}, {"boundary": {"y": 129, "x": 442, "w": 339, "h": 348}, "FileName": "2010_05540012-Figure3-1subFig-2.png", "PageNo": 5, "Label": "Graph plots"}, {"boundary": {"y": 129, "x": 801, "w": 340, "h": 348}, "FileName": "2010_05540012-Figure3-1subFig-3.png", "PageNo": 5, "Label": "Graph plots"}, {"boundary": {"y": 501, "x": 78, "w": 344, "h": 354}, "FileName": "2010_05540012-Figure4-1subFig-1.png", "PageNo": 5, "Label": "Graph plots"}, {"boundary": {"y": 508, "x": 442, "w": 339, "h": 348}, "FileName": "2010_05540012-Figure4-1subFig-2.png", "PageNo": 5, "Label": "Graph plots"}, {"boundary": {"y": 508, "x": 801, "w": 341, "h": 348}, "FileName": "2010_05540012-Figure4-1subFig-3.png", "PageNo": 5, "Label": "Graph plots"}, {"boundary": {"y": 122, "x": 85, "w": 331, "h": 346}, "FileName": "2010_05540012-Figure6-1subFig-1.png", "PageNo": 7, "Label": "Graph plots"}, {"boundary": {"y": 122, "x": 445, "w": 330, "h": 346}, "FileName": "2010_05540012-Figure6-1subFig-2.png", "PageNo": 7, "Label": "Graph plots"}, {"boundary": {"y": 122, "x": 804, "w": 334, "h": 346}, "FileName": "2010_05540012-Figure6-1subFig-3.png", "PageNo": 7, "Label": "Graph plots"}, {"boundary": {"y": 499, "x": 85, "w": 331, "h": 346}, "FileName": "2010_05540012-Figure7-1subFig-1.png", "PageNo": 7, "Label": "Graph plots"}, {"boundary": {"y": 499, "x": 445, "w": 330, "h": 346}, "FileName": "2010_05540012-Figure7-1subFig-2.png", "PageNo": 7, "Label": "Graph plots"}, {"boundary": {"y": 490, "x": 804, "w": 331, "h": 354}, "FileName": "2010_05540012-Figure7-1subFig-3.png", "PageNo": 7, "Label": "Graph plots"}]}