{"url": "wget \"http://ieeexplore.ieee.org/stampPDF/getPDF.jsp?tp=&isnumber=&arnumber=5540191\" -O 2010_05540191.pdf", "region": [{"boundary": {"y": 152, "x": 245, "w": 729, "h": 285}, "FileName": "2010_05540191-Figure2-1subFig-1.png", "PageNo": 2, "Label": "Block diagram"}, {"boundary": {"y": 635, "x": 217, "w": 247, "h": 241}, "FileName": "2010_05540191-Figure5-1subFig-1.png", "PageNo": 4, "Label": "Sketches"}, {"boundary": {"y": 565, "x": 918, "w": 150, "h": 121}, "FileName": "2010_05540191-Figure6-1subFig-2.png", "PageNo": 4, "Label": "Sketches"}, {"boundary": {"y": 1183, "x": 90, "w": 513, "h": 113}, "FileName": "2010_05540191-Table2-1subFig-1.png", "PageNo": 7, "Label": "Tables"}]}