{"url": "wget \"http://ieeexplore.ieee.org/stampPDF/getPDF.jsp?tp=&isnumber=&arnumber=5539946\" -O 2010_05539946.pdf", "region": [{"boundary": {"y": 488, "x": 130, "w": 437, "h": 339}, "FileName": "2010_05539946-Figure4-1subFig-1.png", "PageNo": 5, "Label": "Graph plots"}, {"boundary": {"y": 857, "x": 328, "w": 256, "h": 191}, "FileName": "2010_05539946-Figure4-1subFig-3.png", "PageNo": 5, "Label": "Graph plots"}, {"boundary": {"y": 581, "x": 620, "w": 483, "h": 307}, "FileName": "2010_05539946-Figure6-1subFig-1.png", "PageNo": 6, "Label": "Box plot"}]}