{"url": "wget \"http://ieeexplore.ieee.org/stampPDF/getPDF.jsp?tp=&isnumber=&arnumber=5539956\" -O 2010_05539956.pdf", "region": [{"boundary": {"y": 127, "x": 236, "w": 122, "h": 122}, "FileName": "2010_05539956-Figure2-1subFig-3.png", "PageNo": 2, "Label": "Graph plots"}, {"boundary": {"y": 147, "x": 370, "w": 212, "h": 181}, "FileName": "2010_05539956-Figure2-1subFig-5.png", "PageNo": 2, "Label": "Graph plots"}, {"boundary": {"y": 148, "x": 897, "w": 215, "h": 142}, "FileName": "2010_05539956-Figure3-1subFig-3.png", "PageNo": 2, "Label": "Graph plots"}, {"boundary": {"y": 134, "x": 798, "w": 163, "h": 108}, "FileName": "2010_05539956-Figure4-1subFig-17.png", "PageNo": 3, "Label": "Natural images"}, {"boundary": {"y": 136, "x": 94, "w": 204, "h": 204}, "FileName": "2010_05539956-Figure7-1subFig-1.png", "PageNo": 7, "Label": "Graph plots"}, {"boundary": {"y": 137, "x": 303, "w": 213, "h": 203}, "FileName": "2010_05539956-Figure7-1subFig-2.png", "PageNo": 7, "Label": "Graph plots"}, {"boundary": {"y": 136, "x": 521, "w": 178, "h": 204}, "FileName": "2010_05539956-Figure7-1subFig-3.png", "PageNo": 7, "Label": "Graph plots"}, {"boundary": {"y": 136, "x": 707, "w": 188, "h": 204}, "FileName": "2010_05539956-Figure7-1subFig-4.png", "PageNo": 7, "Label": "Graph plots"}, {"boundary": {"y": 136, "x": 914, "w": 204, "h": 204}, "FileName": "2010_05539956-Figure7-1subFig-5.png", "PageNo": 7, "Label": "Graph plots"}]}