{"url": "wget \"http://ieeexplore.ieee.org/stampPDF/getPDF.jsp?tp=&isnumber=&arnumber=5540135\" -O 2010_05540135.pdf", "region": [{"boundary": {"y": 128, "x": 173, "w": 907, "h": 278}, "FileName": "2010_05540135-Figure2-1subFig-1.png", "PageNo": 4, "Label": "Scatter plot"}, {"boundary": {"y": 350, "x": 661, "w": 435, "h": 205}, "FileName": "2010_05540135-Figure5-1subFig-1.png", "PageNo": 6, "Label": "Bar plots"}, {"boundary": {"y": 1178, "x": 158, "w": 404, "h": 228}, "FileName": "2010_05540135-Figure8-1subFig-1.png", "PageNo": 7, "Label": "Graph plots"}]}