{"url": "wget \"http://ieeexplore.ieee.org/stampPDF/getPDF.jsp?tp=&isnumber=&arnumber=5539869\" -O 2010_05539869.pdf", "region": [{"boundary": {"y": 763, "x": 770, "w": 172, "h": 103}, "FileName": "2010_05539869-Figure12-1subFig-1.png", "PageNo": 5, "Label": "Flow chart"}, {"boundary": {"y": 322, "x": 1017, "w": 100, "h": 100}, "FileName": "2010_05539869-Figure16-1subFig-11.png", "PageNo": 7, "Label": "Confusion matrix"}, {"boundary": {"y": 487, "x": 429, "w": 157, "h": 124}, "FileName": "2010_05539869-Figure17-1subFig-5.png", "PageNo": 7, "Label": "Natural images"}, {"boundary": {"y": 144, "x": 125, "w": 149, "h": 264}, "FileName": "2010_05539869-Figure3-1subFig-1.png", "PageNo": 2, "Label": "Flow chart"}, {"boundary": {"y": 144, "x": 197, "w": 286, "h": 116}, "FileName": "2010_05539869-Figure4-1subFig-1.png", "PageNo": 3, "Label": "Flow chart"}, {"boundary": {"y": 160, "x": 170, "w": 342, "h": 307}, "FileName": "2010_05539869-Figure6-1subFig-1.png", "PageNo": 4, "Label": "Flow chart"}, {"boundary": {"y": 144, "x": 618, "w": 481, "h": 332}, "FileName": "2010_05539869-Figure7-1subFig-1.png", "PageNo": 4, "Label": "Flow chart"}]}