{"url": "wget \"http://ieeexplore.ieee.org/stampPDF/getPDF.jsp?tp=&isnumber=&arnumber=5540215\" -O 2010_05540215.pdf", "region": [{"boundary": {"y": 435, "x": 143, "w": 493, "h": 316}, "FileName": "2010_05540215-Table1-1subFig-1.png", "PageNo": 3, "Label": "Confusion matrix"}, {"boundary": {"y": 962, "x": 143, "w": 493, "h": 297}, "FileName": "2010_05540215-Table2-1subFig-1.png", "PageNo": 3, "Label": "Confusion matrix"}, {"boundary": {"y": 366, "x": 660, "w": 494, "h": 249}, "FileName": "2010_05540215-Table3-1subFig-1.png", "PageNo": 3, "Label": "Confusion matrix"}]}