{"url": "wget \"http://ieeexplore.ieee.org/stampPDF/getPDF.jsp?tp=&isnumber=&arnumber=5540183\" -O 2010_05540183.pdf", "region": [{"boundary": {"y": 144, "x": 100, "w": 246, "h": 201}, "FileName": "2010_05540183-Figure2-1subFig-1.png", "PageNo": 3, "Label": "Flow chart"}, {"boundary": {"y": 145, "x": 391, "w": 172, "h": 201}, "FileName": "2010_05540183-Figure2-1subFig-2.png", "PageNo": 3, "Label": "Confusion matrix"}, {"boundary": {"y": 149, "x": 105, "w": 328, "h": 169}, "FileName": "2010_05540183-Figure3-1subFig-1.png", "PageNo": 4, "Label": "Graph plots"}, {"boundary": {"y": 342, "x": 105, "w": 328, "h": 169}, "FileName": "2010_05540183-Figure3-1subFig-2.png", "PageNo": 4, "Label": "Graph plots"}, {"boundary": {"y": 535, "x": 105, "w": 328, "h": 171}, "FileName": "2010_05540183-Figure3-1subFig-3.png", "PageNo": 4, "Label": "Graph plots"}, {"boundary": {"y": 154, "x": 450, "w": 328, "h": 164}, "FileName": "2010_05540183-Figure3-1subFig-4.png", "PageNo": 4, "Label": "Graph plots"}, {"boundary": {"y": 154, "x": 796, "w": 328, "h": 164}, "FileName": "2010_05540183-Figure3-1subFig-5.png", "PageNo": 4, "Label": "Graph plots"}, {"boundary": {"y": 540, "x": 450, "w": 329, "h": 166}, "FileName": "2010_05540183-Figure3-1subFig-8.png", "PageNo": 4, "Label": "Graph plots"}, {"boundary": {"y": 343, "x": 796, "w": 328, "h": 164}, "FileName": "2010_05540183-Figure4-1subFig-7.png", "PageNo": 5, "Label": "Graph plots"}, {"boundary": {"y": 531, "x": 450, "w": 328, "h": 165}, "FileName": "2010_05540183-Figure4-1subFig-8.png", "PageNo": 5, "Label": "Graph plots"}, {"boundary": {"y": 531, "x": 796, "w": 328, "h": 165}, "FileName": "2010_05540183-Figure4-1subFig-9.png", "PageNo": 5, "Label": "Graph plots"}]}