{"url": "wget \"http://ieeexplore.ieee.org/stampPDF/getPDF.jsp?tp=&isnumber=&arnumber=5540186\" -O 2010_05540186.pdf", "region": [{"boundary": {"y": 144, "x": 292, "w": 158, "h": 123}, "FileName": "2010_05540186-Figure1-1subFig-2.png", "PageNo": 4, "Label": "Natural images"}, {"boundary": {"y": 144, "x": 622, "w": 158, "h": 123}, "FileName": "2010_05540186-Figure1-1subFig-5.png", "PageNo": 4, "Label": "Natural images"}, {"boundary": {"y": 270, "x": 952, "w": 158, "h": 141}, "FileName": "2010_05540186-Figure1-1subFig-11.png", "PageNo": 4, "Label": "Natural images"}, {"boundary": {"y": 144, "x": 108, "w": 466, "h": 394}, "FileName": "2010_05540186-Table1-1subFig-1.png", "PageNo": 6, "Label": "Tables"}]}