{"url": "wget \"http://ieeexplore.ieee.org/stampPDF/getPDF.jsp?tp=&isnumber=&arnumber=5540085\" -O 2010_05540085.pdf", "region": [{"boundary": {"y": 274, "x": 723, "w": 315, "h": 230}, "FileName": "2010_05540085-Figure1-1subFig-1.png", "PageNo": 0, "Label": "Flow chart"}, {"boundary": {"y": 157, "x": 676, "w": 120, "h": 100}, "FileName": "2010_05540085-Figure2-1subFig-1.png", "PageNo": 4, "Label": "Scatter plot"}, {"boundary": {"y": 269, "x": 954, "w": 152, "h": 158}, "FileName": "2010_05540085-Figure2-1subFig-6.png", "PageNo": 4, "Label": "Scatter plot"}, {"boundary": {"y": 168, "x": 204, "w": 251, "h": 246}, "FileName": "2010_05540085-Figure4-1subFig-1.png", "PageNo": 6, "Label": "Scatter plot"}, {"boundary": {"y": 178, "x": 132, "w": 275, "h": 315}, "FileName": "2010_05540085-Figure6-1subFig-1.png", "PageNo": 7, "Label": "Scatter plot"}, {"boundary": {"y": 163, "x": 789, "w": 160, "h": 127}, "FileName": "2010_05540085-Figure6-1subFig-3.png", "PageNo": 7, "Label": "Scatter plot"}, {"boundary": {"y": 165, "x": 964, "w": 161, "h": 125}, "FileName": "2010_05540085-Figure6-1subFig-4.png", "PageNo": 7, "Label": "Scatter plot"}, {"boundary": {"y": 338, "x": 791, "w": 168, "h": 155}, "FileName": "2010_05540085-Figure6-1subFig-5.png", "PageNo": 7, "Label": "Scatter plot"}, {"boundary": {"y": 338, "x": 961, "w": 163, "h": 155}, "FileName": "2010_05540085-Figure6-1subFig-6.png", "PageNo": 7, "Label": "Scatter plot"}]}