{"url": "wget \"http://ieeexplore.ieee.org/stampPDF/getPDF.jsp?tp=&isnumber=&arnumber=5540056\" -O 2010_05540056.pdf", "region": [{"boundary": {"y": 153, "x": 148, "w": 304, "h": 228}, "FileName": "2010_05540056-Figure2-1subFig-1.png", "PageNo": 6, "Label": "Graph plots"}, {"boundary": {"y": 153, "x": 462, "w": 305, "h": 228}, "FileName": "2010_05540056-Figure2-1subFig-2.png", "PageNo": 6, "Label": "Graph plots"}, {"boundary": {"y": 153, "x": 777, "w": 305, "h": 228}, "FileName": "2010_05540056-Figure2-1subFig-3.png", "PageNo": 6, "Label": "Graph plots"}, {"boundary": {"y": 392, "x": 148, "w": 304, "h": 286}, "FileName": "2010_05540056-Figure2-1subFig-4.png", "PageNo": 6, "Label": "Graph plots"}, {"boundary": {"y": 392, "x": 460, "w": 307, "h": 286}, "FileName": "2010_05540056-Figure2-1subFig-5.png", "PageNo": 6, "Label": "Graph plots"}, {"boundary": {"y": 392, "x": 775, "w": 307, "h": 286}, "FileName": "2010_05540056-Figure2-1subFig-6.png", "PageNo": 6, "Label": "Graph plots"}, {"boundary": {"y": 800, "x": 462, "w": 305, "h": 228}, "FileName": "2010_05540056-Figure3-1subFig-2.png", "PageNo": 6, "Label": "Graph plots"}, {"boundary": {"y": 800, "x": 777, "w": 305, "h": 228}, "FileName": "2010_05540056-Figure3-1subFig-3.png", "PageNo": 6, "Label": "Graph plots"}, {"boundary": {"y": 1039, "x": 460, "w": 307, "h": 285}, "FileName": "2010_05540056-Figure3-1subFig-5.png", "PageNo": 6, "Label": "Graph plots"}, {"boundary": {"y": 1039, "x": 775, "w": 307, "h": 285}, "FileName": "2010_05540056-Figure3-1subFig-6.png", "PageNo": 6, "Label": "Graph plots"}]}