{"url": "wget \"http://ieeexplore.ieee.org/stampPDF/getPDF.jsp?tp=&isnumber=&arnumber=5539886\" -O 2010_05539886.pdf", "region": [{"boundary": {"y": 324, "x": 169, "w": 171, "h": 157}, "FileName": "2010_05539886-Figure3-1subFig-2.png", "PageNo": 4, "Label": "Flow chart"}, {"boundary": {"y": 324, "x": 352, "w": 168, "h": 157}, "FileName": "2010_05539886-Figure3-1subFig-3.png", "PageNo": 4, "Label": "Flow chart"}, {"boundary": {"y": 430, "x": 272, "w": 671, "h": 60}, "FileName": "2010_05539886-Table1-1subFig-1.png", "PageNo": 6, "Label": "Bar plots"}]}