{"url": "wget \"http://ieeexplore.ieee.org/stampPDF/getPDF.jsp?tp=&isnumber=&arnumber=5540174\" -O 2010_05540174.pdf", "region": [{"boundary": {"y": 144, "x": 617, "w": 492, "h": 323}, "FileName": "2010_05540174-Figure2-1subFig-1.png", "PageNo": 2, "Label": "Block diagram"}, {"boundary": {"y": 146, "x": 107, "w": 231, "h": 181}, "FileName": "2010_05540174-Figure6-1subFig-1.png", "PageNo": 6, "Label": "Graph plots"}, {"boundary": {"y": 146, "x": 348, "w": 231, "h": 182}, "FileName": "2010_05540174-Figure6-1subFig-2.png", "PageNo": 6, "Label": "Graph plots"}]}