{"url": "wget \"http://ieeexplore.ieee.org/stampPDF/getPDF.jsp?tp=&isnumber=&arnumber=5540013\" -O 2010_05540013.pdf", "region": [{"boundary": {"y": 155, "x": 116, "w": 982, "h": 336}, "FileName": "2010_05540013-Figure1-1subFig-1.png", "PageNo": 1, "Label": "Block diagram"}, {"boundary": {"y": 145, "x": 629, "w": 488, "h": 230}, "FileName": "2010_05540013-Figure2-1subFig-1.png", "PageNo": 2, "Label": "Medical images"}, {"boundary": {"y": 174, "x": 111, "w": 225, "h": 204}, "FileName": "2010_05540013-Figure3-1subFig-1.png", "PageNo": 4, "Label": "Medical images"}, {"boundary": {"y": 147, "x": 365, "w": 219, "h": 208}, "FileName": "2010_05540013-Figure3-1subFig-2.png", "PageNo": 4, "Label": "Graph plots"}, {"boundary": {"y": 222, "x": 894, "w": 238, "h": 205}, "FileName": "2010_05540013-Figure4-1subFig-2.png", "PageNo": 5, "Label": "Graph plots"}, {"boundary": {"y": 145, "x": 130, "w": 207, "h": 163}, "FileName": "2010_05540013-Figure6-1subFig-1.png", "PageNo": 6, "Label": "Medical images"}, {"boundary": {"y": 318, "x": 130, "w": 207, "h": 163}, "FileName": "2010_05540013-Figure6-1subFig-2.png", "PageNo": 6, "Label": "Medical images"}, {"boundary": {"y": 145, "x": 349, "w": 207, "h": 163}, "FileName": "2010_05540013-Figure6-1subFig-5.png", "PageNo": 6, "Label": "Medical images"}, {"boundary": {"y": 318, "x": 349, "w": 207, "h": 163}, "FileName": "2010_05540013-Figure6-1subFig-6.png", "PageNo": 6, "Label": "Medical images"}, {"boundary": {"y": 491, "x": 349, "w": 207, "h": 163}, "FileName": "2010_05540013-Figure6-1subFig-7.png", "PageNo": 6, "Label": "Medical images"}, {"boundary": {"y": 663, "x": 349, "w": 207, "h": 163}, "FileName": "2010_05540013-Figure6-1subFig-8.png", "PageNo": 6, "Label": "Medical images"}]}