{"url": "wget \"http://ieeexplore.ieee.org/stampPDF/getPDF.jsp?tp=&isnumber=&arnumber=5540137\" -O 2010_05540137.pdf", "region": [{"boundary": {"y": 146, "x": 610, "w": 240, "h": 208}, "FileName": "2010_05540137-Figure1-1subFig-1.png", "PageNo": 5, "Label": "Graph plots"}, {"boundary": {"y": 152, "x": 459, "w": 323, "h": 268}, "FileName": "2010_05540137-Figure2-1subFig-2.png", "PageNo": 6, "Label": "Graph plots"}, {"boundary": {"y": 152, "x": 799, "w": 324, "h": 269}, "FileName": "2010_05540137-Figure2-1subFig-3.png", "PageNo": 6, "Label": "Graph plots"}, {"boundary": {"y": 528, "x": 128, "w": 431, "h": 363}, "FileName": "2010_05540137-Figure3-1subFig-1.png", "PageNo": 6, "Label": "Graph plots"}, {"boundary": {"y": 148, "x": 106, "w": 478, "h": 238}, "FileName": "2010_05540137-Figure4-1subFig-1.png", "PageNo": 7, "Label": "Graph plots"}]}