{"url": "wget \"http://ieeexplore.ieee.org/stampPDF/getPDF.jsp?tp=&isnumber=&arnumber=5540109\" -O 2010_05540109.pdf", "region": [{"boundary": {"y": 150, "x": 128, "w": 415, "h": 276}, "FileName": "2010_05540109-Figure1-1subFig-1.png", "PageNo": 2, "Label": "Block diagram"}, {"boundary": {"y": 145, "x": 147, "w": 392, "h": 279}, "FileName": "2010_05540109-Figure2-1subFig-1.png", "PageNo": 4, "Label": "Block diagram"}, {"boundary": {"y": 381, "x": 120, "w": 216, "h": 201}, "FileName": "2010_05540109-Figure4-1subFig-1.png", "PageNo": 5, "Label": "Graph plots"}, {"boundary": {"y": 382, "x": 352, "w": 215, "h": 200}, "FileName": "2010_05540109-Figure4-1subFig-2.png", "PageNo": 5, "Label": "Graph plots"}, {"boundary": {"y": 150, "x": 632, "w": 214, "h": 176}, "FileName": "2010_05540109-Figure6-1subFig-1.png", "PageNo": 6, "Label": "Graph plots"}, {"boundary": {"y": 342, "x": 632, "w": 214, "h": 176}, "FileName": "2010_05540109-Figure6-1subFig-2.png", "PageNo": 6, "Label": "Graph plots"}, {"boundary": {"y": 531, "x": 632, "w": 214, "h": 176}, "FileName": "2010_05540109-Figure6-1subFig-3.png", "PageNo": 6, "Label": "Graph plots"}, {"boundary": {"y": 150, "x": 878, "w": 215, "h": 176}, "FileName": "2010_05540109-Figure6-1subFig-4.png", "PageNo": 6, "Label": "Graph plots"}, {"boundary": {"y": 339, "x": 879, "w": 214, "h": 179}, "FileName": "2010_05540109-Figure6-1subFig-5.png", "PageNo": 6, "Label": "Graph plots"}, {"boundary": {"y": 534, "x": 878, "w": 216, "h": 173}, "FileName": "2010_05540109-Figure6-1subFig-6.png", "PageNo": 6, "Label": "Graph plots"}, {"boundary": {"y": 145, "x": 218, "w": 783, "h": 152}, "FileName": "2010_05540109-Table1-1subFig-1.png", "PageNo": 5, "Label": "Tables"}]}