{"url": "wget \"http://ieeexplore.ieee.org/stampPDF/getPDF.jsp?tp=&isnumber=&arnumber=5539891\" -O 2010_05539891.pdf", "region": [{"boundary": {"y": 489, "x": 225, "w": 212, "h": 156}, "FileName": "2010_05539891-Figure2-1subFig-1.png", "PageNo": 4, "Label": "Sketches"}, {"boundary": {"y": 146, "x": 583, "w": 167, "h": 103}, "FileName": "2010_05539891-Figure3-1subFig-3.png", "PageNo": 5, "Label": "Vector plot"}, {"boundary": {"y": 252, "x": 475, "w": 172, "h": 108}, "FileName": "2010_05539891-Figure3-1subFig-4.png", "PageNo": 5, "Label": "Vector plot"}, {"boundary": {"y": 891, "x": 288, "w": 206, "h": 248}, "FileName": "2010_05539891-Figure7-1subFig-1.png", "PageNo": 7, "Label": "Medical images"}, {"boundary": {"y": 891, "x": 505, "w": 205, "h": 248}, "FileName": "2010_05539891-Figure7-1subFig-2.png", "PageNo": 7, "Label": "Medical images"}, {"boundary": {"y": 891, "x": 722, "w": 205, "h": 248}, "FileName": "2010_05539891-Figure7-1subFig-3.png", "PageNo": 7, "Label": "Medical images"}, {"boundary": {"y": 1163, "x": 286, "w": 205, "h": 187}, "FileName": "2010_05539891-Figure7-1subFig-4.png", "PageNo": 7, "Label": "Medical images"}, {"boundary": {"y": 1163, "x": 502, "w": 206, "h": 187}, "FileName": "2010_05539891-Figure7-1subFig-5.png", "PageNo": 7, "Label": "Medical images"}, {"boundary": {"y": 1163, "x": 724, "w": 205, "h": 187}, "FileName": "2010_05539891-Figure7-1subFig-6.png", "PageNo": 7, "Label": "Medical images"}]}