{"url": "wget \"http://ieeexplore.ieee.org/stampPDF/getPDF.jsp?tp=&isnumber=&arnumber=5540078\" -O 2010_05540078.pdf", "region": [{"boundary": {"y": 468, "x": 103, "w": 117, "h": 238}, "FileName": "2010_05540078-Figure10-1subFig-5.png", "PageNo": 7, "Label": "Natural images"}, {"boundary": {"y": 144, "x": 292, "w": 268, "h": 293}, "FileName": "2010_05540078-Figure2-1subFig-3.png", "PageNo": 2, "Label": "Sketches"}, {"boundary": {"y": 144, "x": 351, "w": 241, "h": 149}, "FileName": "2010_05540078-Figure8-1subFig-2.png", "PageNo": 6, "Label": "Graph plots"}]}