{"url": "wget \"http://ieeexplore.ieee.org/stampPDF/getPDF.jsp?tp=&isnumber=&arnumber=5540052\" -O 2010_05540052.pdf", "region": [{"boundary": {"y": 154, "x": 161, "w": 261, "h": 217}, "FileName": "2010_05540052-Figure1-1subFig-1.png", "PageNo": 4, "Label": "Graph plots"}, {"boundary": {"y": 395, "x": 161, "w": 261, "h": 217}, "FileName": "2010_05540052-Figure1-1subFig-2.png", "PageNo": 4, "Label": "Graph plots"}, {"boundary": {"y": 154, "x": 471, "w": 261, "h": 217}, "FileName": "2010_05540052-Figure1-1subFig-3.png", "PageNo": 4, "Label": "Graph plots"}, {"boundary": {"y": 395, "x": 471, "w": 261, "h": 217}, "FileName": "2010_05540052-Figure1-1subFig-4.png", "PageNo": 4, "Label": "Graph plots"}, {"boundary": {"y": 154, "x": 782, "w": 261, "h": 217}, "FileName": "2010_05540052-Figure1-1subFig-5.png", "PageNo": 4, "Label": "Graph plots"}, {"boundary": {"y": 395, "x": 782, "w": 261, "h": 217}, "FileName": "2010_05540052-Figure1-1subFig-6.png", "PageNo": 4, "Label": "Graph plots"}, {"boundary": {"y": 161, "x": 167, "w": 326, "h": 273}, "FileName": "2010_05540052-Figure2-1subFig-1.png", "PageNo": 5, "Label": "Graph plots"}, {"boundary": {"y": 461, "x": 167, "w": 326, "h": 263}, "FileName": "2010_05540052-Figure2-1subFig-2.png", "PageNo": 5, "Label": "Graph plots"}]}