{"url": "wget \"http://ieeexplore.ieee.org/stampPDF/getPDF.jsp?tp=&isnumber=&arnumber=5540081\" -O 2010_05540081.pdf", "region": [{"boundary": {"y": 144, "x": 100, "w": 176, "h": 138}, "FileName": "2010_05540081-Figure3-1subFig-1.png", "PageNo": 2, "Label": "Scatter plot"}, {"boundary": {"y": 145, "x": 452, "w": 138, "h": 137}, "FileName": "2010_05540081-Figure3-1subFig-3.png", "PageNo": 2, "Label": "Scatter plot"}, {"boundary": {"y": 145, "x": 99, "w": 122, "h": 126}, "FileName": "2010_05540081-Figure4-1subFig-1.png", "PageNo": 3, "Label": "Scatter plot"}, {"boundary": {"y": 420, "x": 112, "w": 464, "h": 212}, "FileName": "2010_05540081-Figure4-1subFig-9.png", "PageNo": 3, "Label": "Graph plots"}, {"boundary": {"y": 159, "x": 273, "w": 169, "h": 159}, "FileName": "2010_05540081-Figure5-1subFig-2.png", "PageNo": 4, "Label": "Graph plots"}, {"boundary": {"y": 148, "x": 116, "w": 138, "h": 119}, "FileName": "2010_05540081-Figure6-1subFig-1.png", "PageNo": 6, "Label": "Scatter plot"}, {"boundary": {"y": 146, "x": 287, "w": 140, "h": 123}, "FileName": "2010_05540081-Figure6-1subFig-4.png", "PageNo": 6, "Label": "Scatter plot"}, {"boundary": {"y": 148, "x": 459, "w": 140, "h": 120}, "FileName": "2010_05540081-Figure6-1subFig-7.png", "PageNo": 6, "Label": "Scatter plot"}, {"boundary": {"y": 150, "x": 632, "w": 137, "h": 118}, "FileName": "2010_05540081-Figure6-1subFig-10.png", "PageNo": 6, "Label": "Scatter plot"}, {"boundary": {"y": 149, "x": 804, "w": 137, "h": 120}, "FileName": "2010_05540081-Figure6-1subFig-13.png", "PageNo": 6, "Label": "Scatter plot"}, {"boundary": {"y": 863, "x": 99, "w": 1074, "h": 215}, "FileName": "2010_05540081-Table1-1subFig-1.png", "PageNo": 6, "Label": "Tables"}]}