{"url": "wget \"http://ieeexplore.ieee.org/stampPDF/getPDF.jsp?tp=&isnumber=&arnumber=5540084\" -O 2010_05540084.pdf", "region": [{"boundary": {"y": 150, "x": 371, "w": 205, "h": 179}, "FileName": "2010_05540084-Figure1-1subFig-2.png", "PageNo": 1, "Label": "Graph plots"}, {"boundary": {"y": 144, "x": 155, "w": 193, "h": 201}, "FileName": "2010_05540084-Figure4-1subFig-1.png", "PageNo": 3, "Label": "Sketches"}, {"boundary": {"y": 182, "x": 432, "w": 150, "h": 189}, "FileName": "2010_05540084-Figure6-1subFig-3.png", "PageNo": 5, "Label": "Graph plots"}, {"boundary": {"y": 188, "x": 591, "w": 149, "h": 183}, "FileName": "2010_05540084-Figure6-1subFig-4.png", "PageNo": 5, "Label": "Graph plots"}, {"boundary": {"y": 144, "x": 754, "w": 398, "h": 259}, "FileName": "2010_05540084-Figure6-1subFig-5.png", "PageNo": 5, "Label": "Tables"}, {"boundary": {"y": 788, "x": 997, "w": 144, "h": 119}, "FileName": "2010_05540084-Figure8-1subFig-3.png", "PageNo": 5, "Label": "Graph plots"}]}