{"url": "wget \"http://ieeexplore.ieee.org/stampPDF/getPDF.jsp?tp=&isnumber=&arnumber=5995525\" -O 2011_05995525.pdf", "region": [{"boundary": {"y": 145, "x": 733, "w": 203, "h": 230}, "FileName": "2011_05995525-Figure1-1subFig-4.png", "PageNo": 1, "Label": "Natural images"}, {"boundary": {"y": 257, "x": 346, "w": 184, "h": 103}, "FileName": "2011_05995525-Figure10-1subFig-4.png", "PageNo": 6, "Label": "Natural images"}, {"boundary": {"y": 369, "x": 156, "w": 184, "h": 104}, "FileName": "2011_05995525-Figure10-1subFig-5.png", "PageNo": 6, "Label": "Natural images"}, {"boundary": {"y": 369, "x": 346, "w": 184, "h": 104}, "FileName": "2011_05995525-Figure10-1subFig-6.png", "PageNo": 6, "Label": "Natural images"}, {"boundary": {"y": 145, "x": 638, "w": 205, "h": 174}, "FileName": "2011_05995525-Figure4-1subFig-1.png", "PageNo": 3, "Label": "Graph plots"}, {"boundary": {"y": 310, "x": 639, "w": 202, "h": 215}, "FileName": "2011_05995525-Figure8-1subFig-2.png", "PageNo": 5, "Label": "Graph plots"}, {"boundary": {"y": 144, "x": 867, "w": 206, "h": 181}, "FileName": "2011_05995525-Figure8-1subFig-3.png", "PageNo": 5, "Label": "Graph plots"}, {"boundary": {"y": 345, "x": 866, "w": 224, "h": 180}, "FileName": "2011_05995525-Figure8-1subFig-4.png", "PageNo": 5, "Label": "Graph plots"}]}