{"url": "wget \"http://ieeexplore.ieee.org/stampPDF/getPDF.jsp?tp=&isnumber=&arnumber=5995495\" -O 2011_05995495.pdf", "region": [{"boundary": {"y": 624, "x": 977, "w": 131, "h": 104}, "FileName": "2011_05995495-Figure11-1subFig-4.png", "PageNo": 6, "Label": "Medical images"}, {"boundary": {"y": 144, "x": 846, "w": 261, "h": 201}, "FileName": "2011_05995495-Figure3-1subFig-2.png", "PageNo": 3, "Label": "Scatter plot"}, {"boundary": {"y": 145, "x": 642, "w": 205, "h": 258}, "FileName": "2011_05995495-Figure5-1subFig-1.png", "PageNo": 4, "Label": "Graph plots"}, {"boundary": {"y": 145, "x": 849, "w": 233, "h": 258}, "FileName": "2011_05995495-Figure5-1subFig-2.png", "PageNo": 4, "Label": "Graph plots"}]}