{"url": "wget \"http://ieeexplore.ieee.org/stampPDF/getPDF.jsp?tp=&isnumber=&arnumber=5995654\" -O 2011_05995654.pdf", "region": [{"boundary": {"y": 1064, "x": 625, "w": 477, "h": 325}, "FileName": "2011_05995654-Figure1-1subFig-2.png", "PageNo": 2, "Label": "Graph plots"}, {"boundary": {"y": 508, "x": 106, "w": 480, "h": 319}, "FileName": "2011_05995654-Figure2-1subFig-2.png", "PageNo": 4, "Label": "Graph plots"}, {"boundary": {"y": 978, "x": 674, "w": 364, "h": 317}, "FileName": "2011_05995654-Figure3-1subFig-2.png", "PageNo": 4, "Label": "Sketches"}, {"boundary": {"y": 152, "x": 103, "w": 492, "h": 258}, "FileName": "2011_05995654-Figure5-1subFig-1.png", "PageNo": 6, "Label": "Graph plots"}]}