{"url": "wget \"http://ieeexplore.ieee.org/stampPDF/getPDF.jsp?tp=&isnumber=&arnumber=5995408\" -O 2011_05995408.pdf", "region": [{"boundary": {"y": 571, "x": 118, "w": 227, "h": 206}, "FileName": "2011_05995408-Figure10-1subFig-1.png", "PageNo": 6, "Label": "Graph plots"}, {"boundary": {"y": 565, "x": 360, "w": 218, "h": 211}, "FileName": "2011_05995408-Figure10-1subFig-2.png", "PageNo": 6, "Label": "Graph plots"}, {"boundary": {"y": 513, "x": 99, "w": 492, "h": 291}, "FileName": "2011_05995408-Figure4-1subFig-1.png", "PageNo": 4, "Label": "Sketches"}, {"boundary": {"y": 144, "x": 618, "w": 516, "h": 150}, "FileName": "2011_05995408-Figure5-1subFig-1.png", "PageNo": 4, "Label": "Scatter plot"}, {"boundary": {"y": 144, "x": 114, "w": 225, "h": 213}, "FileName": "2011_05995408-Figure6-1subFig-1.png", "PageNo": 5, "Label": "Graph plots"}, {"boundary": {"y": 144, "x": 355, "w": 218, "h": 213}, "FileName": "2011_05995408-Figure6-1subFig-2.png", "PageNo": 5, "Label": "Graph plots"}, {"boundary": {"y": 714, "x": 634, "w": 230, "h": 205}, "FileName": "2011_05995408-Figure8-1subFig-1.png", "PageNo": 5, "Label": "Graph plots"}, {"boundary": {"y": 709, "x": 873, "w": 222, "h": 210}, "FileName": "2011_05995408-Figure8-1subFig-2.png", "PageNo": 5, "Label": "Graph plots"}]}