{"url": "wget \"http://ieeexplore.ieee.org/stampPDF/getPDF.jsp?tp=&isnumber=&arnumber=5995706\" -O 2011_05995706.pdf", "region": [{"boundary": {"y": 368, "x": 105, "w": 245, "h": 253}, "FileName": "2011_05995706-Figure4-1subFig-1.png", "PageNo": 5, "Label": "Natural images"}, {"boundary": {"y": 368, "x": 356, "w": 245, "h": 253}, "FileName": "2011_05995706-Figure4-1subFig-2.png", "PageNo": 5, "Label": "Natural images"}, {"boundary": {"y": 219, "x": 874, "w": 245, "h": 167}, "FileName": "2011_05995706-Figure5-1subFig-2.png", "PageNo": 5, "Label": "Sketches"}]}