{"url": "wget \"http://ieeexplore.ieee.org/stampPDF/getPDF.jsp?tp=&isnumber=&arnumber=5995707\" -O 2011_05995707.pdf", "region": [{"boundary": {"y": 152, "x": 963, "w": 145, "h": 140}, "FileName": "2011_05995707-Figure2-1subFig-2.png", "PageNo": 2, "Label": "Graph plots"}, {"boundary": {"y": 149, "x": 105, "w": 480, "h": 201}, "FileName": "2011_05995707-Figure5-1subFig-1.png", "PageNo": 5, "Label": "Flow chart"}, {"boundary": {"y": 146, "x": 633, "w": 214, "h": 199}, "FileName": "2011_05995707-Figure6-1subFig-1.png", "PageNo": 5, "Label": "Confusion matrix"}, {"boundary": {"y": 146, "x": 856, "w": 216, "h": 199}, "FileName": "2011_05995707-Figure6-1subFig-2.png", "PageNo": 5, "Label": "Confusion matrix"}, {"boundary": {"y": 782, "x": 200, "w": 259, "h": 218}, "FileName": "2011_05995707-Figure7-1subFig-1.png", "PageNo": 6, "Label": "Graph plots"}, {"boundary": {"y": 146, "x": 457, "w": 152, "h": 136}, "FileName": "2011_05995707-Figure9-1subFig-5.png", "PageNo": 6, "Label": "Natural images"}, {"boundary": {"y": 303, "x": 457, "w": 152, "h": 102}, "FileName": "2011_05995707-Figure9-1subFig-6.png", "PageNo": 6, "Label": "Natural images"}]}