{"url": "wget \"http://ieeexplore.ieee.org/stampPDF/getPDF.jsp?tp=&isnumber=&arnumber=5995596\" -O 2011_05995596.pdf", "region": [{"boundary": {"y": 157, "x": 115, "w": 216, "h": 175}, "FileName": "2011_05995596-Figure4-1subFig-1.png", "PageNo": 5, "Label": "Graph plots"}, {"boundary": {"y": 154, "x": 626, "w": 221, "h": 178}, "FileName": "2011_05995596-Figure4-1subFig-3.png", "PageNo": 5, "Label": "Graph plots"}, {"boundary": {"y": 154, "x": 879, "w": 225, "h": 178}, "FileName": "2011_05995596-Figure4-1subFig-4.png", "PageNo": 5, "Label": "Graph plots"}, {"boundary": {"y": 153, "x": 122, "w": 219, "h": 175}, "FileName": "2011_05995596-Figure6-1subFig-1.png", "PageNo": 6, "Label": "Graph plots"}, {"boundary": {"y": 153, "x": 369, "w": 224, "h": 175}, "FileName": "2011_05995596-Figure6-1subFig-2.png", "PageNo": 6, "Label": "Graph plots"}, {"boundary": {"y": 152, "x": 894, "w": 214, "h": 162}, "FileName": "2011_05995596-Figure6-1subFig-4.png", "PageNo": 6, "Label": "Scatter plot"}, {"boundary": {"y": 797, "x": 625, "w": 210, "h": 167}, "FileName": "2011_05995596-Figure7-1subFig-1.png", "PageNo": 5, "Label": "Graph plots"}, {"boundary": {"y": 740, "x": 863, "w": 243, "h": 221}, "FileName": "2011_05995596-Figure7-1subFig-2.png", "PageNo": 5, "Label": "Scatter plot"}, {"boundary": {"y": 230, "x": 617, "w": 492, "h": 239}, "FileName": "2011_05995596-Table1-1subFig-1.png", "PageNo": 3, "Label": "Tables"}]}