{"url": "wget \"http://ieeexplore.ieee.org/stampPDF/getPDF.jsp?tp=&isnumber=&arnumber=5995435\" -O 2011_05995435.pdf", "region": [{"boundary": {"y": 429, "x": 617, "w": 505, "h": 174}, "FileName": "2011_05995435-Figure1-1subFig-1.png", "PageNo": 0, "Label": "Block diagram"}, {"boundary": {"y": 320, "x": 114, "w": 462, "h": 173}, "FileName": "2011_05995435-Figure3-1subFig-1.png", "PageNo": 4, "Label": "Sketches"}, {"boundary": {"y": 156, "x": 624, "w": 221, "h": 288}, "FileName": "2011_05995435-Figure4-1subFig-1.png", "PageNo": 6, "Label": "Graph plots"}, {"boundary": {"y": 156, "x": 871, "w": 221, "h": 288}, "FileName": "2011_05995435-Figure4-1subFig-2.png", "PageNo": 6, "Label": "Graph plots"}, {"boundary": {"y": 685, "x": 126, "w": 976, "h": 348}, "FileName": "2011_05995435-Figure5-1subFig-2.png", "PageNo": 7, "Label": "Block diagram"}]}