{"url": "wget \"http://ieeexplore.ieee.org/stampPDF/getPDF.jsp?tp=&isnumber=&arnumber=5995549\" -O 2011_05995549.pdf", "region": [{"boundary": {"y": 455, "x": 896, "w": 195, "h": 163}, "FileName": "2011_05995549-Figure1-1subFig-2.png", "PageNo": 0, "Label": "Scatter plot"}, {"boundary": {"y": 633, "x": 960, "w": 111, "h": 171}, "FileName": "2011_05995549-Figure1-1subFig-5.png", "PageNo": 0, "Label": "Scatter plot"}, {"boundary": {"y": 277, "x": 619, "w": 179, "h": 88}, "FileName": "2011_05995549-Figure5-1subFig-3.png", "PageNo": 6, "Label": "Confusion matrix"}, {"boundary": {"y": 277, "x": 823, "w": 180, "h": 118}, "FileName": "2011_05995549-Figure5-1subFig-4.png", "PageNo": 6, "Label": "Confusion matrix"}, {"boundary": {"y": 278, "x": 1028, "w": 77, "h": 87}, "FileName": "2011_05995549-Figure5-1subFig-5.png", "PageNo": 6, "Label": "Confusion matrix"}, {"boundary": {"y": 418, "x": 824, "w": 180, "h": 118}, "FileName": "2011_05995549-Figure5-1subFig-7.png", "PageNo": 6, "Label": "Confusion matrix"}, {"boundary": {"y": 418, "x": 1029, "w": 77, "h": 88}, "FileName": "2011_05995549-Figure5-1subFig-8.png", "PageNo": 6, "Label": "Confusion matrix"}, {"boundary": {"y": 146, "x": 523, "w": 151, "h": 202}, "FileName": "2011_05995549-Figure6-1subFig-2.png", "PageNo": 7, "Label": "Scatter plot"}, {"boundary": {"y": 727, "x": 931, "w": 109, "h": 109}, "FileName": "2011_05995549-Figure7-1subFig-2.png", "PageNo": 6, "Label": "Confusion matrix"}, {"boundary": {"y": 858, "x": 890, "w": 167, "h": 134}, "FileName": "2011_05995549-Figure7-1subFig-4.png", "PageNo": 6, "Label": "Scatter plot"}, {"boundary": {"y": 144, "x": 619, "w": 488, "h": 158}, "FileName": "2011_05995549-Table1-1subFig-1.png", "PageNo": 5, "Label": "Tables"}]}