{"url": "wget \"http://ieeexplore.ieee.org/stampPDF/getPDF.jsp?tp=&isnumber=&arnumber=5995594\" -O 2011_05995594.pdf", "region": [{"boundary": {"y": 470, "x": 962, "w": 139, "h": 140}, "FileName": "2011_05995594-Figure10-1subFig-8.png", "PageNo": 7, "Label": "Scatter plot"}, {"boundary": {"y": 622, "x": 958, "w": 140, "h": 141}, "FileName": "2011_05995594-Figure10-1subFig-9.png", "PageNo": 7, "Label": "Scatter plot"}, {"boundary": {"y": 795, "x": 957, "w": 141, "h": 140}, "FileName": "2011_05995594-Figure10-1subFig-11.png", "PageNo": 7, "Label": "Scatter plot"}, {"boundary": {"y": 172, "x": 949, "w": 158, "h": 143}, "FileName": "2011_05995594-Figure7-1subFig-6.png", "PageNo": 6, "Label": "Scatter plot"}, {"boundary": {"y": 152, "x": 653, "w": 268, "h": 161}, "FileName": "2011_05995594-Figure8-1subFig-1.png", "PageNo": 5, "Label": "Graph plots"}, {"boundary": {"y": 850, "x": 192, "w": 915, "h": 484}, "FileName": "2011_05995594-Figure9-1subFig-1.png", "PageNo": 6, "Label": "Scatter plot"}]}