{"url": "wget \"http://ieeexplore.ieee.org/stampPDF/getPDF.jsp?tp=&isnumber=&arnumber=5995561\" -O 2011_05995561.pdf", "region": [{"boundary": {"y": 146, "x": 195, "w": 205, "h": 182}, "FileName": "2011_05995561-Figure4-1subFig-1.png", "PageNo": 6, "Label": "Graph plots"}, {"boundary": {"y": 146, "x": 405, "w": 204, "h": 182}, "FileName": "2011_05995561-Figure4-1subFig-2.png", "PageNo": 6, "Label": "Graph plots"}, {"boundary": {"y": 146, "x": 615, "w": 204, "h": 182}, "FileName": "2011_05995561-Figure4-1subFig-3.png", "PageNo": 6, "Label": "Graph plots"}, {"boundary": {"y": 145, "x": 823, "w": 204, "h": 183}, "FileName": "2011_05995561-Figure4-1subFig-4.png", "PageNo": 6, "Label": "Graph plots"}, {"boundary": {"y": 332, "x": 199, "w": 204, "h": 184}, "FileName": "2011_05995561-Figure4-1subFig-5.png", "PageNo": 6, "Label": "Graph plots"}, {"boundary": {"y": 332, "x": 413, "w": 204, "h": 184}, "FileName": "2011_05995561-Figure4-1subFig-6.png", "PageNo": 6, "Label": "Graph plots"}, {"boundary": {"y": 333, "x": 624, "w": 204, "h": 183}, "FileName": "2011_05995561-Figure4-1subFig-7.png", "PageNo": 6, "Label": "Graph plots"}]}