{"url": "wget \"http://ieeexplore.ieee.org/stampPDF/getPDF.jsp?tp=&isnumber=&arnumber=5995737\" -O 2011_05995737.pdf", "region": [{"boundary": {"y": 144, "x": 243, "w": 196, "h": 142}, "FileName": "2011_05995737-Figure5-1subFig-1.png", "PageNo": 5, "Label": "Natural images"}, {"boundary": {"y": 696, "x": 650, "w": 205, "h": 154}, "FileName": "2011_05995737-Figure6-1subFig-7.png", "PageNo": 5, "Label": "Natural images"}, {"boundary": {"y": 149, "x": 336, "w": 186, "h": 123}, "FileName": "2011_05995737-Figure7-1subFig-2.png", "PageNo": 6, "Label": "Natural images"}, {"boundary": {"y": 275, "x": 343, "w": 187, "h": 140}, "FileName": "2011_05995737-Figure7-1subFig-4.png", "PageNo": 6, "Label": "Natural images"}, {"boundary": {"y": 424, "x": 343, "w": 187, "h": 133}, "FileName": "2011_05995737-Figure7-1subFig-7.png", "PageNo": 6, "Label": "Natural images"}, {"boundary": {"y": 560, "x": 343, "w": 187, "h": 129}, "FileName": "2011_05995737-Figure7-1subFig-8.png", "PageNo": 6, "Label": "Natural images"}, {"boundary": {"y": 740, "x": 863, "w": 220, "h": 147}, "FileName": "2011_05995737-Figure9-1subFig-4.png", "PageNo": 6, "Label": "Natural images"}]}