{"url": "wget \"http://ieeexplore.ieee.org/stampPDF/getPDF.jsp?tp=&isnumber=&arnumber=5995317\" -O 2011_05995317.pdf", "region": [{"boundary": {"y": 155, "x": 254, "w": 708, "h": 195}, "FileName": "2011_05995317-Figure3-1subFig-1.png", "PageNo": 2, "Label": "Scatter plot"}, {"boundary": {"y": 170, "x": 168, "w": 356, "h": 375}, "FileName": "2011_05995317-Figure5-1subFig-1.png", "PageNo": 5, "Label": "Graph plots"}, {"boundary": {"y": 596, "x": 168, "w": 356, "h": 374}, "FileName": "2011_05995317-Figure5-1subFig-2.png", "PageNo": 5, "Label": "Graph plots"}, {"boundary": {"y": 168, "x": 624, "w": 234, "h": 258}, "FileName": "2011_05995317-Figure6-1subFig-1.png", "PageNo": 5, "Label": "Graph plots"}, {"boundary": {"y": 168, "x": 872, "w": 231, "h": 301}, "FileName": "2011_05995317-Figure6-1subFig-2.png", "PageNo": 5, "Label": "Graph plots"}]}