{"url": "wget \"http://ieeexplore.ieee.org/stampPDF/getPDF.jsp?tp=&isnumber=&arnumber=5995719\" -O 2011_05995719.pdf", "region": [{"boundary": {"y": 151, "x": 173, "w": 181, "h": 181}, "FileName": "2011_05995719-Figure2-1subFig-1.png", "PageNo": 4, "Label": "3D objects"}, {"boundary": {"y": 451, "x": 484, "w": 168, "h": 182}, "FileName": "2011_05995719-Figure2-1subFig-5.png", "PageNo": 4, "Label": "3D objects"}, {"boundary": {"y": 145, "x": 617, "w": 493, "h": 257}, "FileName": "2011_05995719-Table3-1subFig-1.png", "PageNo": 6, "Label": "Tables"}]}