{"url": "wget \"http://ieeexplore.ieee.org/stampPDF/getPDF.jsp?tp=&isnumber=&arnumber=5995540\" -O 2011_05995540.pdf", "region": [{"boundary": {"y": 590, "x": 867, "w": 152, "h": 113}, "FileName": "2011_05995540-Figure1-1subFig-5.png", "PageNo": 0, "Label": "Natural images"}, {"boundary": {"y": 146, "x": 968, "w": 163, "h": 140}, "FileName": "2011_05995540-Figure11-1subFig-2.png", "PageNo": 6, "Label": "Graph plots"}, {"boundary": {"y": 295, "x": 675, "w": 180, "h": 140}, "FileName": "2011_05995540-Figure11-1subFig-3.png", "PageNo": 6, "Label": "Graph plots"}, {"boundary": {"y": 296, "x": 891, "w": 178, "h": 139}, "FileName": "2011_05995540-Figure11-1subFig-4.png", "PageNo": 6, "Label": "Graph plots"}, {"boundary": {"y": 595, "x": 630, "w": 147, "h": 85}, "FileName": "2011_05995540-Figure6-1subFig-1.png", "PageNo": 3, "Label": "Sketches"}, {"boundary": {"y": 595, "x": 876, "w": 217, "h": 105}, "FileName": "2011_05995540-Figure6-1subFig-2.png", "PageNo": 3, "Label": "Sketches"}]}