{"url": "wget \"http://ieeexplore.ieee.org/stampPDF/getPDF.jsp?tp=&isnumber=&arnumber=5995484\" -O 2011_05995484.pdf", "region": [{"boundary": {"y": 146, "x": 101, "w": 194, "h": 226}, "FileName": "2011_05995484-Figure2-1subFig-1.png", "PageNo": 4, "Label": "Natural images"}, {"boundary": {"y": 146, "x": 666, "w": 99, "h": 135}, "FileName": "2011_05995484-Figure4-1subFig-6.png", "PageNo": 6, "Label": "Medical images"}, {"boundary": {"y": 608, "x": 912, "w": 194, "h": 95}, "FileName": "2011_05995484-Figure5-1subFig-8.png", "PageNo": 6, "Label": "Heat map"}]}