{"url": "wget \"http://ieeexplore.ieee.org/stampPDF/getPDF.jsp?tp=&isnumber=&arnumber=5995475\" -O 2011_05995475.pdf", "region": [{"boundary": {"y": 182, "x": 210, "w": 245, "h": 221}, "FileName": "2011_05995475-Figure2-1subFig-1.png", "PageNo": 6, "Label": "Graph plots"}, {"boundary": {"y": 429, "x": 210, "w": 245, "h": 221}, "FileName": "2011_05995475-Figure2-1subFig-2.png", "PageNo": 6, "Label": "Graph plots"}, {"boundary": {"y": 182, "x": 497, "w": 247, "h": 221}, "FileName": "2011_05995475-Figure2-1subFig-3.png", "PageNo": 6, "Label": "Graph plots"}, {"boundary": {"y": 429, "x": 786, "w": 247, "h": 222}, "FileName": "2011_05995475-Figure2-1subFig-6.png", "PageNo": 6, "Label": "Graph plots"}, {"boundary": {"y": 767, "x": 661, "w": 379, "h": 153}, "FileName": "2011_05995475-Table2-1subFig-1.png", "PageNo": 6, "Label": "Tables"}]}