{"url": "wget \"http://ieeexplore.ieee.org/stampPDF/getPDF.jsp?tp=&isnumber=&arnumber=5995336\" -O 2011_05995336.pdf", "region": [{"boundary": {"y": 681, "x": 870, "w": 195, "h": 153}, "FileName": "2011_05995336-Figure1-1subFig-3.png", "PageNo": 0, "Label": "Vector plot"}, {"boundary": {"y": 144, "x": 192, "w": 294, "h": 226}, "FileName": "2011_05995336-Figure2-1subFig-1.png", "PageNo": 4, "Label": "Graph plots"}, {"boundary": {"y": 145, "x": 135, "w": 308, "h": 263}, "FileName": "2011_05995336-Figure5-1subFig-1.png", "PageNo": 6, "Label": "Graph plots"}, {"boundary": {"y": 144, "x": 460, "w": 307, "h": 264}, "FileName": "2011_05995336-Figure5-1subFig-2.png", "PageNo": 6, "Label": "Graph plots"}, {"boundary": {"y": 149, "x": 785, "w": 307, "h": 259}, "FileName": "2011_05995336-Figure5-1subFig-3.png", "PageNo": 6, "Label": "Scatter plot"}]}