{"url": "wget \"http://ieeexplore.ieee.org/stampPDF/getPDF.jsp?tp=&isnumber=&arnumber=5995417\" -O 2011_05995417.pdf", "region": [{"boundary": {"y": 160, "x": 154, "w": 915, "h": 270}, "FileName": "2011_05995417-Figure2-1subFig-1.png", "PageNo": 2, "Label": "Block diagram"}, {"boundary": {"y": 404, "x": 625, "w": 234, "h": 142}, "FileName": "2011_05995417-Figure4-1subFig-1.png", "PageNo": 5, "Label": "Graph plots"}, {"boundary": {"y": 406, "x": 868, "w": 234, "h": 142}, "FileName": "2011_05995417-Figure4-1subFig-2.png", "PageNo": 5, "Label": "Graph plots"}, {"boundary": {"y": 148, "x": 665, "w": 384, "h": 204}, "FileName": "2011_05995417-Figure6-1subFig-1.png", "PageNo": 6, "Label": "Bar plots"}, {"boundary": {"y": 136, "x": 448, "w": 328, "h": 291}, "FileName": "2011_05995417-Figure7-1subFig-2.png", "PageNo": 7, "Label": "Scatter plot"}]}