{"url": "wget \"http://ieeexplore.ieee.org/stampPDF/getPDF.jsp?tp=&isnumber=&arnumber=5995602\" -O 2011_05995602.pdf", "region": [{"boundary": {"y": 1142, "x": 656, "w": 434, "h": 236}, "FileName": "2011_05995602-Figure3-1subFig-1.png", "PageNo": 4, "Label": "Graph plots"}, {"boundary": {"y": 161, "x": 101, "w": 494, "h": 259}, "FileName": "2011_05995602-Figure4-1subFig-1.png", "PageNo": 5, "Label": "Bar plots"}, {"boundary": {"y": 163, "x": 645, "w": 458, "h": 251}, "FileName": "2011_05995602-Figure5-1subFig-1.png", "PageNo": 5, "Label": "Bar plots"}, {"boundary": {"y": 339, "x": 105, "w": 164, "h": 211}, "FileName": "2011_05995602-Figure6-1subFig-2.png", "PageNo": 6, "Label": "Natural images"}, {"boundary": {"y": 339, "x": 447, "w": 164, "h": 211}, "FileName": "2011_05995602-Figure6-1subFig-10.png", "PageNo": 6, "Label": "Natural images"}, {"boundary": {"y": 989, "x": 276, "w": 164, "h": 211}, "FileName": "2011_05995602-Figure7-1subFig-2.png", "PageNo": 6, "Label": "Natural images"}, {"boundary": {"y": 143, "x": 98, "w": 464, "h": 270}, "FileName": "2011_05995602-Figure8-1subFig-1.png", "PageNo": 7, "Label": "Graph plots"}, {"boundary": {"y": 141, "x": 617, "w": 448, "h": 269}, "FileName": "2011_05995602-Figure9-1subFig-1.png", "PageNo": 7, "Label": "Graph plots"}]}