{"url": "wget \"http://ieeexplore.ieee.org/stampPDF/getPDF.jsp?tp=&isnumber=&arnumber=5995489\" -O 2011_05995489.pdf", "region": [{"boundary": {"y": 230, "x": 138, "w": 160, "h": 141}, "FileName": "2011_05995489-Figure2-1subFig-1.png", "PageNo": 4, "Label": "Flow chart"}, {"boundary": {"y": 226, "x": 323, "w": 241, "h": 145}, "FileName": "2011_05995489-Figure2-1subFig-2.png", "PageNo": 4, "Label": "Flow chart"}, {"boundary": {"y": 226, "x": 589, "w": 242, "h": 144}, "FileName": "2011_05995489-Figure2-1subFig-3.png", "PageNo": 4, "Label": "Flow chart"}, {"boundary": {"y": 152, "x": 638, "w": 428, "h": 350}, "FileName": "2011_05995489-Figure4-1subFig-1.png", "PageNo": 5, "Label": "Graph plots"}]}