{"url": "wget \"http://ieeexplore.ieee.org/stampPDF/getPDF.jsp?tp=&isnumber=&arnumber=5995717\" -O 2011_05995717.pdf", "region": [{"boundary": {"y": 197, "x": 205, "w": 167, "h": 173}, "FileName": "2011_05995717-Figure4-1subFig-1.png", "PageNo": 3, "Label": "Flow chart"}, {"boundary": {"y": 145, "x": 465, "w": 167, "h": 225}, "FileName": "2011_05995717-Figure4-1subFig-2.png", "PageNo": 3, "Label": "Flow chart"}, {"boundary": {"y": 145, "x": 716, "w": 299, "h": 226}, "FileName": "2011_05995717-Figure4-1subFig-3.png", "PageNo": 3, "Label": "Flow chart"}, {"boundary": {"y": 144, "x": 198, "w": 820, "h": 255}, "FileName": "2011_05995717-Table1-1subFig-1.png", "PageNo": 6, "Label": "Tables"}, {"boundary": {"y": 144, "x": 107, "w": 1010, "h": 311}, "FileName": "2011_05995717-Table2-1subFig-1.png", "PageNo": 7, "Label": "Tables"}]}