{"url": "wget \"http://ieeexplore.ieee.org/stampPDF/getPDF.jsp?tp=&isnumber=&arnumber=5995628\" -O 2011_05995628.pdf", "region": [{"boundary": {"y": 168, "x": 137, "w": 286, "h": 229}, "FileName": "2011_05995628-Figure2-1subFig-1.png", "PageNo": 6, "Label": "Graph plots"}, {"boundary": {"y": 168, "x": 489, "w": 281, "h": 229}, "FileName": "2011_05995628-Figure2-1subFig-2.png", "PageNo": 6, "Label": "Graph plots"}, {"boundary": {"y": 168, "x": 836, "w": 281, "h": 229}, "FileName": "2011_05995628-Figure2-1subFig-3.png", "PageNo": 6, "Label": "Graph plots"}, {"boundary": {"y": 167, "x": 142, "w": 278, "h": 218}, "FileName": "2011_05995628-Figure3-1subFig-1.png", "PageNo": 7, "Label": "Graph plots"}, {"boundary": {"y": 168, "x": 484, "w": 278, "h": 217}, "FileName": "2011_05995628-Figure3-1subFig-2.png", "PageNo": 7, "Label": "Graph plots"}, {"boundary": {"y": 168, "x": 826, "w": 278, "h": 217}, "FileName": "2011_05995628-Figure3-1subFig-3.png", "PageNo": 7, "Label": "Graph plots"}, {"boundary": {"y": 447, "x": 479, "w": 286, "h": 218}, "FileName": "2011_05995628-Figure4-1subFig-2.png", "PageNo": 7, "Label": "Graph plots"}, {"boundary": {"y": 447, "x": 821, "w": 286, "h": 218}, "FileName": "2011_05995628-Figure4-1subFig-3.png", "PageNo": 7, "Label": "Graph plots"}]}