{"url": "wget \"http://ieeexplore.ieee.org/stampPDF/getPDF.jsp?tp=&isnumber=&arnumber=5995483\" -O 2011_05995483.pdf", "region": [{"boundary": {"y": 145, "x": 632, "w": 222, "h": 215}, "FileName": "2011_05995483-Figure1-1subFig-1.png", "PageNo": 2, "Label": "Graph plots"}, {"boundary": {"y": 145, "x": 874, "w": 216, "h": 215}, "FileName": "2011_05995483-Figure1-1subFig-2.png", "PageNo": 2, "Label": "Graph plots"}, {"boundary": {"y": 150, "x": 144, "w": 401, "h": 337}, "FileName": "2011_05995483-Figure4-1subFig-1.png", "PageNo": 7, "Label": "Graph plots"}, {"boundary": {"y": 153, "x": 630, "w": 209, "h": 154}, "FileName": "2011_05995483-Figure5-1subFig-1.png", "PageNo": 7, "Label": "Graph plots"}, {"boundary": {"y": 664, "x": 626, "w": 215, "h": 155}, "FileName": "2011_05995483-Figure5-1subFig-4.png", "PageNo": 7, "Label": "Graph plots"}, {"boundary": {"y": 153, "x": 877, "w": 211, "h": 156}, "FileName": "2011_05995483-Figure5-1subFig-5.png", "PageNo": 7, "Label": "Graph plots"}, {"boundary": {"y": 322, "x": 873, "w": 216, "h": 156}, "FileName": "2011_05995483-Figure5-1subFig-6.png", "PageNo": 7, "Label": "Graph plots"}, {"boundary": {"y": 664, "x": 873, "w": 217, "h": 155}, "FileName": "2011_05995483-Figure5-1subFig-8.png", "PageNo": 7, "Label": "Graph plots"}]}