{"url": "wget \"http://ieeexplore.ieee.org/stampPDF/getPDF.jsp?tp=&isnumber=&arnumber=5995728\" -O 2011_05995728.pdf", "region": [{"boundary": {"y": 166, "x": 675, "w": 325, "h": 368}, "FileName": "2011_05995728-Figure2-1subFig-2.png", "PageNo": 3, "Label": "Flow chart"}, {"boundary": {"y": 164, "x": 161, "w": 437, "h": 362}, "FileName": "2011_05995728-Figure4-1subFig-1.png", "PageNo": 5, "Label": "Graph plots"}, {"boundary": {"y": 164, "x": 632, "w": 426, "h": 362}, "FileName": "2011_05995728-Figure4-1subFig-2.png", "PageNo": 5, "Label": "Graph plots"}, {"boundary": {"y": 238, "x": 188, "w": 847, "h": 328}, "FileName": "2011_05995728-Table1-1subFig-1.png", "PageNo": 4, "Label": "Tables"}, {"boundary": {"y": 673, "x": 216, "w": 790, "h": 227}, "FileName": "2011_05995728-Table2-1subFig-1.png", "PageNo": 4, "Label": "Tables"}]}