{"url": "wget \"http://ieeexplore.ieee.org/stampPDF/getPDF.jsp?tp=&isnumber=&arnumber=5995609\" -O 2011_05995609.pdf", "region": [{"boundary": {"y": 455, "x": 638, "w": 189, "h": 131}, "FileName": "2011_05995609-Figure1-1subFig-1.png", "PageNo": 0, "Label": "3D objects"}, {"boundary": {"y": 144, "x": 667, "w": 151, "h": 122}, "FileName": "2011_05995609-Figure4-1subFig-1.png", "PageNo": 3, "Label": "Natural images"}, {"boundary": {"y": 394, "x": 657, "w": 159, "h": 122}, "FileName": "2011_05995609-Figure4-1subFig-3.png", "PageNo": 3, "Label": "Natural images"}, {"boundary": {"y": 144, "x": 824, "w": 231, "h": 122}, "FileName": "2011_05995609-Figure4-1subFig-5.png", "PageNo": 3, "Label": "Natural images"}, {"boundary": {"y": 394, "x": 822, "w": 137, "h": 122}, "FileName": "2011_05995609-Figure4-1subFig-7.png", "PageNo": 3, "Label": "Natural images"}, {"boundary": {"y": 146, "x": 359, "w": 168, "h": 106}, "FileName": "2011_05995609-Figure5-1subFig-5.png", "PageNo": 5, "Label": "Natural images"}, {"boundary": {"y": 146, "x": 1009, "w": 145, "h": 106}, "FileName": "2011_05995609-Figure5-1subFig-13.png", "PageNo": 5, "Label": "Natural images"}, {"boundary": {"y": 374, "x": 120, "w": 105, "h": 106}, "FileName": "2011_05995609-Figure5-1subFig-17.png", "PageNo": 5, "Label": "Mask"}, {"boundary": {"y": 488, "x": 232, "w": 236, "h": 105}, "FileName": "2011_05995609-Figure5-1subFig-21.png", "PageNo": 5, "Label": "Natural images"}, {"boundary": {"y": 488, "x": 588, "w": 122, "h": 105}, "FileName": "2011_05995609-Figure5-1subFig-26.png", "PageNo": 5, "Label": "Natural images"}, {"boundary": {"y": 374, "x": 882, "w": 121, "h": 106}, "FileName": "2011_05995609-Figure5-1subFig-28.png", "PageNo": 5, "Label": "Mask"}, {"boundary": {"y": 146, "x": 576, "w": 190, "h": 119}, "FileName": "2011_05995609-Figure6-1subFig-7.png", "PageNo": 6, "Label": "Natural images"}, {"boundary": {"y": 146, "x": 920, "w": 189, "h": 119}, "FileName": "2011_05995609-Figure6-1subFig-9.png", "PageNo": 6, "Label": "Natural images"}, {"boundary": {"y": 553, "x": 112, "w": 121, "h": 119}, "FileName": "2011_05995609-Figure6-1subFig-16.png", "PageNo": 6, "Label": "Mask"}, {"boundary": {"y": 553, "x": 693, "w": 138, "h": 119}, "FileName": "2011_05995609-Figure6-1subFig-24.png", "PageNo": 6, "Label": "Mask"}, {"boundary": {"y": 175, "x": 682, "w": 324, "h": 328}, "FileName": "2011_05995609-Figure7-1subFig-1.png", "PageNo": 4, "Label": "Confusion matrix"}, {"boundary": {"y": 917, "x": 139, "w": 379, "h": 341}, "FileName": "2011_05995609-Figure8-1subFig-1.png", "PageNo": 5, "Label": "Graph plots"}]}