{"url": "wget \"http://ieeexplore.ieee.org/stampPDF/getPDF.jsp?tp=&isnumber=&arnumber=5995422\" -O 2011_05995422.pdf", "region": [{"boundary": {"y": 194, "x": 633, "w": 110, "h": 132}, "FileName": "2011_05995422-Figure2-1subFig-1.png", "PageNo": 1, "Label": "Medical images"}, {"boundary": {"y": 505, "x": 633, "w": 110, "h": 186}, "FileName": "2011_05995422-Figure2-1subFig-3.png", "PageNo": 1, "Label": "Medical images"}, {"boundary": {"y": 194, "x": 771, "w": 132, "h": 132}, "FileName": "2011_05995422-Figure2-1subFig-4.png", "PageNo": 1, "Label": "Medical images"}, {"boundary": {"y": 505, "x": 771, "w": 132, "h": 186}, "FileName": "2011_05995422-Figure2-1subFig-6.png", "PageNo": 1, "Label": "Medical images"}, {"boundary": {"y": 194, "x": 931, "w": 159, "h": 132}, "FileName": "2011_05995422-Figure2-1subFig-7.png", "PageNo": 1, "Label": "Medical images"}, {"boundary": {"y": 505, "x": 931, "w": 159, "h": 186}, "FileName": "2011_05995422-Figure2-1subFig-9.png", "PageNo": 1, "Label": "Medical images"}, {"boundary": {"y": 145, "x": 633, "w": 110, "h": 133}, "FileName": "2011_05995422-Figure8-1subFig-1.png", "PageNo": 6, "Label": "Medical images"}, {"boundary": {"y": 289, "x": 633, "w": 110, "h": 156}, "FileName": "2011_05995422-Figure8-1subFig-2.png", "PageNo": 6, "Label": "Medical images"}, {"boundary": {"y": 145, "x": 771, "w": 132, "h": 133}, "FileName": "2011_05995422-Figure8-1subFig-4.png", "PageNo": 6, "Label": "Medical images"}, {"boundary": {"y": 289, "x": 771, "w": 132, "h": 156}, "FileName": "2011_05995422-Figure8-1subFig-5.png", "PageNo": 6, "Label": "Medical images"}, {"boundary": {"y": 456, "x": 771, "w": 132, "h": 187}, "FileName": "2011_05995422-Figure8-1subFig-6.png", "PageNo": 6, "Label": "Medical images"}, {"boundary": {"y": 145, "x": 931, "w": 159, "h": 133}, "FileName": "2011_05995422-Figure8-1subFig-7.png", "PageNo": 6, "Label": "Medical images"}, {"boundary": {"y": 289, "x": 931, "w": 159, "h": 156}, "FileName": "2011_05995422-Figure8-1subFig-8.png", "PageNo": 6, "Label": "Medical images"}, {"boundary": {"y": 456, "x": 931, "w": 159, "h": 187}, "FileName": "2011_05995422-Figure8-1subFig-9.png", "PageNo": 6, "Label": "Medical images"}, {"boundary": {"y": 146, "x": 112, "w": 139, "h": 140}, "FileName": "2011_05995422-Figure9-1subFig-1.png", "PageNo": 7, "Label": "Medical images"}, {"boundary": {"y": 298, "x": 112, "w": 139, "h": 163}, "FileName": "2011_05995422-Figure9-1subFig-2.png", "PageNo": 7, "Label": "Medical images"}, {"boundary": {"y": 472, "x": 112, "w": 139, "h": 194}, "FileName": "2011_05995422-Figure9-1subFig-3.png", "PageNo": 7, "Label": "Medical images"}, {"boundary": {"y": 146, "x": 279, "w": 140, "h": 140}, "FileName": "2011_05995422-Figure9-1subFig-4.png", "PageNo": 7, "Label": "Medical images"}, {"boundary": {"y": 298, "x": 279, "w": 140, "h": 163}, "FileName": "2011_05995422-Figure9-1subFig-5.png", "PageNo": 7, "Label": "Medical images"}, {"boundary": {"y": 472, "x": 279, "w": 140, "h": 194}, "FileName": "2011_05995422-Figure9-1subFig-6.png", "PageNo": 7, "Label": "Medical images"}, {"boundary": {"y": 146, "x": 447, "w": 139, "h": 140}, "FileName": "2011_05995422-Figure9-1subFig-7.png", "PageNo": 7, "Label": "Medical images"}, {"boundary": {"y": 298, "x": 447, "w": 139, "h": 163}, "FileName": "2011_05995422-Figure9-1subFig-8.png", "PageNo": 7, "Label": "Medical images"}, {"boundary": {"y": 472, "x": 447, "w": 139, "h": 194}, "FileName": "2011_05995422-Figure9-1subFig-9.png", "PageNo": 7, "Label": "Medical images"}]}