{"url": "wget \"http://ieeexplore.ieee.org/stampPDF/getPDF.jsp?tp=&isnumber=&arnumber=5995542\" -O 2011_05995542.pdf", "region": [{"boundary": {"y": 449, "x": 626, "w": 474, "h": 306}, "FileName": "2011_05995542-Figure1-1subFig-1.png", "PageNo": 0, "Label": "Block diagram"}, {"boundary": {"y": 149, "x": 118, "w": 993, "h": 192}, "FileName": "2011_05995542-Figure10-1subFig-1.png", "PageNo": 7, "Label": "Graph plots"}, {"boundary": {"y": 146, "x": 113, "w": 475, "h": 406}, "FileName": "2011_05995542-Figure2-1subFig-1.png", "PageNo": 2, "Label": "Block diagram"}]}