{"url": "wget \"http://ieeexplore.ieee.org/stampPDF/getPDF.jsp?tp=&isnumber=&arnumber=5995331\" -O 2011_05995331.pdf", "region": [{"boundary": {"y": 1116, "x": 687, "w": 347, "h": 130}, "FileName": "2011_05995331-Figure1-1subFig-1.png", "PageNo": 1, "Label": "Graph plots"}, {"boundary": {"y": 505, "x": 108, "w": 230, "h": 194}, "FileName": "2011_05995331-Figure3-1subFig-1.png", "PageNo": 3, "Label": "Bar plots"}, {"boundary": {"y": 505, "x": 356, "w": 230, "h": 194}, "FileName": "2011_05995331-Figure3-1subFig-2.png", "PageNo": 3, "Label": "Bar plots"}, {"boundary": {"y": 528, "x": 716, "w": 287, "h": 224}, "FileName": "2011_05995331-Figure4-1subFig-1.png", "PageNo": 3, "Label": "Scatter plot"}]}