{"url": "wget \"http://ieeexplore.ieee.org/stampPDF/getPDF.jsp?tp=&isnumber=&arnumber=6248036\" -O 2012_06248036.pdf", "region": [{"boundary": {"y": 171, "x": 120, "w": 367, "h": 228}, "FileName": "2012_06248036-Figure4-1subFig-1.png", "PageNo": 5, "Label": "Bar plots"}, {"boundary": {"y": 176, "x": 498, "w": 280, "h": 223}, "FileName": "2012_06248036-Figure4-1subFig-2.png", "PageNo": 5, "Label": "Bar plots"}, {"boundary": {"y": 483, "x": 118, "w": 366, "h": 231}, "FileName": "2012_06248036-Figure5-1subFig-1.png", "PageNo": 5, "Label": "Bar plots"}, {"boundary": {"y": 487, "x": 496, "w": 280, "h": 227}, "FileName": "2012_06248036-Figure5-1subFig-2.png", "PageNo": 5, "Label": "Bar plots"}, {"boundary": {"y": 483, "x": 786, "w": 327, "h": 231}, "FileName": "2012_06248036-Figure5-1subFig-3.png", "PageNo": 5, "Label": "Graph plots"}, {"boundary": {"y": 172, "x": 112, "w": 377, "h": 227}, "FileName": "2012_06248036-Figure6-1subFig-1.png", "PageNo": 6, "Label": "Bar plots"}, {"boundary": {"y": 176, "x": 500, "w": 323, "h": 223}, "FileName": "2012_06248036-Figure6-1subFig-2.png", "PageNo": 6, "Label": "Bar plots"}, {"boundary": {"y": 176, "x": 835, "w": 274, "h": 223}, "FileName": "2012_06248036-Figure6-1subFig-3.png", "PageNo": 6, "Label": "Bar plots"}]}