{"url": "wget \"http://ieeexplore.ieee.org/stampPDF/getPDF.jsp?tp=&isnumber=&arnumber=6248034\" -O 2012_06248034.pdf", "region": [{"boundary": {"y": 147, "x": 115, "w": 277, "h": 158}, "FileName": "2012_06248034-Figure1-1subFig-1.png", "PageNo": 2, "Label": "Histogram"}, {"boundary": {"y": 395, "x": 361, "w": 200, "h": 155}, "FileName": "2012_06248034-Figure10-1subFig-1.png", "PageNo": 7, "Label": "Graph plots"}, {"boundary": {"y": 144, "x": 792, "w": 276, "h": 161}, "FileName": "2012_06248034-Figure3-1subFig-1.png", "PageNo": 2, "Label": "Graph plots"}, {"boundary": {"y": 144, "x": 154, "w": 288, "h": 228}, "FileName": "2012_06248034-Figure6-1subFig-1.png", "PageNo": 5, "Label": "Graph plots"}, {"boundary": {"y": 378, "x": 154, "w": 288, "h": 229}, "FileName": "2012_06248034-Figure6-1subFig-2.png", "PageNo": 5, "Label": "Graph plots"}, {"boundary": {"y": 144, "x": 469, "w": 288, "h": 228}, "FileName": "2012_06248034-Figure6-1subFig-3.png", "PageNo": 5, "Label": "Graph plots"}, {"boundary": {"y": 378, "x": 469, "w": 288, "h": 229}, "FileName": "2012_06248034-Figure6-1subFig-4.png", "PageNo": 5, "Label": "Graph plots"}, {"boundary": {"y": 144, "x": 784, "w": 287, "h": 228}, "FileName": "2012_06248034-Figure6-1subFig-5.png", "PageNo": 5, "Label": "Graph plots"}, {"boundary": {"y": 378, "x": 784, "w": 287, "h": 229}, "FileName": "2012_06248034-Figure6-1subFig-6.png", "PageNo": 5, "Label": "Graph plots"}, {"boundary": {"y": 664, "x": 154, "w": 288, "h": 250}, "FileName": "2012_06248034-Figure7-1subFig-1.png", "PageNo": 5, "Label": "Graph plots"}, {"boundary": {"y": 668, "x": 469, "w": 288, "h": 246}, "FileName": "2012_06248034-Figure7-1subFig-2.png", "PageNo": 5, "Label": "Graph plots"}, {"boundary": {"y": 664, "x": 784, "w": 287, "h": 250}, "FileName": "2012_06248034-Figure7-1subFig-3.png", "PageNo": 5, "Label": "Graph plots"}, {"boundary": {"y": 145, "x": 618, "w": 234, "h": 215}, "FileName": "2012_06248034-Figure8-1subFig-1.png", "PageNo": 6, "Label": "Graph plots"}, {"boundary": {"y": 144, "x": 874, "w": 234, "h": 216}, "FileName": "2012_06248034-Figure8-1subFig-2.png", "PageNo": 6, "Label": "Graph plots"}, {"boundary": {"y": 144, "x": 114, "w": 220, "h": 207}, "FileName": "2012_06248034-Figure9-1subFig-1.png", "PageNo": 7, "Label": "Graph plots"}, {"boundary": {"y": 146, "x": 356, "w": 220, "h": 205}, "FileName": "2012_06248034-Figure9-1subFig-2.png", "PageNo": 7, "Label": "Graph plots"}, {"boundary": {"y": 347, "x": 619, "w": 488, "h": 140}, "FileName": "2012_06248034-Table3-1subFig-1.png", "PageNo": 7, "Label": "Tables"}]}