{"url": "wget \"http://ieeexplore.ieee.org/stampPDF/getPDF.jsp?tp=&isnumber=&arnumber=6248004\" -O 2012_06248004.pdf", "region": [{"boundary": {"y": 892, "x": 655, "w": 193, "h": 316}, "FileName": "2012_06248004-Figure1-1subFig-1.png", "PageNo": 1, "Label": "Scatter plot"}, {"boundary": {"y": 892, "x": 877, "w": 193, "h": 152}, "FileName": "2012_06248004-Figure1-1subFig-2.png", "PageNo": 1, "Label": "Scatter plot"}, {"boundary": {"y": 1056, "x": 876, "w": 198, "h": 152}, "FileName": "2012_06248004-Figure1-1subFig-3.png", "PageNo": 1, "Label": "Scatter plot"}, {"boundary": {"y": 628, "x": 667, "w": 389, "h": 275}, "FileName": "2012_06248004-Figure2-1subFig-1.png", "PageNo": 3, "Label": "Block diagram"}, {"boundary": {"y": 769, "x": 623, "w": 484, "h": 374}, "FileName": "2012_06248004-Figure5-1subFig-1.png", "PageNo": 5, "Label": "Graph plots"}, {"boundary": {"y": 144, "x": 660, "w": 403, "h": 335}, "FileName": "2012_06248004-Figure8-1subFig-1.png", "PageNo": 6, "Label": "Bar plots"}, {"boundary": {"y": 640, "x": 663, "w": 396, "h": 206}, "FileName": "2012_06248004-Table1-1subFig-1.png", "PageNo": 6, "Label": "Tables"}]}