{"url": "wget \"http://ieeexplore.ieee.org/stampPDF/getPDF.jsp?tp=&isnumber=&arnumber=6247689\" -O 2012_06247689.pdf", "region": [{"boundary": {"y": 146, "x": 691, "w": 142, "h": 180}, "FileName": "2012_06247689-Figure2-1subFig-1.png", "PageNo": 1, "Label": "Sketches"}, {"boundary": {"y": 144, "x": 840, "w": 188, "h": 182}, "FileName": "2012_06247689-Figure2-1subFig-2.png", "PageNo": 1, "Label": "Sketches"}, {"boundary": {"y": 181, "x": 185, "w": 107, "h": 213}, "FileName": "2012_06247689-Figure3-1subFig-1.png", "PageNo": 2, "Label": "Sketches"}, {"boundary": {"y": 170, "x": 297, "w": 103, "h": 224}, "FileName": "2012_06247689-Figure3-1subFig-2.png", "PageNo": 2, "Label": "Sketches"}, {"boundary": {"y": 297, "x": 405, "w": 300, "h": 99}, "FileName": "2012_06247689-Figure3-1subFig-4.png", "PageNo": 2, "Label": "Sketches"}, {"boundary": {"y": 174, "x": 100, "w": 115, "h": 176}, "FileName": "2012_06247689-Figure4-1subFig-1.png", "PageNo": 3, "Label": "Sketches"}, {"boundary": {"y": 164, "x": 241, "w": 157, "h": 186}, "FileName": "2012_06247689-Figure4-1subFig-2.png", "PageNo": 3, "Label": "Sketches"}, {"boundary": {"y": 145, "x": 422, "w": 171, "h": 205}, "FileName": "2012_06247689-Figure4-1subFig-3.png", "PageNo": 3, "Label": "Flow chart"}, {"boundary": {"y": 145, "x": 617, "w": 100, "h": 129}, "FileName": "2012_06247689-Figure5-1subFig-1.png", "PageNo": 3, "Label": "Sketches"}, {"boundary": {"y": 154, "x": 732, "w": 115, "h": 119}, "FileName": "2012_06247689-Figure5-1subFig-2.png", "PageNo": 3, "Label": "Sketches"}, {"boundary": {"y": 153, "x": 869, "w": 107, "h": 119}, "FileName": "2012_06247689-Figure5-1subFig-3.png", "PageNo": 3, "Label": "Sketches"}, {"boundary": {"y": 150, "x": 981, "w": 141, "h": 122}, "FileName": "2012_06247689-Figure5-1subFig-4.png", "PageNo": 3, "Label": "Sketches"}, {"boundary": {"y": 802, "x": 207, "w": 162, "h": 102}, "FileName": "2012_06247689-Figure6-1subFig-7.png", "PageNo": 6, "Label": "Sketches"}, {"boundary": {"y": 913, "x": 207, "w": 167, "h": 95}, "FileName": "2012_06247689-Figure6-1subFig-8.png", "PageNo": 6, "Label": "Sketches"}]}