{"url": "wget \"http://ieeexplore.ieee.org/stampPDF/getPDF.jsp?tp=&isnumber=&arnumber=6247936\" -O 2012_06247936.pdf", "region": [{"boundary": {"y": 145, "x": 709, "w": 301, "h": 258}, "FileName": "2012_06247936-Figure1-1subFig-1.png", "PageNo": 1, "Label": "Flow chart"}, {"boundary": {"y": 479, "x": 705, "w": 308, "h": 257}, "FileName": "2012_06247936-Figure7-1subFig-1.png", "PageNo": 5, "Label": "Graph plots"}, {"boundary": {"y": 592, "x": 655, "w": 412, "h": 332}, "FileName": "2012_06247936-Figure9-1subFig-1.png", "PageNo": 6, "Label": "Graph plots"}, {"boundary": {"y": 213, "x": 180, "w": 319, "h": 154}, "FileName": "2012_06247936-Table2-1subFig-1.png", "PageNo": 7, "Label": "Tables"}]}