{"url": "wget \"http://ieeexplore.ieee.org/stampPDF/getPDF.jsp?tp=&isnumber=&arnumber=6248009\" -O 2012_06248009.pdf", "region": [{"boundary": {"y": 427, "x": 626, "w": 472, "h": 275}, "FileName": "2012_06248009-Figure1-1subFig-1.png", "PageNo": 0, "Label": "Block diagram"}, {"boundary": {"y": 713, "x": 634, "w": 451, "h": 125}, "FileName": "2012_06248009-Figure1-1subFig-2.png", "PageNo": 0, "Label": "Block diagram"}, {"boundary": {"y": 144, "x": 109, "w": 471, "h": 319}, "FileName": "2012_06248009-Figure2-1subFig-1.png", "PageNo": 2, "Label": "Flow chart"}, {"boundary": {"y": 518, "x": 624, "w": 479, "h": 225}, "FileName": "2012_06248009-Table1-1subFig-1.png", "PageNo": 5, "Label": "Tables"}]}