{"url": "wget \"http://ieeexplore.ieee.org/stampPDF/getPDF.jsp?tp=&isnumber=&arnumber=6248040\" -O 2012_06248040.pdf", "region": [{"boundary": {"y": 163, "x": 129, "w": 422, "h": 303}, "FileName": "2012_06248040-Figure1-1subFig-1.png", "PageNo": 4, "Label": "Graph plots"}, {"boundary": {"y": 157, "x": 642, "w": 420, "h": 283}, "FileName": "2012_06248040-Figure5-1subFig-1.png", "PageNo": 6, "Label": "Bar plots"}, {"boundary": {"y": 566, "x": 638, "w": 435, "h": 303}, "FileName": "2012_06248040-Figure6-1subFig-1.png", "PageNo": 6, "Label": "Graph plots"}]}