{"url": "wget \"http://ieeexplore.ieee.org/stampPDF/getPDF.jsp?tp=&isnumber=&arnumber=6247849\" -O 2012_06247849.pdf", "region": [{"boundary": {"y": 678, "x": 616, "w": 233, "h": 176}, "FileName": "2012_06247849-Figure11-1subFig-3.png", "PageNo": 6, "Label": "Graph plots"}, {"boundary": {"y": 678, "x": 875, "w": 224, "h": 176}, "FileName": "2012_06247849-Figure11-1subFig-4.png", "PageNo": 6, "Label": "Graph plots"}, {"boundary": {"y": 940, "x": 615, "w": 253, "h": 189}, "FileName": "2012_06247849-Figure11-1subFig-7.png", "PageNo": 6, "Label": "Graph plots"}, {"boundary": {"y": 144, "x": 875, "w": 206, "h": 181}, "FileName": "2012_06247849-Figure2-1subFig-2.png", "PageNo": 1, "Label": "Sketches"}, {"boundary": {"y": 784, "x": 156, "w": 388, "h": 352}, "FileName": "2012_06247849-Figure9-1subFig-1.png", "PageNo": 5, "Label": "Scatter plot"}]}