{"url": "wget \"http://ieeexplore.ieee.org/stampPDF/getPDF.jsp?tp=&isnumber=&arnumber=6247971\" -O 2012_06247971.pdf", "region": [{"boundary": {"y": 433, "x": 677, "w": 468, "h": 272}, "FileName": "2012_06247971-Figure1-1subFig-1.png", "PageNo": 0, "Label": "Block diagram"}, {"boundary": {"y": 296, "x": 149, "w": 360, "h": 186}, "FileName": "2012_06247971-Figure2-1subFig-2.png", "PageNo": 4, "Label": "Graph plots"}, {"boundary": {"y": 127, "x": 150, "w": 358, "h": 291}, "FileName": "2012_06247971-Figure4-1subFig-1.png", "PageNo": 6, "Label": "Graph plots"}, {"boundary": {"y": 128, "x": 511, "w": 318, "h": 291}, "FileName": "2012_06247971-Figure4-1subFig-2.png", "PageNo": 6, "Label": "Graph plots"}, {"boundary": {"y": 127, "x": 832, "w": 335, "h": 291}, "FileName": "2012_06247971-Figure4-1subFig-3.png", "PageNo": 6, "Label": "Graph plots"}, {"boundary": {"y": 425, "x": 151, "w": 358, "h": 291}, "FileName": "2012_06247971-Figure4-1subFig-4.png", "PageNo": 6, "Label": "Graph plots"}, {"boundary": {"y": 427, "x": 511, "w": 318, "h": 291}, "FileName": "2012_06247971-Figure4-1subFig-5.png", "PageNo": 6, "Label": "Graph plots"}, {"boundary": {"y": 426, "x": 835, "w": 330, "h": 290}, "FileName": "2012_06247971-Figure4-1subFig-6.png", "PageNo": 6, "Label": "Graph plots"}, {"boundary": {"y": 151, "x": 564, "w": 294, "h": 214}, "FileName": "2012_06247971-Figure5-1subFig-2.png", "PageNo": 7, "Label": "Histogram"}, {"boundary": {"y": 151, "x": 864, "w": 300, "h": 214}, "FileName": "2012_06247971-Figure5-1subFig-3.png", "PageNo": 7, "Label": "Histogram"}]}