{"url": "wget \"http://ieeexplore.ieee.org/stampPDF/getPDF.jsp?tp=&isnumber=&arnumber=6247927\" -O 2012_06247927.pdf", "region": [{"boundary": {"y": 608, "x": 153, "w": 384, "h": 303}, "FileName": "2012_06247927-Figure4-1subFig-1.png", "PageNo": 5, "Label": "Graph plots"}, {"boundary": {"y": 929, "x": 153, "w": 384, "h": 365}, "FileName": "2012_06247927-Figure4-1subFig-2.png", "PageNo": 5, "Label": "Graph plots"}, {"boundary": {"y": 144, "x": 660, "w": 402, "h": 155}, "FileName": "2012_06247927-Table1-1subFig-1.png", "PageNo": 5, "Label": "Tables"}]}