{"url": "wget \"http://ieeexplore.ieee.org/stampPDF/getPDF.jsp?tp=&isnumber=&arnumber=6247996\" -O 2012_06247996.pdf", "region": [{"boundary": {"y": 117, "x": 768, "w": 189, "h": 211}, "FileName": "2012_06247996-Figure4-1subFig-2.png", "PageNo": 3, "Label": "Confusion matrix"}, {"boundary": {"y": 106, "x": 340, "w": 249, "h": 137}, "FileName": "2012_06247996-Figure5-1subFig-3.png", "PageNo": 4, "Label": "Histogram"}, {"boundary": {"y": 268, "x": 804, "w": 295, "h": 180}, "FileName": "2012_06247996-Figure8-1subFig-1.png", "PageNo": 6, "Label": "Graph plots"}]}