{"url": "wget \"http://ieeexplore.ieee.org/stampPDF/getPDF.jsp?tp=&isnumber=&arnumber=6247826\" -O 2012_06247826.pdf", "region": [{"boundary": {"y": 144, "x": 649, "w": 426, "h": 320}, "FileName": "2012_06247826-Figure2-1subFig-1.png", "PageNo": 1, "Label": "Sketches"}, {"boundary": {"y": 162, "x": 146, "w": 403, "h": 246}, "FileName": "2012_06247826-Figure4-1subFig-1.png", "PageNo": 4, "Label": "Graph plots"}, {"boundary": {"y": 162, "x": 665, "w": 401, "h": 246}, "FileName": "2012_06247826-Figure5-1subFig-1.png", "PageNo": 4, "Label": "Graph plots"}, {"boundary": {"y": 162, "x": 123, "w": 316, "h": 245}, "FileName": "2012_06247826-Figure6-1subFig-1.png", "PageNo": 5, "Label": "Graph plots"}, {"boundary": {"y": 745, "x": 630, "w": 229, "h": 207}, "FileName": "2012_06247826-Figure8-1subFig-1.png", "PageNo": 5, "Label": "Histogram"}, {"boundary": {"y": 746, "x": 864, "w": 229, "h": 209}, "FileName": "2012_06247826-Figure8-1subFig-2.png", "PageNo": 5, "Label": "Graph plots"}, {"boundary": {"y": 982, "x": 629, "w": 230, "h": 209}, "FileName": "2012_06247826-Figure8-1subFig-3.png", "PageNo": 5, "Label": "Graph plots"}, {"boundary": {"y": 144, "x": 313, "w": 195, "h": 195}, "FileName": "2012_06247826-Figure9-1subFig-2.png", "PageNo": 7, "Label": "Natural images"}, {"boundary": {"y": 144, "x": 727, "w": 195, "h": 195}, "FileName": "2012_06247826-Figure9-1subFig-4.png", "PageNo": 7, "Label": "Natural images"}, {"boundary": {"y": 144, "x": 935, "w": 194, "h": 195}, "FileName": "2012_06247826-Figure9-1subFig-5.png", "PageNo": 7, "Label": "Natural images"}]}