{"url": "wget \"http://ieeexplore.ieee.org/stampPDF/getPDF.jsp?tp=&isnumber=&arnumber=6248059\" -O 2012_06248059.pdf", "region": [{"boundary": {"y": 161, "x": 690, "w": 422, "h": 300}, "FileName": "2012_06248059-Figure7-1subFig-1.png", "PageNo": 5, "Label": "Graph plots"}, {"boundary": {"y": 481, "x": 690, "w": 422, "h": 305}, "FileName": "2012_06248059-Figure7-1subFig-2.png", "PageNo": 5, "Label": "Graph plots"}, {"boundary": {"y": 875, "x": 147, "w": 490, "h": 163}, "FileName": "2012_06248059-Table1-1subFig-1.png", "PageNo": 6, "Label": "Tables"}]}