{"url": "wget \"http://ieeexplore.ieee.org/stampPDF/getPDF.jsp?tp=&isnumber=&arnumber=6247897\" -O 2012_06247897.pdf", "region": [{"boundary": {"y": 152, "x": 172, "w": 263, "h": 261}, "FileName": "2012_06247897-Figure1-1subFig-1.png", "PageNo": 3, "Label": "Graph plots"}, {"boundary": {"y": 152, "x": 479, "w": 263, "h": 261}, "FileName": "2012_06247897-Figure1-1subFig-2.png", "PageNo": 3, "Label": "Graph plots"}, {"boundary": {"y": 152, "x": 770, "w": 279, "h": 261}, "FileName": "2012_06247897-Figure1-1subFig-3.png", "PageNo": 3, "Label": "Graph plots"}, {"boundary": {"y": 152, "x": 180, "w": 319, "h": 215}, "FileName": "2012_06247897-Figure3-1subFig-1.png", "PageNo": 5, "Label": "Bar plots"}, {"boundary": {"y": 152, "x": 698, "w": 336, "h": 222}, "FileName": "2012_06247897-Figure5-1subFig-1.png", "PageNo": 5, "Label": "Graph plots"}]}