{"url": "wget \"http://ieeexplore.ieee.org/stampPDF/getPDF.jsp?tp=&isnumber=&arnumber=6247765\" -O 2012_06247765.pdf", "region": [{"boundary": {"y": 625, "x": 702, "w": 314, "h": 251}, "FileName": "2012_06247765-Figure3-1subFig-1.png", "PageNo": 3, "Label": "Graph plots"}, {"boundary": {"y": 145, "x": 617, "w": 493, "h": 159}, "FileName": "2012_06247765-Table1-1subFig-1.png", "PageNo": 4, "Label": "Tables"}, {"boundary": {"y": 308, "x": 617, "w": 493, "h": 158}, "FileName": "2012_06247765-Table1-1subFig-2.png", "PageNo": 4, "Label": "Tables"}]}