{"url": "wget \"http://ieeexplore.ieee.org/stampPDF/getPDF.jsp?tp=&isnumber=&arnumber=6247806\" -O 2012_06247806.pdf", "region": [{"boundary": {"y": 432, "x": 631, "w": 202, "h": 131}, "FileName": "2012_06247806-Figure1-1subFig-1.png", "PageNo": 0, "Label": "Tables"}, {"boundary": {"y": 1048, "x": 864, "w": 232, "h": 185}, "FileName": "2012_06247806-Figure6-1subFig-1.png", "PageNo": 4, "Label": "Confusion matrix"}, {"boundary": {"y": 735, "x": 149, "w": 389, "h": 335}, "FileName": "2012_06247806-Figure7-1subFig-1.png", "PageNo": 5, "Label": "Confusion matrix"}, {"boundary": {"y": 151, "x": 624, "w": 477, "h": 212}, "FileName": "2012_06247806-Figure9-1subFig-1.png", "PageNo": 6, "Label": "Graph plots"}]}