{"url": "wget \"http://ieeexplore.ieee.org/stampPDF/getPDF.jsp?tp=&isnumber=&arnumber=6247999\" -O 2012_06247999.pdf", "region": [{"boundary": {"y": 144, "x": 521, "w": 185, "h": 138}, "FileName": "2012_06247999-Figure10-1subFig-3.png", "PageNo": 7, "Label": "Natural images"}, {"boundary": {"y": 285, "x": 139, "w": 185, "h": 138}, "FileName": "2012_06247999-Figure10-1subFig-4.png", "PageNo": 7, "Label": "Mask"}, {"boundary": {"y": 285, "x": 330, "w": 185, "h": 138}, "FileName": "2012_06247999-Figure10-1subFig-5.png", "PageNo": 7, "Label": "Mask"}, {"boundary": {"y": 285, "x": 521, "w": 185, "h": 138}, "FileName": "2012_06247999-Figure10-1subFig-6.png", "PageNo": 7, "Label": "Mask"}, {"boundary": {"y": 147, "x": 635, "w": 214, "h": 206}, "FileName": "2012_06247999-Figure3-1subFig-1.png", "PageNo": 2, "Label": "Bar plots"}, {"boundary": {"y": 148, "x": 875, "w": 215, "h": 210}, "FileName": "2012_06247999-Figure3-1subFig-2.png", "PageNo": 2, "Label": "Confusion matrix"}, {"boundary": {"y": 155, "x": 636, "w": 195, "h": 244}, "FileName": "2012_06247999-Figure4-1subFig-1.png", "PageNo": 3, "Label": "Graph plots"}, {"boundary": {"y": 155, "x": 867, "w": 200, "h": 243}, "FileName": "2012_06247999-Figure4-1subFig-2.png", "PageNo": 3, "Label": "Graph plots"}, {"boundary": {"y": 144, "x": 112, "w": 235, "h": 302}, "FileName": "2012_06247999-Figure5-1subFig-1.png", "PageNo": 5, "Label": "Confusion matrix"}, {"boundary": {"y": 159, "x": 380, "w": 210, "h": 286}, "FileName": "2012_06247999-Figure5-1subFig-2.png", "PageNo": 5, "Label": "Confusion matrix"}, {"boundary": {"y": 144, "x": 629, "w": 261, "h": 297}, "FileName": "2012_06247999-Figure7-1subFig-1.png", "PageNo": 5, "Label": "Bar plots"}, {"boundary": {"y": 164, "x": 927, "w": 195, "h": 277}, "FileName": "2012_06247999-Figure7-1subFig-2.png", "PageNo": 5, "Label": "Graph plots"}, {"boundary": {"y": 144, "x": 139, "w": 185, "h": 138}, "FileName": "2012_06247999-Figure8-1subFig-1.png", "PageNo": 6, "Label": "Natural images"}, {"boundary": {"y": 144, "x": 330, "w": 185, "h": 138}, "FileName": "2012_06247999-Figure8-1subFig-3.png", "PageNo": 6, "Label": "Natural images"}, {"boundary": {"y": 285, "x": 330, "w": 185, "h": 138}, "FileName": "2012_06247999-Figure8-1subFig-4.png", "PageNo": 6, "Label": "Mask"}, {"boundary": {"y": 144, "x": 521, "w": 185, "h": 138}, "FileName": "2012_06247999-Figure8-1subFig-5.png", "PageNo": 6, "Label": "Natural images"}, {"boundary": {"y": 144, "x": 712, "w": 184, "h": 138}, "FileName": "2012_06247999-Figure8-1subFig-7.png", "PageNo": 6, "Label": "Natural images"}, {"boundary": {"y": 285, "x": 712, "w": 184, "h": 138}, "FileName": "2012_06247999-Figure8-1subFig-8.png", "PageNo": 6, "Label": "Mask"}, {"boundary": {"y": 144, "x": 903, "w": 184, "h": 138}, "FileName": "2012_06247999-Figure8-1subFig-9.png", "PageNo": 6, "Label": "Natural images"}, {"boundary": {"y": 285, "x": 903, "w": 184, "h": 138}, "FileName": "2012_06247999-Figure8-1subFig-10.png", "PageNo": 6, "Label": "Mask"}, {"boundary": {"y": 658, "x": 132, "w": 184, "h": 163}, "FileName": "2012_06247999-Figure9-1subFig-1.png", "PageNo": 6, "Label": "Natural images"}, {"boundary": {"y": 144, "x": 630, "w": 459, "h": 180}, "FileName": "2012_06247999-Table3-1subFig-1.png", "PageNo": 4, "Label": "Tables"}]}