{"url": "wget \"http://ieeexplore.ieee.org/stampPDF/getPDF.jsp?tp=&isnumber=&arnumber=6247917\" -O 2012_06247917.pdf", "region": [{"boundary": {"y": 938, "x": 140, "w": 376, "h": 272}, "FileName": "2012_06247917-Figure11-1subFig-2.png", "PageNo": 7, "Label": "Graph plots"}, {"boundary": {"y": 144, "x": 618, "w": 530, "h": 231}, "FileName": "2012_06247917-Figure2-1subFig-1.png", "PageNo": 1, "Label": "Block diagram"}, {"boundary": {"y": 159, "x": 157, "w": 361, "h": 276}, "FileName": "2012_06247917-Figure5-1subFig-1.png", "PageNo": 6, "Label": "Graph plots"}, {"boundary": {"y": 785, "x": 148, "w": 370, "h": 279}, "FileName": "2012_06247917-Figure7-1subFig-1.png", "PageNo": 6, "Label": "Graph plots"}, {"boundary": {"y": 750, "x": 656, "w": 414, "h": 245}, "FileName": "2012_06247917-Figure9-1subFig-1.png", "PageNo": 6, "Label": "Graph plots"}]}