{"url": "wget \"http://ieeexplore.ieee.org/stampPDF/getPDF.jsp?tp=&isnumber=&arnumber=6247777\" -O 2012_06247777.pdf", "region": [{"boundary": {"y": 117, "x": 651, "w": 421, "h": 272}, "FileName": "2012_06247777-Figure11-1subFig-1.png", "PageNo": 6, "Label": "Bar plots"}, {"boundary": {"y": 145, "x": 840, "w": 241, "h": 183}, "FileName": "2012_06247777-Figure3-1subFig-2.png", "PageNo": 2, "Label": "Flow chart"}, {"boundary": {"y": 144, "x": 99, "w": 495, "h": 235}, "FileName": "2012_06247777-Figure4-1subFig-1.png", "PageNo": 3, "Label": "Flow chart"}, {"boundary": {"y": 152, "x": 639, "w": 196, "h": 227}, "FileName": "2012_06247777-Figure5-1subFig-1.png", "PageNo": 3, "Label": "Flow chart"}, {"boundary": {"y": 154, "x": 858, "w": 233, "h": 225}, "FileName": "2012_06247777-Figure5-1subFig-2.png", "PageNo": 3, "Label": "Flow chart"}, {"boundary": {"y": 145, "x": 112, "w": 294, "h": 270}, "FileName": "2012_06247777-Figure6-1subFig-1.png", "PageNo": 5, "Label": "Medical images"}, {"boundary": {"y": 475, "x": 137, "w": 177, "h": 229}, "FileName": "2012_06247777-Figure7-1subFig-1.png", "PageNo": 5, "Label": "Medical images"}, {"boundary": {"y": 717, "x": 137, "w": 177, "h": 100}, "FileName": "2012_06247777-Figure7-1subFig-2.png", "PageNo": 5, "Label": "Medical images"}, {"boundary": {"y": 717, "x": 333, "w": 217, "h": 100}, "FileName": "2012_06247777-Figure7-1subFig-4.png", "PageNo": 5, "Label": "Medical images"}, {"boundary": {"y": 474, "x": 654, "w": 416, "h": 206}, "FileName": "2012_06247777-Figure8-1subFig-1.png", "PageNo": 5, "Label": "Graph plots"}, {"boundary": {"y": 145, "x": 145, "w": 402, "h": 218}, "FileName": "2012_06247777-Figure9-1subFig-1.png", "PageNo": 6, "Label": "Bar plots"}]}