{"url": "wget \"http://ieeexplore.ieee.org/stampPDF/getPDF.jsp?tp=&isnumber=&arnumber=6248002\" -O 2012_06248002.pdf", "region": [{"boundary": {"y": 143, "x": 664, "w": 394, "h": 284}, "FileName": "2012_06248002-Figure3-1subFig-1.png", "PageNo": 3, "Label": "Flow chart"}, {"boundary": {"y": 156, "x": 656, "w": 384, "h": 302}, "FileName": "2012_06248002-Figure5-1subFig-1.png", "PageNo": 5, "Label": "Graph plots"}, {"boundary": {"y": 143, "x": 119, "w": 987, "h": 128}, "FileName": "2012_06248002-Table1-1subFig-1.png", "PageNo": 6, "Label": "Tables"}]}