{"url": "wget \"http://ieeexplore.ieee.org/stampPDF/getPDF.jsp?tp=&isnumber=&arnumber=6248053\" -O 2012_06248053.pdf", "region": [{"boundary": {"y": 144, "x": 617, "w": 491, "h": 367}, "FileName": "2012_06248053-Figure4-1subFig-1.png", "PageNo": 4, "Label": "Block diagram"}, {"boundary": {"y": 830, "x": 640, "w": 463, "h": 334}, "FileName": "2012_06248053-Figure7-1subFig-1.png", "PageNo": 5, "Label": "Graph plots"}, {"boundary": {"y": 144, "x": 641, "w": 442, "h": 443}, "FileName": "2012_06248053-Figure8-1subFig-1.png", "PageNo": 6, "Label": "Graph plots"}, {"boundary": {"y": 145, "x": 99, "w": 1030, "h": 426}, "FileName": "2012_06248053-Figure9-1subFig-1.png", "PageNo": 7, "Label": "Natural images"}]}