{"url": "wget \"http://ieeexplore.ieee.org/stampPDF/getPDF.jsp?tp=&isnumber=&arnumber=6248039\" -O 2012_06248039.pdf", "region": [{"boundary": {"y": 144, "x": 101, "w": 320, "h": 343}, "FileName": "2012_06248039-Figure1-1subFig-1.png", "PageNo": 2, "Label": "Graph plots"}, {"boundary": {"y": 144, "x": 452, "w": 320, "h": 337}, "FileName": "2012_06248039-Figure1-1subFig-2.png", "PageNo": 2, "Label": "Graph plots"}, {"boundary": {"y": 144, "x": 802, "w": 321, "h": 337}, "FileName": "2012_06248039-Figure1-1subFig-3.png", "PageNo": 2, "Label": "Graph plots"}, {"boundary": {"y": 161, "x": 157, "w": 379, "h": 306}, "FileName": "2012_06248039-Figure10-1subFig-1.png", "PageNo": 7, "Label": "Graph plots"}, {"boundary": {"y": 1032, "x": 147, "w": 389, "h": 301}, "FileName": "2012_06248039-Figure12-1subFig-1.png", "PageNo": 7, "Label": "Graph plots"}, {"boundary": {"y": 561, "x": 162, "w": 357, "h": 281}, "FileName": "2012_06248039-Figure2-1subFig-1.png", "PageNo": 2, "Label": "Graph plots"}, {"boundary": {"y": 144, "x": 180, "w": 322, "h": 244}, "FileName": "2012_06248039-Figure3-1subFig-1.png", "PageNo": 3, "Label": "Histogram"}, {"boundary": {"y": 399, "x": 181, "w": 319, "h": 299}, "FileName": "2012_06248039-Figure3-1subFig-2.png", "PageNo": 3, "Label": "Graph plots"}, {"boundary": {"y": 149, "x": 654, "w": 410, "h": 313}, "FileName": "2012_06248039-Figure4-1subFig-1.png", "PageNo": 3, "Label": "Histogram"}, {"boundary": {"y": 520, "x": 629, "w": 462, "h": 350}, "FileName": "2012_06248039-Figure6-1subFig-1.png", "PageNo": 4, "Label": "Graph plots"}, {"boundary": {"y": 584, "x": 654, "w": 410, "h": 339}, "FileName": "2012_06248039-Figure8-1subFig-1.png", "PageNo": 5, "Label": "Histogram"}, {"boundary": {"y": 419, "x": 462, "w": 150, "h": 123}, "FileName": "2012_06248039-Figure9-1subFig-8.png", "PageNo": 6, "Label": "Natural images"}, {"boundary": {"y": 144, "x": 869, "w": 213, "h": 123}, "FileName": "2012_06248039-Figure9-1subFig-11.png", "PageNo": 6, "Label": "Natural images"}]}