{"url": "wget \"http://ieeexplore.ieee.org/stampPDF/getPDF.jsp?tp=&isnumber=&arnumber=6247761\" -O 2012_06247761.pdf", "region": [{"boundary": {"y": 456, "x": 629, "w": 220, "h": 196}, "FileName": "2012_06247761-Figure1-1subFig-1.png", "PageNo": 0, "Label": "Natural images"}, {"boundary": {"y": 456, "x": 875, "w": 221, "h": 196}, "FileName": "2012_06247761-Figure1-1subFig-2.png", "PageNo": 0, "Label": "Natural images"}, {"boundary": {"y": 850, "x": 875, "w": 221, "h": 171}, "FileName": "2012_06247761-Figure1-1subFig-6.png", "PageNo": 0, "Label": "Natural images"}, {"boundary": {"y": 144, "x": 736, "w": 238, "h": 166}, "FileName": "2012_06247761-Figure2-1subFig-1.png", "PageNo": 3, "Label": "Sketches"}, {"boundary": {"y": 144, "x": 632, "w": 147, "h": 125}, "FileName": "2012_06247761-Figure6-1subFig-1.png", "PageNo": 6, "Label": "Natural images"}, {"boundary": {"y": 144, "x": 938, "w": 149, "h": 124}, "FileName": "2012_06247761-Figure6-1subFig-3.png", "PageNo": 6, "Label": "Natural images"}, {"boundary": {"y": 302, "x": 632, "w": 153, "h": 147}, "FileName": "2012_06247761-Figure7-1subFig-1.png", "PageNo": 6, "Label": "Natural images"}, {"boundary": {"y": 302, "x": 811, "w": 110, "h": 147}, "FileName": "2012_06247761-Figure7-1subFig-2.png", "PageNo": 6, "Label": "Natural images"}, {"boundary": {"y": 302, "x": 947, "w": 141, "h": 147}, "FileName": "2012_06247761-Figure7-1subFig-3.png", "PageNo": 6, "Label": "Natural images"}]}