{"url": "wget \"http://ieeexplore.ieee.org/stampPDF/getPDF.jsp?tp=&isnumber=&arnumber=6247879\" -O 2012_06247879.pdf", "region": [{"boundary": {"y": 144, "x": 618, "w": 490, "h": 312}, "FileName": "2012_06247879-Figure3-1subFig-1.png", "PageNo": 1, "Label": "Block diagram"}, {"boundary": {"y": 973, "x": 776, "w": 190, "h": 169}, "FileName": "2012_06247879-Figure7-1subFig-8.png", "PageNo": 5, "Label": "Heat map"}, {"boundary": {"y": 162, "x": 626, "w": 467, "h": 214}, "FileName": "2012_06247879-Table1-1subFig-1.png", "PageNo": 4, "Label": "Tables"}]}