{"url": "wget \"http://ieeexplore.ieee.org/stampPDF/getPDF.jsp?tp=&isnumber=&arnumber=6248013\" -O 2012_06248013.pdf", "region": [{"boundary": {"y": 443, "x": 100, "w": 466, "h": 260}, "FileName": "2012_06248013-Figure2-1subFig-2.png", "PageNo": 2, "Label": "Flow chart"}, {"boundary": {"y": 919, "x": 858, "w": 250, "h": 167}, "FileName": "2012_06248013-Figure3-1subFig-2.png", "PageNo": 4, "Label": "Histogram"}, {"boundary": {"y": 293, "x": 100, "w": 235, "h": 149}, "FileName": "2012_06248013-Figure6-1subFig-2.png", "PageNo": 6, "Label": "Graph plots"}, {"boundary": {"y": 158, "x": 361, "w": 214, "h": 125}, "FileName": "2012_06248013-Figure6-1subFig-3.png", "PageNo": 6, "Label": "Histogram"}, {"boundary": {"y": 298, "x": 360, "w": 229, "h": 144}, "FileName": "2012_06248013-Figure6-1subFig-4.png", "PageNo": 6, "Label": "Heat map"}, {"boundary": {"y": 154, "x": 872, "w": 236, "h": 162}, "FileName": "2012_06248013-Figure8-1subFig-2.png", "PageNo": 6, "Label": "Graph plots"}]}