{"url": "wget \"http://ieeexplore.ieee.org/stampPDF/getPDF.jsp?tp=&isnumber=&arnumber=6618876\" -O 2013_06618876.pdf", "region": [{"boundary": {"y": 145, "x": 127, "w": 678, "h": 185}, "FileName": "2013_06618876-Figure2-1subFig-1.png", "PageNo": 1, "Label": "Block diagram"}, {"boundary": {"y": 156, "x": 819, "w": 325, "h": 173}, "FileName": "2013_06618876-Figure2-1subFig-2.png", "PageNo": 1, "Label": "Block diagram"}, {"boundary": {"y": 146, "x": 649, "w": 437, "h": 154}, "FileName": "2013_06618876-Figure5-1subFig-1.png", "PageNo": 3, "Label": "Block diagram"}]}