{"url": "wget \"http://ieeexplore.ieee.org/stampPDF/getPDF.jsp?tp=&isnumber=&arnumber=6618887\" -O 2013_06618887.pdf", "region": [{"boundary": {"y": 145, "x": 121, "w": 490, "h": 306}, "FileName": "2013_06618887-Figure1-1subFig-1.png", "PageNo": 2, "Label": "Block diagram"}, {"boundary": {"y": 437, "x": 380, "w": 254, "h": 208}, "FileName": "2013_06618887-Figure6-1subFig-2.png", "PageNo": 7, "Label": "Natural images"}, {"boundary": {"y": 437, "x": 637, "w": 254, "h": 208}, "FileName": "2013_06618887-Figure6-1subFig-3.png", "PageNo": 7, "Label": "Natural images"}, {"boundary": {"y": 437, "x": 895, "w": 254, "h": 208}, "FileName": "2013_06618887-Figure6-1subFig-4.png", "PageNo": 7, "Label": "Natural images"}, {"boundary": {"y": 651, "x": 122, "w": 254, "h": 248}, "FileName": "2013_06618887-Figure6-1subFig-5.png", "PageNo": 7, "Label": "Natural images"}, {"boundary": {"y": 651, "x": 380, "w": 254, "h": 248}, "FileName": "2013_06618887-Figure6-1subFig-6.png", "PageNo": 7, "Label": "Natural images"}, {"boundary": {"y": 651, "x": 637, "w": 254, "h": 248}, "FileName": "2013_06618887-Figure6-1subFig-7.png", "PageNo": 7, "Label": "Natural images"}, {"boundary": {"y": 651, "x": 895, "w": 254, "h": 248}, "FileName": "2013_06618887-Figure6-1subFig-8.png", "PageNo": 7, "Label": "Natural images"}]}