{"url": "wget \"http://ieeexplore.ieee.org/stampPDF/getPDF.jsp?tp=&isnumber=&arnumber=6619209\" -O 2013_06619209.pdf", "region": [{"boundary": {"y": 146, "x": 164, "w": 165, "h": 130}, "FileName": "2013_06619209-Figure4-1subFig-1.png", "PageNo": 6, "Label": "Mask"}, {"boundary": {"y": 146, "x": 356, "w": 165, "h": 130}, "FileName": "2013_06619209-Figure4-1subFig-3.png", "PageNo": 6, "Label": "Mask"}, {"boundary": {"y": 145, "x": 547, "w": 166, "h": 131}, "FileName": "2013_06619209-Figure4-1subFig-5.png", "PageNo": 6, "Label": "Mask"}, {"boundary": {"y": 284, "x": 547, "w": 166, "h": 132}, "FileName": "2013_06619209-Figure4-1subFig-6.png", "PageNo": 6, "Label": "Mask"}, {"boundary": {"y": 145, "x": 931, "w": 165, "h": 131}, "FileName": "2013_06619209-Figure4-1subFig-9.png", "PageNo": 6, "Label": "Mask"}, {"boundary": {"y": 285, "x": 931, "w": 165, "h": 131}, "FileName": "2013_06619209-Figure4-1subFig-10.png", "PageNo": 6, "Label": "Mask"}, {"boundary": {"y": 882, "x": 136, "w": 211, "h": 106}, "FileName": "2013_06619209-Figure7-1subFig-1.png", "PageNo": 6, "Label": "Graph plots"}]}