{"url": "wget \"http://ieeexplore.ieee.org/stampPDF/getPDF.jsp?tp=&isnumber=&arnumber=6619156\" -O 2013_06619156.pdf", "region": [{"boundary": {"y": 611, "x": 650, "w": 223, "h": 148}, "FileName": "2013_06619156-Figure2-1subFig-1.png", "PageNo": 2, "Label": "Bar plots"}, {"boundary": {"y": 144, "x": 115, "w": 339, "h": 285}, "FileName": "2013_06619156-Figure3-1subFig-1.png", "PageNo": 4, "Label": "Graph plots"}, {"boundary": {"y": 144, "x": 460, "w": 339, "h": 285}, "FileName": "2013_06619156-Figure3-1subFig-2.png", "PageNo": 4, "Label": "Graph plots"}, {"boundary": {"y": 144, "x": 805, "w": 340, "h": 285}, "FileName": "2013_06619156-Figure3-1subFig-3.png", "PageNo": 4, "Label": "Graph plots"}, {"boundary": {"y": 437, "x": 115, "w": 339, "h": 279}, "FileName": "2013_06619156-Figure3-1subFig-4.png", "PageNo": 4, "Label": "Graph plots"}, {"boundary": {"y": 437, "x": 460, "w": 339, "h": 279}, "FileName": "2013_06619156-Figure3-1subFig-5.png", "PageNo": 4, "Label": "Graph plots"}, {"boundary": {"y": 437, "x": 805, "w": 340, "h": 279}, "FileName": "2013_06619156-Figure3-1subFig-6.png", "PageNo": 4, "Label": "Graph plots"}, {"boundary": {"y": 144, "x": 115, "w": 339, "h": 285}, "FileName": "2013_06619156-Figure4-1subFig-1.png", "PageNo": 6, "Label": "Graph plots"}, {"boundary": {"y": 144, "x": 460, "w": 339, "h": 285}, "FileName": "2013_06619156-Figure4-1subFig-2.png", "PageNo": 6, "Label": "Graph plots"}, {"boundary": {"y": 144, "x": 805, "w": 340, "h": 285}, "FileName": "2013_06619156-Figure4-1subFig-3.png", "PageNo": 6, "Label": "Graph plots"}, {"boundary": {"y": 437, "x": 115, "w": 339, "h": 279}, "FileName": "2013_06619156-Figure4-1subFig-4.png", "PageNo": 6, "Label": "Graph plots"}, {"boundary": {"y": 437, "x": 460, "w": 339, "h": 279}, "FileName": "2013_06619156-Figure4-1subFig-5.png", "PageNo": 6, "Label": "Graph plots"}, {"boundary": {"y": 437, "x": 805, "w": 340, "h": 279}, "FileName": "2013_06619156-Figure4-1subFig-6.png", "PageNo": 6, "Label": "Graph plots"}, {"boundary": {"y": 761, "x": 114, "w": 256, "h": 215}, "FileName": "2013_06619156-Figure5-1subFig-1.png", "PageNo": 6, "Label": "Graph plots"}, {"boundary": {"y": 761, "x": 376, "w": 256, "h": 215}, "FileName": "2013_06619156-Figure5-1subFig-2.png", "PageNo": 6, "Label": "Graph plots"}, {"boundary": {"y": 761, "x": 638, "w": 256, "h": 215}, "FileName": "2013_06619156-Figure5-1subFig-3.png", "PageNo": 6, "Label": "Graph plots"}, {"boundary": {"y": 761, "x": 900, "w": 256, "h": 215}, "FileName": "2013_06619156-Figure5-1subFig-4.png", "PageNo": 6, "Label": "Graph plots"}, {"boundary": {"y": 984, "x": 114, "w": 256, "h": 210}, "FileName": "2013_06619156-Figure5-1subFig-5.png", "PageNo": 6, "Label": "Graph plots"}, {"boundary": {"y": 984, "x": 376, "w": 256, "h": 210}, "FileName": "2013_06619156-Figure5-1subFig-6.png", "PageNo": 6, "Label": "Graph plots"}, {"boundary": {"y": 984, "x": 638, "w": 256, "h": 210}, "FileName": "2013_06619156-Figure5-1subFig-7.png", "PageNo": 6, "Label": "Graph plots"}, {"boundary": {"y": 984, "x": 900, "w": 256, "h": 210}, "FileName": "2013_06619156-Figure5-1subFig-8.png", "PageNo": 6, "Label": "Graph plots"}, {"boundary": {"y": 1261, "x": 129, "w": 995, "h": 103}, "FileName": "2013_06619156-Figure6-1subFig-1.png", "PageNo": 6, "Label": "Bar plots"}]}