{"url": "wget \"http://ieeexplore.ieee.org/stampPDF/getPDF.jsp?tp=&isnumber=&arnumber=6619003\" -O 2013_06619003.pdf", "region": [{"boundary": {"y": 368, "x": 372, "w": 184, "h": 266}, "FileName": "2013_06619003-Figure1-1subFig-4.png", "PageNo": 1, "Label": "Graph plots"}, {"boundary": {"y": 152, "x": 125, "w": 329, "h": 217}, "FileName": "2013_06619003-Figure2-1subFig-1.png", "PageNo": 5, "Label": "Graph plots"}, {"boundary": {"y": 152, "x": 466, "w": 329, "h": 217}, "FileName": "2013_06619003-Figure2-1subFig-2.png", "PageNo": 5, "Label": "Graph plots"}]}