{"url": "wget \"http://ieeexplore.ieee.org/stampPDF/getPDF.jsp?tp=&isnumber=&arnumber=6619019\" -O 2013_06619019.pdf", "region": [{"boundary": {"y": 145, "x": 122, "w": 478, "h": 180}, "FileName": "2013_06619019-Table1-1subFig-1.png", "PageNo": 2, "Label": "Tables"}, {"boundary": {"y": 329, "x": 122, "w": 478, "h": 145}, "FileName": "2013_06619019-Table1-1subFig-2.png", "PageNo": 2, "Label": "Tables"}, {"boundary": {"y": 456, "x": 638, "w": 475, "h": 208}, "FileName": "2013_06619019-Table4-1subFig-1.png", "PageNo": 5, "Label": "Tables"}, {"boundary": {"y": 178, "x": 124, "w": 486, "h": 198}, "FileName": "2013_06619019-Table6-1subFig-1.png", "PageNo": 6, "Label": "Tables"}, {"boundary": {"y": 1114, "x": 121, "w": 476, "h": 157}, "FileName": "2013_06619019-Table8-1subFig-1.png", "PageNo": 6, "Label": "Tables"}, {"boundary": {"y": 180, "x": 635, "w": 483, "h": 141}, "FileName": "2013_06619019-Table9-1subFig-1.png", "PageNo": 6, "Label": "Tables"}]}