{"url": "wget \"http://ieeexplore.ieee.org/stampPDF/getPDF.jsp?tp=&isnumber=&arnumber=6619187\" -O 2013_06619187.pdf", "region": [{"boundary": {"y": 146, "x": 144, "w": 312, "h": 290}, "FileName": "2013_06619187-Figure4-1subFig-1.png", "PageNo": 5, "Label": "Graph plots"}, {"boundary": {"y": 146, "x": 479, "w": 312, "h": 290}, "FileName": "2013_06619187-Figure4-1subFig-2.png", "PageNo": 5, "Label": "Graph plots"}, {"boundary": {"y": 460, "x": 144, "w": 311, "h": 290}, "FileName": "2013_06619187-Figure5-1subFig-1.png", "PageNo": 5, "Label": "Graph plots"}, {"boundary": {"y": 460, "x": 479, "w": 311, "h": 290}, "FileName": "2013_06619187-Figure5-1subFig-2.png", "PageNo": 5, "Label": "Graph plots"}, {"boundary": {"y": 460, "x": 815, "w": 311, "h": 290}, "FileName": "2013_06619187-Figure5-1subFig-3.png", "PageNo": 5, "Label": "Graph plots"}, {"boundary": {"y": 145, "x": 123, "w": 249, "h": 193}, "FileName": "2013_06619187-Figure6-1subFig-1.png", "PageNo": 6, "Label": "Graph plots"}, {"boundary": {"y": 145, "x": 383, "w": 249, "h": 193}, "FileName": "2013_06619187-Figure6-1subFig-2.png", "PageNo": 6, "Label": "Graph plots"}, {"boundary": {"y": 355, "x": 123, "w": 250, "h": 193}, "FileName": "2013_06619187-Figure6-1subFig-3.png", "PageNo": 6, "Label": "Graph plots"}, {"boundary": {"y": 355, "x": 383, "w": 250, "h": 193}, "FileName": "2013_06619187-Figure6-1subFig-4.png", "PageNo": 6, "Label": "Graph plots"}, {"boundary": {"y": 145, "x": 901, "w": 250, "h": 193}, "FileName": "2013_06619187-Figure6-1subFig-6.png", "PageNo": 6, "Label": "Graph plots"}, {"boundary": {"y": 355, "x": 642, "w": 249, "h": 193}, "FileName": "2013_06619187-Figure6-1subFig-7.png", "PageNo": 6, "Label": "Graph plots"}, {"boundary": {"y": 355, "x": 901, "w": 250, "h": 193}, "FileName": "2013_06619187-Figure6-1subFig-8.png", "PageNo": 6, "Label": "Graph plots"}, {"boundary": {"y": 566, "x": 123, "w": 250, "h": 193}, "FileName": "2013_06619187-Figure6-1subFig-9.png", "PageNo": 6, "Label": "Graph plots"}, {"boundary": {"y": 566, "x": 642, "w": 250, "h": 193}, "FileName": "2013_06619187-Figure6-1subFig-11.png", "PageNo": 6, "Label": "Graph plots"}, {"boundary": {"y": 566, "x": 901, "w": 250, "h": 193}, "FileName": "2013_06619187-Figure6-1subFig-12.png", "PageNo": 6, "Label": "Graph plots"}, {"boundary": {"y": 146, "x": 149, "w": 974, "h": 203}, "FileName": "2013_06619187-Table1-1subFig-1.png", "PageNo": 7, "Label": "Tables"}]}