{"url": "wget \"http://ieeexplore.ieee.org/stampPDF/getPDF.jsp?tp=&isnumber=&arnumber=6619189\" -O 2013_06619189.pdf", "region": [{"boundary": {"y": 466, "x": 629, "w": 491, "h": 491}, "FileName": "2013_06619189-Figure1-1subFig-1.png", "PageNo": 0, "Label": "Block diagram"}, {"boundary": {"y": 342, "x": 115, "w": 310, "h": 139}, "FileName": "2013_06619189-Figure3-1subFig-1.png", "PageNo": 3, "Label": "Sketches"}, {"boundary": {"y": 145, "x": 118, "w": 1025, "h": 375}, "FileName": "2013_06619189-Figure4-1subFig-1.png", "PageNo": 4, "Label": "Block diagram"}, {"boundary": {"y": 145, "x": 468, "w": 330, "h": 208}, "FileName": "2013_06619189-Figure6-1subFig-3.png", "PageNo": 6, "Label": "Natural images"}, {"boundary": {"y": 360, "x": 807, "w": 329, "h": 136}, "FileName": "2013_06619189-Figure6-1subFig-6.png", "PageNo": 6, "Label": "Natural images"}, {"boundary": {"y": 147, "x": 124, "w": 233, "h": 184}, "FileName": "2013_06619189-Figure7-1subFig-1.png", "PageNo": 7, "Label": "Graph plots"}, {"boundary": {"y": 147, "x": 368, "w": 238, "h": 184}, "FileName": "2013_06619189-Figure7-1subFig-2.png", "PageNo": 7, "Label": "Graph plots"}, {"boundary": {"y": 145, "x": 113, "w": 497, "h": 159}, "FileName": "2013_06619189-Table1-1subFig-1.png", "PageNo": 3, "Label": "Tables"}]}