{"url": "wget \"http://ieeexplore.ieee.org/stampPDF/getPDF.jsp?tp=&isnumber=&arnumber=6619230\" -O 2013_06619230.pdf", "region": [{"boundary": {"y": 888, "x": 118, "w": 145, "h": 193}, "FileName": "2013_06619230-Figure6-1subFig-20.png", "PageNo": 6, "Label": "Natural images"}, {"boundary": {"y": 1097, "x": 118, "w": 145, "h": 208}, "FileName": "2013_06619230-Figure6-1subFig-21.png", "PageNo": 6, "Label": "Mask"}, {"boundary": {"y": 1024, "x": 475, "w": 99, "h": 131}, "FileName": "2013_06619230-Figure6-1subFig-27.png", "PageNo": 6, "Label": "Heat map"}, {"boundary": {"y": 145, "x": 296, "w": 175, "h": 150}, "FileName": "2013_06619230-Figure7-1subFig-2.png", "PageNo": 7, "Label": "Mask"}, {"boundary": {"y": 145, "x": 477, "w": 175, "h": 165}, "FileName": "2013_06619230-Figure7-1subFig-3.png", "PageNo": 7, "Label": "Mask"}, {"boundary": {"y": 322, "x": 115, "w": 175, "h": 149}, "FileName": "2013_06619230-Figure7-1subFig-4.png", "PageNo": 7, "Label": "Natural images"}, {"boundary": {"y": 322, "x": 477, "w": 175, "h": 146}, "FileName": "2013_06619230-Figure7-1subFig-6.png", "PageNo": 7, "Label": "Mask"}, {"boundary": {"y": 480, "x": 296, "w": 175, "h": 131}, "FileName": "2013_06619230-Figure7-1subFig-8.png", "PageNo": 7, "Label": "Mask"}, {"boundary": {"y": 480, "x": 477, "w": 175, "h": 146}, "FileName": "2013_06619230-Figure7-1subFig-9.png", "PageNo": 7, "Label": "Mask"}, {"boundary": {"y": 145, "x": 840, "w": 174, "h": 165}, "FileName": "2013_06619230-Figure7-1subFig-11.png", "PageNo": 7, "Label": "Mask"}, {"boundary": {"y": 322, "x": 659, "w": 174, "h": 146}, "FileName": "2013_06619230-Figure7-1subFig-13.png", "PageNo": 7, "Label": "Mask"}, {"boundary": {"y": 322, "x": 840, "w": 174, "h": 146}, "FileName": "2013_06619230-Figure7-1subFig-14.png", "PageNo": 7, "Label": "Mask"}, {"boundary": {"y": 480, "x": 659, "w": 174, "h": 146}, "FileName": "2013_06619230-Figure7-1subFig-16.png", "PageNo": 7, "Label": "Mask"}, {"boundary": {"y": 480, "x": 840, "w": 174, "h": 146}, "FileName": "2013_06619230-Figure7-1subFig-17.png", "PageNo": 7, "Label": "Mask"}, {"boundary": {"y": 144, "x": 251, "w": 745, "h": 241}, "FileName": "2013_06619230-Table1-1subFig-1.png", "PageNo": 3, "Label": "Tables"}, {"boundary": {"y": 457, "x": 277, "w": 691, "h": 160}, "FileName": "2013_06619230-Table2-1subFig-1.png", "PageNo": 3, "Label": "Tables"}, {"boundary": {"y": 788, "x": 173, "w": 364, "h": 141}, "FileName": "2013_06619230-Table4-1subFig-1.png", "PageNo": 4, "Label": "Tables"}]}