{"url": "wget \"http://ieeexplore.ieee.org/stampPDF/getPDF.jsp?tp=&isnumber=&arnumber=6619245\" -O 2013_06619245.pdf", "region": [{"boundary": {"y": 462, "x": 652, "w": 501, "h": 287}, "FileName": "2013_06619245-Figure4-1subFig-2.png", "PageNo": 2, "Label": "Scatter plot"}, {"boundary": {"y": 181, "x": 167, "w": 192, "h": 170}, "FileName": "2013_06619245-Figure6-1subFig-1.png", "PageNo": 6, "Label": "Confusion matrix"}, {"boundary": {"y": 181, "x": 365, "w": 241, "h": 170}, "FileName": "2013_06619245-Figure6-1subFig-2.png", "PageNo": 6, "Label": "Confusion matrix"}, {"boundary": {"y": 145, "x": 121, "w": 232, "h": 180}, "FileName": "2013_06619245-Figure7-1subFig-1.png", "PageNo": 7, "Label": "Natural images"}, {"boundary": {"y": 330, "x": 121, "w": 232, "h": 179}, "FileName": "2013_06619245-Figure7-1subFig-2.png", "PageNo": 7, "Label": "Natural images"}, {"boundary": {"y": 513, "x": 121, "w": 232, "h": 180}, "FileName": "2013_06619245-Figure7-1subFig-3.png", "PageNo": 7, "Label": "Natural images"}, {"boundary": {"y": 146, "x": 356, "w": 336, "h": 180}, "FileName": "2013_06619245-Figure7-1subFig-4.png", "PageNo": 7, "Label": "Natural images"}, {"boundary": {"y": 330, "x": 460, "w": 232, "h": 180}, "FileName": "2013_06619245-Figure7-1subFig-7.png", "PageNo": 7, "Label": "Natural images"}, {"boundary": {"y": 146, "x": 808, "w": 253, "h": 180}, "FileName": "2013_06619245-Figure7-1subFig-10.png", "PageNo": 7, "Label": "Natural images"}, {"boundary": {"y": 689, "x": 143, "w": 443, "h": 180}, "FileName": "2013_06619245-Table2-1subFig-1.png", "PageNo": 6, "Label": "Tables"}]}