{"url": "wget \"http://ieeexplore.ieee.org/stampPDF/getPDF.jsp?tp=&isnumber=&arnumber=6619237\" -O 2013_06619237.pdf", "region": [{"boundary": {"y": 147, "x": 115, "w": 134, "h": 178}, "FileName": "2013_06619237-Figure3-1subFig-1.png", "PageNo": 2, "Label": "Sketches"}, {"boundary": {"y": 162, "x": 255, "w": 133, "h": 162}, "FileName": "2013_06619237-Figure3-1subFig-2.png", "PageNo": 2, "Label": "Flow chart"}, {"boundary": {"y": 153, "x": 638, "w": 213, "h": 139}, "FileName": "2013_06619237-Figure4-1subFig-1.png", "PageNo": 3, "Label": "Graph plots"}, {"boundary": {"y": 146, "x": 884, "w": 216, "h": 146}, "FileName": "2013_06619237-Figure4-1subFig-2.png", "PageNo": 3, "Label": "Graph plots"}, {"boundary": {"y": 392, "x": 638, "w": 213, "h": 139}, "FileName": "2013_06619237-Figure5-1subFig-1.png", "PageNo": 3, "Label": "Graph plots"}, {"boundary": {"y": 144, "x": 123, "w": 212, "h": 135}, "FileName": "2013_06619237-Figure6-1subFig-1.png", "PageNo": 5, "Label": "Graph plots"}, {"boundary": {"y": 146, "x": 147, "w": 179, "h": 178}, "FileName": "2013_06619237-Figure8-1subFig-1.png", "PageNo": 6, "Label": "Graph plots"}]}