{"url": "wget \"http://ieeexplore.ieee.org/stampPDF/getPDF.jsp?tp=&isnumber=&arnumber=6618955\" -O 2013_06618955.pdf", "region": [{"boundary": {"y": 409, "x": 634, "w": 478, "h": 241}, "FileName": "2013_06618955-Figure1-1subFig-1.png", "PageNo": 0, "Label": "Block diagram"}, {"boundary": {"y": 145, "x": 630, "w": 237, "h": 189}, "FileName": "2013_06618955-Figure3-1subFig-1.png", "PageNo": 5, "Label": "Graph plots"}, {"boundary": {"y": 145, "x": 879, "w": 239, "h": 189}, "FileName": "2013_06618955-Figure3-1subFig-2.png", "PageNo": 5, "Label": "Graph plots"}, {"boundary": {"y": 431, "x": 123, "w": 212, "h": 169}, "FileName": "2013_06618955-Figure4-1subFig-1.png", "PageNo": 6, "Label": "Graph plots"}, {"boundary": {"y": 431, "x": 346, "w": 211, "h": 169}, "FileName": "2013_06618955-Figure4-1subFig-2.png", "PageNo": 6, "Label": "Graph plots"}]}