{"url": "wget \"http://ieeexplore.ieee.org/stampPDF/getPDF.jsp?tp=&isnumber=&arnumber=6619055\" -O 2013_06619055.pdf", "region": [{"boundary": {"y": 145, "x": 190, "w": 340, "h": 285}, "FileName": "2013_06619055-Figure2-1subFig-1.png", "PageNo": 3, "Label": "Graph plots"}, {"boundary": {"y": 145, "x": 176, "w": 269, "h": 244}, "FileName": "2013_06619055-Figure3-1subFig-1.png", "PageNo": 4, "Label": "Graph plots"}, {"boundary": {"y": 145, "x": 487, "w": 273, "h": 244}, "FileName": "2013_06619055-Figure3-1subFig-2.png", "PageNo": 4, "Label": "Graph plots"}, {"boundary": {"y": 145, "x": 801, "w": 276, "h": 244}, "FileName": "2013_06619055-Figure3-1subFig-3.png", "PageNo": 4, "Label": "Graph plots"}, {"boundary": {"y": 533, "x": 185, "w": 340, "h": 270}, "FileName": "2013_06619055-Figure4-1subFig-1.png", "PageNo": 4, "Label": "Graph plots"}, {"boundary": {"y": 820, "x": 706, "w": 328, "h": 280}, "FileName": "2013_06619055-Figure5-1subFig-1.png", "PageNo": 5, "Label": "Graph plots"}, {"boundary": {"y": 982, "x": 198, "w": 331, "h": 284}, "FileName": "2013_06619055-Figure6-1subFig-1.png", "PageNo": 6, "Label": "Graph plots"}, {"boundary": {"y": 730, "x": 165, "w": 398, "h": 133}, "FileName": "2013_06619055-Table3-1subFig-1.png", "PageNo": 6, "Label": "Tables"}, {"boundary": {"y": 938, "x": 629, "w": 487, "h": 135}, "FileName": "2013_06619055-Table5-1subFig-1.png", "PageNo": 6, "Label": "Tables"}, {"boundary": {"y": 145, "x": 193, "w": 338, "h": 133}, "FileName": "2013_06619055-Table6-1subFig-1.png", "PageNo": 7, "Label": "Tables"}]}