{"url": "wget \"http://ieeexplore.ieee.org/stampPDF/getPDF.jsp?tp=&isnumber=&arnumber=6618870\" -O 2013_06618870.pdf", "region": [{"boundary": {"y": 611, "x": 237, "w": 175, "h": 238}, "FileName": "2013_06618870-Figure10-1subFig-2.png", "PageNo": 6, "Label": "3D objects"}, {"boundary": {"y": 146, "x": 118, "w": 147, "h": 391}, "FileName": "2013_06618870-Figure11-1subFig-1.png", "PageNo": 7, "Label": "3D objects"}, {"boundary": {"y": 146, "x": 294, "w": 134, "h": 400}, "FileName": "2013_06618870-Figure11-1subFig-2.png", "PageNo": 7, "Label": "3D objects"}, {"boundary": {"y": 145, "x": 468, "w": 165, "h": 427}, "FileName": "2013_06618870-Figure11-1subFig-3.png", "PageNo": 7, "Label": "3D objects"}, {"boundary": {"y": 151, "x": 686, "w": 138, "h": 421}, "FileName": "2013_06618870-Figure11-1subFig-4.png", "PageNo": 7, "Label": "3D objects"}, {"boundary": {"y": 155, "x": 872, "w": 117, "h": 388}, "FileName": "2013_06618870-Figure11-1subFig-5.png", "PageNo": 7, "Label": "3D objects"}, {"boundary": {"y": 151, "x": 1043, "w": 112, "h": 394}, "FileName": "2013_06618870-Figure11-1subFig-6.png", "PageNo": 7, "Label": "3D objects"}, {"boundary": {"y": 1093, "x": 654, "w": 187, "h": 124}, "FileName": "2013_06618870-Figure9-1subFig-1.png", "PageNo": 5, "Label": "3D objects"}, {"boundary": {"y": 1233, "x": 658, "w": 178, "h": 155}, "FileName": "2013_06618870-Figure9-1subFig-2.png", "PageNo": 5, "Label": "3D objects"}, {"boundary": {"y": 1094, "x": 871, "w": 217, "h": 115}, "FileName": "2013_06618870-Figure9-1subFig-3.png", "PageNo": 5, "Label": "3D objects"}, {"boundary": {"y": 1233, "x": 870, "w": 127, "h": 155}, "FileName": "2013_06618870-Figure9-1subFig-4.png", "PageNo": 5, "Label": "3D objects"}]}