{"url": "wget \"http://ieeexplore.ieee.org/stampPDF/getPDF.jsp?tp=&isnumber=&arnumber=6619079\" -O 2013_06619079.pdf", "region": [{"boundary": {"y": 144, "x": 114, "w": 1030, "h": 207}, "FileName": "2013_06619079-Figure2-1subFig-1.png", "PageNo": 2, "Label": "Block diagram"}, {"boundary": {"y": 146, "x": 119, "w": 491, "h": 175}, "FileName": "2013_06619079-Figure3-1subFig-1.png", "PageNo": 3, "Label": "Block diagram"}, {"boundary": {"y": 144, "x": 673, "w": 411, "h": 226}, "FileName": "2013_06619079-Figure4-1subFig-1.png", "PageNo": 5, "Label": "Bar plots"}, {"boundary": {"y": 146, "x": 637, "w": 514, "h": 380}, "FileName": "2013_06619079-Figure6-1subFig-1.png", "PageNo": 6, "Label": "Graph plots"}]}