{"url": "wget \"http://ieeexplore.ieee.org/stampPDF/getPDF.jsp?tp=&isnumber=&arnumber=6619048\" -O 2013_06619048.pdf", "region": [{"boundary": {"y": 144, "x": 373, "w": 222, "h": 126}, "FileName": "2013_06619048-Figure2-1subFig-2.png", "PageNo": 1, "Label": "Natural images"}, {"boundary": {"y": 145, "x": 121, "w": 483, "h": 225}, "FileName": "2013_06619048-Figure4-1subFig-1.png", "PageNo": 4, "Label": "Graph plots"}, {"boundary": {"y": 156, "x": 882, "w": 219, "h": 243}, "FileName": "2013_06619048-Figure5-1subFig-2.png", "PageNo": 4, "Label": "Graph plots"}, {"boundary": {"y": 147, "x": 629, "w": 489, "h": 221}, "FileName": "2013_06619048-Figure6-1subFig-1.png", "PageNo": 5, "Label": "Bar plots"}, {"boundary": {"y": 146, "x": 125, "w": 1016, "h": 358}, "FileName": "2013_06619048-Figure7-1subFig-1.png", "PageNo": 6, "Label": "Bar plots"}]}