{"url": "wget \"http://ieeexplore.ieee.org/stampPDF/getPDF.jsp?tp=&isnumber=&arnumber=6619002\" -O 2013_06619002.pdf", "region": [{"boundary": {"y": 530, "x": 117, "w": 223, "h": 211}, "FileName": "2013_06619002-Figure2-1subFig-2.png", "PageNo": 2, "Label": "Graph plots"}, {"boundary": {"y": 145, "x": 368, "w": 239, "h": 236}, "FileName": "2013_06619002-Figure5-1subFig-2.png", "PageNo": 4, "Label": "Bar plots"}, {"boundary": {"y": 146, "x": 651, "w": 377, "h": 305}, "FileName": "2013_06619002-Figure8-1subFig-1.png", "PageNo": 6, "Label": "Graph plots"}, {"boundary": {"y": 145, "x": 128, "w": 158, "h": 179}, "FileName": "2013_06619002-Figure9-1subFig-1.png", "PageNo": 7, "Label": "Natural images"}, {"boundary": {"y": 332, "x": 128, "w": 158, "h": 230}, "FileName": "2013_06619002-Figure9-1subFig-3.png", "PageNo": 7, "Label": "Natural images"}]}