{"url": "wget \"http://ieeexplore.ieee.org/stampPDF/getPDF.jsp?tp=&isnumber=&arnumber=6618906\" -O 2013_06618906.pdf", "region": [{"boundary": {"y": 147, "x": 140, "w": 439, "h": 281}, "FileName": "2013_06618906-Figure2-1subFig-1.png", "PageNo": 5, "Label": "Box plot"}, {"boundary": {"y": 208, "x": 649, "w": 443, "h": 211}, "FileName": "2013_06618906-Table3-1subFig-1.png", "PageNo": 5, "Label": "Tables"}, {"boundary": {"y": 186, "x": 145, "w": 434, "h": 211}, "FileName": "2013_06618906-Table6-1subFig-1.png", "PageNo": 6, "Label": "Tables"}, {"boundary": {"y": 454, "x": 147, "w": 430, "h": 211}, "FileName": "2013_06618906-Table7-1subFig-1.png", "PageNo": 6, "Label": "Tables"}]}