{"url": "wget \"http://ieeexplore.ieee.org/stampPDF/getPDF.jsp?tp=&isnumber=&arnumber=6619248\" -O 2013_06619248.pdf", "region": [{"boundary": {"y": 425, "x": 640, "w": 473, "h": 428}, "FileName": "2013_06619248-Figure1-1subFig-1.png", "PageNo": 0, "Label": "Block diagram"}, {"boundary": {"y": 391, "x": 162, "w": 144, "h": 108}, "FileName": "2013_06619248-Figure4-1subFig-1.png", "PageNo": 4, "Label": "Natural images"}, {"boundary": {"y": 503, "x": 313, "w": 144, "h": 196}, "FileName": "2013_06619248-Figure4-1subFig-4.png", "PageNo": 4, "Label": "Mask"}, {"boundary": {"y": 372, "x": 634, "w": 152, "h": 168}, "FileName": "2013_06619248-Figure7-1subFig-1.png", "PageNo": 6, "Label": "Confusion matrix"}, {"boundary": {"y": 371, "x": 803, "w": 148, "h": 169}, "FileName": "2013_06619248-Figure7-1subFig-2.png", "PageNo": 6, "Label": "Confusion matrix"}, {"boundary": {"y": 371, "x": 968, "w": 150, "h": 169}, "FileName": "2013_06619248-Figure7-1subFig-3.png", "PageNo": 6, "Label": "Confusion matrix"}]}