{"url": "wget \"http://ieeexplore.ieee.org/stampPDF/getPDF.jsp?tp=&isnumber=&arnumber=6619238\" -O 2013_06619238.pdf", "region": [{"boundary": {"y": 457, "x": 635, "w": 490, "h": 310}, "FileName": "2013_06619238-Figure1-1subFig-1.png", "PageNo": 0, "Label": "Natural images"}, {"boundary": {"y": 144, "x": 130, "w": 231, "h": 260}, "FileName": "2013_06619238-Figure2-1subFig-1.png", "PageNo": 2, "Label": "Sketches"}, {"boundary": {"y": 153, "x": 925, "w": 215, "h": 165}, "FileName": "2013_06619238-Figure3-1subFig-2.png", "PageNo": 2, "Label": "Natural images"}, {"boundary": {"y": 147, "x": 217, "w": 241, "h": 197}, "FileName": "2013_06619238-Figure5-1subFig-1.png", "PageNo": 4, "Label": "Sketches"}, {"boundary": {"y": 145, "x": 121, "w": 166, "h": 115}, "FileName": "2013_06619238-Figure7-1subFig-1.png", "PageNo": 7, "Label": "Natural images"}, {"boundary": {"y": 145, "x": 292, "w": 165, "h": 115}, "FileName": "2013_06619238-Figure7-1subFig-2.png", "PageNo": 7, "Label": "Natural images"}, {"boundary": {"y": 267, "x": 121, "w": 166, "h": 114}, "FileName": "2013_06619238-Figure7-1subFig-3.png", "PageNo": 7, "Label": "Natural images"}, {"boundary": {"y": 267, "x": 292, "w": 165, "h": 114}, "FileName": "2013_06619238-Figure7-1subFig-4.png", "PageNo": 7, "Label": "Natural images"}, {"boundary": {"y": 145, "x": 463, "w": 165, "h": 115}, "FileName": "2013_06619238-Figure7-1subFig-5.png", "PageNo": 7, "Label": "Natural images"}, {"boundary": {"y": 145, "x": 634, "w": 165, "h": 115}, "FileName": "2013_06619238-Figure7-1subFig-6.png", "PageNo": 7, "Label": "Natural images"}, {"boundary": {"y": 267, "x": 463, "w": 165, "h": 114}, "FileName": "2013_06619238-Figure7-1subFig-7.png", "PageNo": 7, "Label": "Natural images"}, {"boundary": {"y": 267, "x": 634, "w": 165, "h": 114}, "FileName": "2013_06619238-Figure7-1subFig-8.png", "PageNo": 7, "Label": "Natural images"}, {"boundary": {"y": 145, "x": 805, "w": 165, "h": 115}, "FileName": "2013_06619238-Figure7-1subFig-9.png", "PageNo": 7, "Label": "Natural images"}, {"boundary": {"y": 145, "x": 975, "w": 166, "h": 115}, "FileName": "2013_06619238-Figure7-1subFig-10.png", "PageNo": 7, "Label": "Natural images"}, {"boundary": {"y": 267, "x": 805, "w": 165, "h": 114}, "FileName": "2013_06619238-Figure7-1subFig-11.png", "PageNo": 7, "Label": "Natural images"}, {"boundary": {"y": 267, "x": 975, "w": 166, "h": 114}, "FileName": "2013_06619238-Figure7-1subFig-12.png", "PageNo": 7, "Label": "Natural images"}, {"boundary": {"y": 390, "x": 292, "w": 165, "h": 109}, "FileName": "2013_06619238-Figure7-1subFig-14.png", "PageNo": 7, "Label": "Natural images"}, {"boundary": {"y": 390, "x": 634, "w": 165, "h": 109}, "FileName": "2013_06619238-Figure7-1subFig-18.png", "PageNo": 7, "Label": "Natural images"}, {"boundary": {"y": 508, "x": 463, "w": 165, "h": 112}, "FileName": "2013_06619238-Figure7-1subFig-19.png", "PageNo": 7, "Label": "Natural images"}, {"boundary": {"y": 508, "x": 634, "w": 165, "h": 112}, "FileName": "2013_06619238-Figure7-1subFig-20.png", "PageNo": 7, "Label": "Natural images"}, {"boundary": {"y": 390, "x": 805, "w": 165, "h": 109}, "FileName": "2013_06619238-Figure7-1subFig-21.png", "PageNo": 7, "Label": "Natural images"}, {"boundary": {"y": 390, "x": 975, "w": 166, "h": 109}, "FileName": "2013_06619238-Figure7-1subFig-22.png", "PageNo": 7, "Label": "Natural images"}, {"boundary": {"y": 508, "x": 975, "w": 166, "h": 112}, "FileName": "2013_06619238-Figure7-1subFig-24.png", "PageNo": 7, "Label": "Natural images"}]}