{"url": "wget \"http://ieeexplore.ieee.org/stampPDF/getPDF.jsp?tp=&isnumber=&arnumber=6619018\" -O 2013_06619018.pdf", "region": [{"boundary": {"y": 145, "x": 114, "w": 192, "h": 105}, "FileName": "2013_06619018-Figure1-1subFig-1.png", "PageNo": 1, "Label": "Scatter plot"}, {"boundary": {"y": 145, "x": 377, "w": 211, "h": 105}, "FileName": "2013_06619018-Figure1-1subFig-2.png", "PageNo": 1, "Label": "Scatter plot"}, {"boundary": {"y": 145, "x": 160, "w": 397, "h": 217}, "FileName": "2013_06619018-Figure2-1subFig-1.png", "PageNo": 7, "Label": "Graph plots"}]}