{"url": "wget \"http://ieeexplore.ieee.org/stampPDF/getPDF.jsp?tp=&isnumber=&arnumber=6618914\" -O 2013_06618914.pdf", "region": [{"boundary": {"y": 1086, "x": 637, "w": 230, "h": 151}, "FileName": "2013_06618914-Figure1-1subFig-1.png", "PageNo": 1, "Label": "Graph plots"}, {"boundary": {"y": 781, "x": 240, "w": 247, "h": 190}, "FileName": "2013_06618914-Figure3-1subFig-1.png", "PageNo": 5, "Label": "Graph plots"}, {"boundary": {"y": 987, "x": 240, "w": 248, "h": 190}, "FileName": "2013_06618914-Figure3-1subFig-2.png", "PageNo": 5, "Label": "Graph plots"}, {"boundary": {"y": 210, "x": 748, "w": 248, "h": 190}, "FileName": "2013_06618914-Figure4-1subFig-1.png", "PageNo": 5, "Label": "Graph plots"}, {"boundary": {"y": 416, "x": 747, "w": 248, "h": 191}, "FileName": "2013_06618914-Figure4-1subFig-2.png", "PageNo": 5, "Label": "Graph plots"}, {"boundary": {"y": 314, "x": 270, "w": 118, "h": 163}, "FileName": "2013_06618914-Figure5-1subFig-6.png", "PageNo": 7, "Label": "Mask"}, {"boundary": {"y": 314, "x": 392, "w": 118, "h": 163}, "FileName": "2013_06618914-Figure5-1subFig-7.png", "PageNo": 7, "Label": "Mask"}, {"boundary": {"y": 314, "x": 637, "w": 117, "h": 163}, "FileName": "2013_06618914-Figure5-1subFig-13.png", "PageNo": 7, "Label": "Mask"}, {"boundary": {"y": 314, "x": 759, "w": 118, "h": 163}, "FileName": "2013_06618914-Figure5-1subFig-14.png", "PageNo": 7, "Label": "Mask"}, {"boundary": {"y": 314, "x": 881, "w": 118, "h": 163}, "FileName": "2013_06618914-Figure5-1subFig-15.png", "PageNo": 7, "Label": "Mask"}, {"boundary": {"y": 314, "x": 1003, "w": 118, "h": 163}, "FileName": "2013_06618914-Figure5-1subFig-16.png", "PageNo": 7, "Label": "Mask"}]}