{"url": "wget \"http://ieeexplore.ieee.org/stampPDF/getPDF.jsp?tp=&isnumber=&arnumber=6619269\" -O 2013_06619269.pdf", "region": [{"boundary": {"y": 146, "x": 657, "w": 413, "h": 326}, "FileName": "2013_06619269-Figure3-1subFig-1.png", "PageNo": 4, "Label": "Graph plots"}, {"boundary": {"y": 145, "x": 182, "w": 329, "h": 260}, "FileName": "2013_06619269-Figure4-1subFig-1.png", "PageNo": 5, "Label": "Graph plots"}, {"boundary": {"y": 528, "x": 182, "w": 330, "h": 259}, "FileName": "2013_06619269-Figure5-1subFig-1.png", "PageNo": 5, "Label": "Graph plots"}, {"boundary": {"y": 910, "x": 182, "w": 330, "h": 260}, "FileName": "2013_06619269-Figure6-1subFig-1.png", "PageNo": 5, "Label": "Graph plots"}, {"boundary": {"y": 145, "x": 699, "w": 329, "h": 260}, "FileName": "2013_06619269-Figure7-1subFig-1.png", "PageNo": 5, "Label": "Graph plots"}, {"boundary": {"y": 612, "x": 142, "w": 412, "h": 325}, "FileName": "2013_06619269-Figure8-1subFig-1.png", "PageNo": 6, "Label": "Graph plots"}]}