{"url": "wget \"http://ieeexplore.ieee.org/stampPDF/getPDF.jsp?tp=&isnumber=&arnumber=6619110\" -O 2013_06619110.pdf", "region": [{"boundary": {"y": 145, "x": 115, "w": 130, "h": 102}, "FileName": "2013_06619110-Figure2-1subFig-1.png", "PageNo": 3, "Label": "Scatter plot"}, {"boundary": {"y": 259, "x": 118, "w": 130, "h": 126}, "FileName": "2013_06619110-Figure2-1subFig-2.png", "PageNo": 3, "Label": "Scatter plot"}, {"boundary": {"y": 260, "x": 266, "w": 135, "h": 125}, "FileName": "2013_06619110-Figure2-1subFig-4.png", "PageNo": 3, "Label": "Graph plots"}, {"boundary": {"y": 146, "x": 415, "w": 133, "h": 100}, "FileName": "2013_06619110-Figure2-1subFig-5.png", "PageNo": 3, "Label": "Scatter plot"}, {"boundary": {"y": 146, "x": 714, "w": 129, "h": 100}, "FileName": "2013_06619110-Figure2-1subFig-7.png", "PageNo": 3, "Label": "Scatter plot"}, {"boundary": {"y": 145, "x": 859, "w": 130, "h": 102}, "FileName": "2013_06619110-Figure2-1subFig-11.png", "PageNo": 3, "Label": "Scatter plot"}, {"boundary": {"y": 145, "x": 1006, "w": 130, "h": 102}, "FileName": "2013_06619110-Figure2-1subFig-13.png", "PageNo": 3, "Label": "Scatter plot"}, {"boundary": {"y": 259, "x": 1006, "w": 130, "h": 127}, "FileName": "2013_06619110-Figure2-1subFig-14.png", "PageNo": 3, "Label": "Scatter plot"}, {"boundary": {"y": 146, "x": 557, "w": 144, "h": 124}, "FileName": "2013_06619110-Figure3-1subFig-7.png", "PageNo": 4, "Label": "Heat map"}, {"boundary": {"y": 277, "x": 557, "w": 144, "h": 124}, "FileName": "2013_06619110-Figure3-1subFig-11.png", "PageNo": 4, "Label": "Mask"}, {"boundary": {"y": 277, "x": 704, "w": 144, "h": 124}, "FileName": "2013_06619110-Figure3-1subFig-12.png", "PageNo": 4, "Label": "Mask"}, {"boundary": {"y": 277, "x": 852, "w": 144, "h": 124}, "FileName": "2013_06619110-Figure3-1subFig-13.png", "PageNo": 4, "Label": "Mask"}, {"boundary": {"y": 277, "x": 1000, "w": 144, "h": 124}, "FileName": "2013_06619110-Figure3-1subFig-14.png", "PageNo": 4, "Label": "Mask"}, {"boundary": {"y": 145, "x": 189, "w": 252, "h": 227}, "FileName": "2013_06619110-Figure6-1subFig-1.png", "PageNo": 6, "Label": "Graph plots"}, {"boundary": {"y": 145, "x": 489, "w": 265, "h": 227}, "FileName": "2013_06619110-Figure6-1subFig-2.png", "PageNo": 6, "Label": "Graph plots"}, {"boundary": {"y": 145, "x": 813, "w": 252, "h": 227}, "FileName": "2013_06619110-Figure6-1subFig-3.png", "PageNo": 6, "Label": "Bar plots"}]}