{"url": "wget \"http://ieeexplore.ieee.org/stampPDF/getPDF.jsp?tp=&isnumber=&arnumber=6619051\" -O 2013_06619051.pdf", "region": [{"boundary": {"y": 145, "x": 177, "w": 255, "h": 160}, "FileName": "2013_06619051-Figure1-1subFig-1.png", "PageNo": 2, "Label": "Sketches"}, {"boundary": {"y": 145, "x": 507, "w": 252, "h": 160}, "FileName": "2013_06619051-Figure1-1subFig-2.png", "PageNo": 2, "Label": "Sketches"}, {"boundary": {"y": 145, "x": 832, "w": 252, "h": 160}, "FileName": "2013_06619051-Figure1-1subFig-3.png", "PageNo": 2, "Label": "Sketches"}, {"boundary": {"y": 145, "x": 135, "w": 462, "h": 153}, "FileName": "2013_06619051-Figure2-1subFig-1.png", "PageNo": 3, "Label": "Bar plots"}, {"boundary": {"y": 313, "x": 135, "w": 462, "h": 153}, "FileName": "2013_06619051-Figure2-1subFig-2.png", "PageNo": 3, "Label": "Bar plots"}, {"boundary": {"y": 145, "x": 126, "w": 481, "h": 102}, "FileName": "2013_06619051-Figure3-1subFig-1.png", "PageNo": 4, "Label": "Histogram"}, {"boundary": {"y": 260, "x": 126, "w": 481, "h": 129}, "FileName": "2013_06619051-Figure3-1subFig-2.png", "PageNo": 4, "Label": "Histogram"}, {"boundary": {"y": 402, "x": 126, "w": 481, "h": 158}, "FileName": "2013_06619051-Figure3-1subFig-3.png", "PageNo": 4, "Label": "Histogram"}, {"boundary": {"y": 145, "x": 943, "w": 188, "h": 162}, "FileName": "2013_06619051-Figure4-1subFig-5.png", "PageNo": 5, "Label": "Graph plots"}]}