{"url": "wget \"http://ieeexplore.ieee.org/stampPDF/getPDF.jsp?tp=&isnumber=&arnumber=6619261\" -O 2013_06619261.pdf", "region": [{"boundary": {"y": 144, "x": 639, "w": 227, "h": 178}, "FileName": "2013_06619261-Figure4-1subFig-1.png", "PageNo": 4, "Label": "Graph plots"}, {"boundary": {"y": 334, "x": 639, "w": 227, "h": 225}, "FileName": "2013_06619261-Figure4-1subFig-2.png", "PageNo": 4, "Label": "Graph plots"}, {"boundary": {"y": 144, "x": 891, "w": 226, "h": 178}, "FileName": "2013_06619261-Figure4-1subFig-3.png", "PageNo": 4, "Label": "Graph plots"}, {"boundary": {"y": 333, "x": 891, "w": 226, "h": 227}, "FileName": "2013_06619261-Figure4-1subFig-4.png", "PageNo": 4, "Label": "Graph plots"}, {"boundary": {"y": 145, "x": 653, "w": 206, "h": 186}, "FileName": "2013_06619261-Figure5-1subFig-1.png", "PageNo": 5, "Label": "Graph plots"}, {"boundary": {"y": 145, "x": 885, "w": 205, "h": 186}, "FileName": "2013_06619261-Figure5-1subFig-2.png", "PageNo": 5, "Label": "Graph plots"}]}