{"url": "wget \"http://ieeexplore.ieee.org/stampPDF/getPDF.jsp?tp=&isnumber=&arnumber=6619108\" -O 2013_06619108.pdf", "region": [{"boundary": {"y": 631, "x": 888, "w": 179, "h": 133}, "FileName": "2013_06619108-Figure4-1subFig-4.png", "PageNo": 4, "Label": "Mask"}, {"boundary": {"y": 885, "x": 117, "w": 203, "h": 155}, "FileName": "2013_06619108-Figure6-1subFig-4.png", "PageNo": 5, "Label": "Mask"}, {"boundary": {"y": 1045, "x": 117, "w": 203, "h": 155}, "FileName": "2013_06619108-Figure6-1subFig-11.png", "PageNo": 5, "Label": "Mask"}, {"boundary": {"y": 1205, "x": 117, "w": 203, "h": 155}, "FileName": "2013_06619108-Figure6-1subFig-14.png", "PageNo": 5, "Label": "Mask"}, {"boundary": {"y": 473, "x": 154, "w": 412, "h": 303}, "FileName": "2013_06619108-Figure7-1subFig-2.png", "PageNo": 6, "Label": "Graph plots"}, {"boundary": {"y": 145, "x": 131, "w": 453, "h": 351}, "FileName": "2013_06619108-Figure8-1subFig-1.png", "PageNo": 7, "Label": "Graph plots"}, {"boundary": {"y": 522, "x": 138, "w": 459, "h": 335}, "FileName": "2013_06619108-Figure8-1subFig-2.png", "PageNo": 7, "Label": "Graph plots"}]}