{"url": "wget \"http://ieeexplore.ieee.org/stampPDF/getPDF.jsp?tp=&isnumber=&arnumber=6618879\" -O 2013_06618879.pdf", "region": [{"boundary": {"y": 145, "x": 654, "w": 343, "h": 260}, "FileName": "2013_06618879-Figure1-1subFig-1.png", "PageNo": 1, "Label": "Sketches"}, {"boundary": {"y": 379, "x": 278, "w": 94, "h": 164}, "FileName": "2013_06618879-Figure6-1subFig-3.png", "PageNo": 5, "Label": "3D objects"}, {"boundary": {"y": 156, "x": 395, "w": 167, "h": 175}, "FileName": "2013_06618879-Figure6-1subFig-6.png", "PageNo": 5, "Label": "3D objects"}, {"boundary": {"y": 156, "x": 866, "w": 168, "h": 175}, "FileName": "2013_06618879-Figure6-1subFig-15.png", "PageNo": 5, "Label": "3D objects"}, {"boundary": {"y": 149, "x": 548, "w": 96, "h": 142}, "FileName": "2013_06618879-Figure7-1subFig-9.png", "PageNo": 6, "Label": "3D objects"}, {"boundary": {"y": 464, "x": 527, "w": 162, "h": 142}, "FileName": "2013_06618879-Figure7-1subFig-11.png", "PageNo": 6, "Label": "3D objects"}, {"boundary": {"y": 149, "x": 780, "w": 96, "h": 142}, "FileName": "2013_06618879-Figure7-1subFig-13.png", "PageNo": 6, "Label": "3D objects"}, {"boundary": {"y": 464, "x": 759, "w": 148, "h": 142}, "FileName": "2013_06618879-Figure7-1subFig-15.png", "PageNo": 6, "Label": "3D objects"}, {"boundary": {"y": 149, "x": 1011, "w": 96, "h": 142}, "FileName": "2013_06618879-Figure7-1subFig-17.png", "PageNo": 6, "Label": "3D objects"}, {"boundary": {"y": 318, "x": 1008, "w": 110, "h": 121}, "FileName": "2013_06618879-Figure7-1subFig-18.png", "PageNo": 6, "Label": "3D objects"}]}