{"url": "wget \"http://ieeexplore.ieee.org/stampPDF/getPDF.jsp?tp=&isnumber=&arnumber=6619163\" -O 2013_06619163.pdf", "region": [{"boundary": {"y": 149, "x": 144, "w": 443, "h": 209}, "FileName": "2013_06619163-Figure2-1subFig-1.png", "PageNo": 1, "Label": "Block diagram"}, {"boundary": {"y": 1106, "x": 638, "w": 226, "h": 197}, "FileName": "2013_06619163-Figure3-1subFig-1.png", "PageNo": 5, "Label": "Graph plots"}, {"boundary": {"y": 1105, "x": 883, "w": 227, "h": 198}, "FileName": "2013_06619163-Figure3-1subFig-2.png", "PageNo": 5, "Label": "Graph plots"}, {"boundary": {"y": 147, "x": 129, "w": 226, "h": 198}, "FileName": "2013_06619163-Figure4-1subFig-1.png", "PageNo": 6, "Label": "Graph plots"}, {"boundary": {"y": 147, "x": 374, "w": 227, "h": 198}, "FileName": "2013_06619163-Figure4-1subFig-2.png", "PageNo": 6, "Label": "Graph plots"}, {"boundary": {"y": 146, "x": 906, "w": 239, "h": 211}, "FileName": "2013_06619163-Figure5-1subFig-4.png", "PageNo": 7, "Label": "Graph plots"}, {"boundary": {"y": 190, "x": 184, "w": 355, "h": 220}, "FileName": "2013_06619163-Table2-1subFig-1.png", "PageNo": 5, "Label": "Tables"}, {"boundary": {"y": 996, "x": 147, "w": 432, "h": 142}, "FileName": "2013_06619163-Table6-1subFig-1.png", "PageNo": 6, "Label": "Tables"}]}