{"url": "wget \"http://ieeexplore.ieee.org/stampPDF/getPDF.jsp?tp=&isnumber=&arnumber=6619013\" -O 2013_06619013.pdf", "region": [{"boundary": {"y": 182, "x": 125, "w": 471, "h": 195}, "FileName": "2013_06619013-Table1-1subFig-1.png", "PageNo": 6, "Label": "Tables"}, {"boundary": {"y": 434, "x": 125, "w": 471, "h": 195}, "FileName": "2013_06619013-Table2-1subFig-1.png", "PageNo": 6, "Label": "Tables"}, {"boundary": {"y": 182, "x": 665, "w": 406, "h": 195}, "FileName": "2013_06619013-Table3-1subFig-1.png", "PageNo": 6, "Label": "Tables"}, {"boundary": {"y": 410, "x": 666, "w": 416, "h": 121}, "FileName": "2013_06619013-Table4-1subFig-1.png", "PageNo": 6, "Label": "Tables"}]}