{"url": "wget \"http://ieeexplore.ieee.org/stampPDF/getPDF.jsp?tp=&isnumber=&arnumber=6618902\" -O 2013_06618902.pdf", "region": [{"boundary": {"y": 145, "x": 649, "w": 452, "h": 339}, "FileName": "2013_06618902-Figure2-1subFig-1.png", "PageNo": 4, "Label": "Graph plots"}, {"boundary": {"y": 145, "x": 129, "w": 331, "h": 279}, "FileName": "2013_06618902-Figure4-1subFig-1.png", "PageNo": 7, "Label": "Graph plots"}, {"boundary": {"y": 145, "x": 473, "w": 331, "h": 279}, "FileName": "2013_06618902-Figure4-1subFig-2.png", "PageNo": 7, "Label": "Graph plots"}, {"boundary": {"y": 145, "x": 817, "w": 330, "h": 279}, "FileName": "2013_06618902-Figure4-1subFig-3.png", "PageNo": 7, "Label": "Graph plots"}]}