{"url": "wget \"http://ieeexplore.ieee.org/stampPDF/getPDF.jsp?tp=&isnumber=&arnumber=6619136\" -O 2013_06619136.pdf", "region": [{"boundary": {"y": 145, "x": 636, "w": 233, "h": 191}, "FileName": "2013_06619136-Figure2-1subFig-1.png", "PageNo": 5, "Label": "Graph plots"}, {"boundary": {"y": 347, "x": 636, "w": 230, "h": 192}, "FileName": "2013_06619136-Figure2-1subFig-2.png", "PageNo": 5, "Label": "Graph plots"}, {"boundary": {"y": 347, "x": 885, "w": 232, "h": 192}, "FileName": "2013_06619136-Figure2-1subFig-4.png", "PageNo": 5, "Label": "Graph plots"}]}