{"url": "wget \"http://ieeexplore.ieee.org/stampPDF/getPDF.jsp?tp=&isnumber=&arnumber=6618904\" -O 2013_06618904.pdf", "region": [{"boundary": {"y": 146, "x": 631, "w": 222, "h": 202}, "FileName": "2013_06618904-Figure1-1subFig-1.png", "PageNo": 3, "Label": "Graph plots"}, {"boundary": {"y": 145, "x": 877, "w": 221, "h": 203}, "FileName": "2013_06618904-Figure1-1subFig-2.png", "PageNo": 3, "Label": "Graph plots"}, {"boundary": {"y": 1166, "x": 126, "w": 225, "h": 200}, "FileName": "2013_06618904-Figure10-1subFig-1.png", "PageNo": 6, "Label": "Graph plots"}, {"boundary": {"y": 1162, "x": 375, "w": 228, "h": 204}, "FileName": "2013_06618904-Figure10-1subFig-2.png", "PageNo": 6, "Label": "Graph plots"}, {"boundary": {"y": 145, "x": 891, "w": 119, "h": 183}, "FileName": "2013_06618904-Figure11-1subFig-13.png", "PageNo": 7, "Label": "Mask"}, {"boundary": {"y": 441, "x": 631, "w": 223, "h": 204}, "FileName": "2013_06618904-Figure2-1subFig-1.png", "PageNo": 3, "Label": "Graph plots"}, {"boundary": {"y": 441, "x": 877, "w": 223, "h": 204}, "FileName": "2013_06618904-Figure2-1subFig-2.png", "PageNo": 3, "Label": "Graph plots"}, {"boundary": {"y": 145, "x": 119, "w": 251, "h": 167}, "FileName": "2013_06618904-Figure3-1subFig-1.png", "PageNo": 4, "Label": "Natural images"}, {"boundary": {"y": 321, "x": 121, "w": 252, "h": 167}, "FileName": "2013_06618904-Figure3-1subFig-3.png", "PageNo": 4, "Label": "Natural images"}, {"boundary": {"y": 145, "x": 638, "w": 252, "h": 167}, "FileName": "2013_06618904-Figure3-1subFig-5.png", "PageNo": 4, "Label": "Natural images"}, {"boundary": {"y": 145, "x": 897, "w": 251, "h": 167}, "FileName": "2013_06618904-Figure3-1subFig-6.png", "PageNo": 4, "Label": "Natural images"}, {"boundary": {"y": 609, "x": 630, "w": 219, "h": 203}, "FileName": "2013_06618904-Figure4-1subFig-1.png", "PageNo": 4, "Label": "Graph plots"}, {"boundary": {"y": 600, "x": 888, "w": 219, "h": 212}, "FileName": "2013_06618904-Figure4-1subFig-2.png", "PageNo": 4, "Label": "Graph plots"}, {"boundary": {"y": 878, "x": 658, "w": 242, "h": 191}, "FileName": "2013_06618904-Figure5-1subFig-1.png", "PageNo": 4, "Label": "Mask"}]}