{"url": "wget \"http://ieeexplore.ieee.org/stampPDF/getPDF.jsp?tp=&isnumber=&arnumber=6909533\" -O 2014_06909533.pdf", "region": [{"boundary": {"y": 149, "x": 138, "w": 308, "h": 293}, "FileName": "2014_06909533-Figure4-1subFig-1.png", "PageNo": 6, "Label": "Graph plots"}, {"boundary": {"y": 149, "x": 477, "w": 308, "h": 292}, "FileName": "2014_06909533-Figure4-1subFig-2.png", "PageNo": 6, "Label": "Graph plots"}, {"boundary": {"y": 192, "x": 815, "w": 309, "h": 249}, "FileName": "2014_06909533-Figure4-1subFig-3.png", "PageNo": 6, "Label": "Graph plots"}]}