{"url": "wget \"http://ieeexplore.ieee.org/stampPDF/getPDF.jsp?tp=&isnumber=&arnumber=6909867\" -O 2014_06909867.pdf", "region": [{"boundary": {"y": 145, "x": 643, "w": 411, "h": 353}, "FileName": "2014_06909867-Figure3-1subFig-1.png", "PageNo": 5, "Label": "Graph plots"}, {"boundary": {"y": 710, "x": 638, "w": 235, "h": 199}, "FileName": "2014_06909867-Figure6-1subFig-1.png", "PageNo": 6, "Label": "Graph plots"}, {"boundary": {"y": 710, "x": 905, "w": 209, "h": 199}, "FileName": "2014_06909867-Figure6-1subFig-2.png", "PageNo": 6, "Label": "Graph plots"}]}