{"url": "wget \"http://ieeexplore.ieee.org/stampPDF/getPDF.jsp?tp=&isnumber=&arnumber=6909681\" -O 2014_06909681.pdf", "region": [{"boundary": {"y": 446, "x": 631, "w": 474, "h": 148}, "FileName": "2014_06909681-Table2-1subFig-1.png", "PageNo": 5, "Label": "Tables"}, {"boundary": {"y": 668, "x": 631, "w": 474, "h": 147}, "FileName": "2014_06909681-Table3-1subFig-1.png", "PageNo": 5, "Label": "Tables"}, {"boundary": {"y": 165, "x": 628, "w": 481, "h": 192}, "FileName": "2014_06909681-Table4-1subFig-1.png", "PageNo": 6, "Label": "Tables"}]}