{"url": "wget \"http://ieeexplore.ieee.org/stampPDF/getPDF.jsp?tp=&isnumber=&arnumber=6909764\" -O 2014_06909764.pdf", "region": [{"boundary": {"y": 753, "x": 644, "w": 244, "h": 183}, "FileName": "2014_06909764-Figure10-1subFig-1.png", "PageNo": 6, "Label": "Scatter plot"}, {"boundary": {"y": 948, "x": 643, "w": 246, "h": 163}, "FileName": "2014_06909764-Figure10-1subFig-2.png", "PageNo": 6, "Label": "Scatter plot"}, {"boundary": {"y": 753, "x": 914, "w": 207, "h": 183}, "FileName": "2014_06909764-Figure10-1subFig-3.png", "PageNo": 6, "Label": "Scatter plot"}, {"boundary": {"y": 948, "x": 914, "w": 208, "h": 163}, "FileName": "2014_06909764-Figure10-1subFig-4.png", "PageNo": 6, "Label": "Scatter plot"}, {"boundary": {"y": 145, "x": 449, "w": 160, "h": 107}, "FileName": "2014_06909764-Figure3-1subFig-3.png", "PageNo": 3, "Label": "Natural images"}, {"boundary": {"y": 145, "x": 118, "w": 492, "h": 277}, "FileName": "2014_06909764-Figure6-1subFig-1.png", "PageNo": 5, "Label": "Bar plots"}, {"boundary": {"y": 145, "x": 629, "w": 502, "h": 283}, "FileName": "2014_06909764-Figure7-1subFig-1.png", "PageNo": 5, "Label": "Bar plots"}, {"boundary": {"y": 145, "x": 152, "w": 418, "h": 275}, "FileName": "2014_06909764-Figure8-1subFig-1.png", "PageNo": 6, "Label": "Graph plots"}, {"boundary": {"y": 145, "x": 628, "w": 497, "h": 273}, "FileName": "2014_06909764-Figure9-1subFig-1.png", "PageNo": 6, "Label": "Bar plots"}]}