{"url": "wget \"http://ieeexplore.ieee.org/stampPDF/getPDF.jsp?tp=&isnumber=&arnumber=6909470\" -O 2014_06909470.pdf", "region": [{"boundary": {"y": 144, "x": 135, "w": 315, "h": 193}, "FileName": "2014_06909470-Figure3-1subFig-1.png", "PageNo": 6, "Label": "Graph plots"}, {"boundary": {"y": 360, "x": 134, "w": 319, "h": 192}, "FileName": "2014_06909470-Figure3-1subFig-2.png", "PageNo": 6, "Label": "Graph plots"}, {"boundary": {"y": 145, "x": 474, "w": 318, "h": 192}, "FileName": "2014_06909470-Figure3-1subFig-3.png", "PageNo": 6, "Label": "Graph plots"}, {"boundary": {"y": 144, "x": 818, "w": 319, "h": 193}, "FileName": "2014_06909470-Figure3-1subFig-4.png", "PageNo": 6, "Label": "Graph plots"}, {"boundary": {"y": 360, "x": 476, "w": 319, "h": 192}, "FileName": "2014_06909470-Figure3-1subFig-5.png", "PageNo": 6, "Label": "Graph plots"}, {"boundary": {"y": 360, "x": 815, "w": 322, "h": 192}, "FileName": "2014_06909470-Figure3-1subFig-6.png", "PageNo": 6, "Label": "Graph plots"}, {"boundary": {"y": 620, "x": 135, "w": 316, "h": 192}, "FileName": "2014_06909470-Figure4-1subFig-1.png", "PageNo": 6, "Label": "Graph plots"}, {"boundary": {"y": 835, "x": 131, "w": 320, "h": 192}, "FileName": "2014_06909470-Figure4-1subFig-3.png", "PageNo": 6, "Label": "Graph plots"}, {"boundary": {"y": 835, "x": 476, "w": 316, "h": 192}, "FileName": "2014_06909470-Figure4-1subFig-4.png", "PageNo": 6, "Label": "Graph plots"}, {"boundary": {"y": 623, "x": 818, "w": 317, "h": 189}, "FileName": "2014_06909470-Figure4-1subFig-5.png", "PageNo": 6, "Label": "Graph plots"}, {"boundary": {"y": 835, "x": 817, "w": 317, "h": 192}, "FileName": "2014_06909470-Figure4-1subFig-6.png", "PageNo": 6, "Label": "Graph plots"}, {"boundary": {"y": 422, "x": 136, "w": 244, "h": 148}, "FileName": "2014_06909470-Figure6-1subFig-2.png", "PageNo": 7, "Label": "Graph plots"}, {"boundary": {"y": 968, "x": 131, "w": 257, "h": 144}, "FileName": "2014_06909470-Figure7-1subFig-2.png", "PageNo": 7, "Label": "Graph plots"}, {"boundary": {"y": 411, "x": 644, "w": 248, "h": 152}, "FileName": "2014_06909470-Figure8-1subFig-2.png", "PageNo": 7, "Label": "Graph plots"}]}