{"url": "wget \"http://ieeexplore.ieee.org/stampPDF/getPDF.jsp?tp=&isnumber=&arnumber=6909467\" -O 2014_06909467.pdf", "region": [{"boundary": {"y": 145, "x": 627, "w": 243, "h": 154}, "FileName": "2014_06909467-Figure2-1subFig-1.png", "PageNo": 5, "Label": "Graph plots"}, {"boundary": {"y": 145, "x": 876, "w": 242, "h": 154}, "FileName": "2014_06909467-Figure2-1subFig-2.png", "PageNo": 5, "Label": "Graph plots"}, {"boundary": {"y": 145, "x": 122, "w": 256, "h": 256}, "FileName": "2014_06909467-Figure3-1subFig-1.png", "PageNo": 7, "Label": "Confusion matrix"}, {"boundary": {"y": 145, "x": 390, "w": 218, "h": 256}, "FileName": "2014_06909467-Figure3-1subFig-2.png", "PageNo": 7, "Label": "Confusion matrix"}]}