{"url": "wget \"http://ieeexplore.ieee.org/stampPDF/getPDF.jsp?tp=&isnumber=&arnumber=6909595\" -O 2014_06909595.pdf", "region": [{"boundary": {"y": 476, "x": 639, "w": 154, "h": 197}, "FileName": "2014_06909595-Figure1-1subFig-1.png", "PageNo": 0, "Label": "3D objects"}, {"boundary": {"y": 477, "x": 805, "w": 152, "h": 196}, "FileName": "2014_06909595-Figure1-1subFig-2.png", "PageNo": 0, "Label": "3D objects"}, {"boundary": {"y": 477, "x": 967, "w": 154, "h": 196}, "FileName": "2014_06909595-Figure1-1subFig-3.png", "PageNo": 0, "Label": "3D objects"}, {"boundary": {"y": 689, "x": 640, "w": 153, "h": 194}, "FileName": "2014_06909595-Figure1-1subFig-4.png", "PageNo": 0, "Label": "3D objects"}, {"boundary": {"y": 686, "x": 803, "w": 155, "h": 197}, "FileName": "2014_06909595-Figure1-1subFig-5.png", "PageNo": 0, "Label": "3D objects"}, {"boundary": {"y": 686, "x": 967, "w": 154, "h": 194}, "FileName": "2014_06909595-Figure1-1subFig-6.png", "PageNo": 0, "Label": "3D objects"}, {"boundary": {"y": 188, "x": 376, "w": 114, "h": 124}, "FileName": "2014_06909595-Figure3-1subFig-2.png", "PageNo": 4, "Label": "3D objects"}, {"boundary": {"y": 182, "x": 495, "w": 114, "h": 134}, "FileName": "2014_06909595-Figure3-1subFig-3.png", "PageNo": 4, "Label": "3D objects"}, {"boundary": {"y": 189, "x": 659, "w": 112, "h": 123}, "FileName": "2014_06909595-Figure3-1subFig-4.png", "PageNo": 4, "Label": "3D objects"}, {"boundary": {"y": 184, "x": 778, "w": 113, "h": 131}, "FileName": "2014_06909595-Figure3-1subFig-5.png", "PageNo": 4, "Label": "3D objects"}, {"boundary": {"y": 146, "x": 129, "w": 154, "h": 188}, "FileName": "2014_06909595-Figure6-1subFig-1.png", "PageNo": 6, "Label": "3D objects"}, {"boundary": {"y": 149, "x": 293, "w": 151, "h": 185}, "FileName": "2014_06909595-Figure6-1subFig-2.png", "PageNo": 6, "Label": "3D objects"}, {"boundary": {"y": 150, "x": 457, "w": 152, "h": 184}, "FileName": "2014_06909595-Figure6-1subFig-3.png", "PageNo": 6, "Label": "3D objects"}, {"boundary": {"y": 357, "x": 130, "w": 150, "h": 185}, "FileName": "2014_06909595-Figure6-1subFig-4.png", "PageNo": 6, "Label": "3D objects"}, {"boundary": {"y": 354, "x": 292, "w": 153, "h": 188}, "FileName": "2014_06909595-Figure6-1subFig-5.png", "PageNo": 6, "Label": "3D objects"}, {"boundary": {"y": 356, "x": 456, "w": 154, "h": 183}, "FileName": "2014_06909595-Figure6-1subFig-6.png", "PageNo": 6, "Label": "3D objects"}, {"boundary": {"y": 362, "x": 298, "w": 130, "h": 216}, "FileName": "2014_06909595-Figure8-1subFig-4.png", "PageNo": 7, "Label": "3D objects"}, {"boundary": {"y": 360, "x": 460, "w": 132, "h": 215}, "FileName": "2014_06909595-Figure8-1subFig-6.png", "PageNo": 7, "Label": "3D objects"}, {"boundary": {"y": 618, "x": 127, "w": 196, "h": 149}, "FileName": "2014_06909595-Figure9-1subFig-1.png", "PageNo": 7, "Label": "3D objects"}, {"boundary": {"y": 775, "x": 124, "w": 199, "h": 239}, "FileName": "2014_06909595-Figure9-1subFig-2.png", "PageNo": 7, "Label": "3D objects"}, {"boundary": {"y": 1019, "x": 118, "w": 182, "h": 192}, "FileName": "2014_06909595-Figure9-1subFig-3.png", "PageNo": 7, "Label": "3D objects"}, {"boundary": {"y": 618, "x": 357, "w": 189, "h": 146}, "FileName": "2014_06909595-Figure9-1subFig-4.png", "PageNo": 7, "Label": "3D objects"}, {"boundary": {"y": 770, "x": 355, "w": 201, "h": 241}, "FileName": "2014_06909595-Figure9-1subFig-5.png", "PageNo": 7, "Label": "3D objects"}, {"boundary": {"y": 1023, "x": 331, "w": 179, "h": 188}, "FileName": "2014_06909595-Figure9-1subFig-6.png", "PageNo": 7, "Label": "3D objects"}, {"boundary": {"y": 1019, "x": 535, "w": 80, "h": 192}, "FileName": "2014_06909595-Figure9-1subFig-7.png", "PageNo": 7, "Label": "3D objects"}]}