{"url": "wget \"http://ieeexplore.ieee.org/stampPDF/getPDF.jsp?tp=&isnumber=&arnumber=6909822\" -O 2014_06909822.pdf", "region": [{"boundary": {"y": 144, "x": 118, "w": 485, "h": 302}, "FileName": "2014_06909822-Figure3-1subFig-1.png", "PageNo": 3, "Label": "Block diagram"}, {"boundary": {"y": 151, "x": 124, "w": 99, "h": 146}, "FileName": "2014_06909822-Figure4-1subFig-1.png", "PageNo": 4, "Label": "Natural images"}, {"boundary": {"y": 301, "x": 124, "w": 200, "h": 152}, "FileName": "2014_06909822-Figure4-1subFig-3.png", "PageNo": 4, "Label": "Natural images"}, {"boundary": {"y": 306, "x": 835, "w": 101, "h": 143}, "FileName": "2014_06909822-Figure4-1subFig-11.png", "PageNo": 4, "Label": "Natural images"}, {"boundary": {"y": 309, "x": 941, "w": 194, "h": 144}, "FileName": "2014_06909822-Figure4-1subFig-12.png", "PageNo": 4, "Label": "Natural images"}, {"boundary": {"y": 465, "x": 338, "w": 185, "h": 145}, "FileName": "2014_06909822-Figure4-1subFig-14.png", "PageNo": 4, "Label": "Natural images"}, {"boundary": {"y": 621, "x": 124, "w": 193, "h": 151}, "FileName": "2014_06909822-Figure4-1subFig-15.png", "PageNo": 4, "Label": "Natural images"}, {"boundary": {"y": 627, "x": 532, "w": 195, "h": 145}, "FileName": "2014_06909822-Figure4-1subFig-19.png", "PageNo": 4, "Label": "Natural images"}, {"boundary": {"y": 465, "x": 940, "w": 194, "h": 145}, "FileName": "2014_06909822-Figure4-1subFig-21.png", "PageNo": 4, "Label": "Natural images"}, {"boundary": {"y": 160, "x": 134, "w": 448, "h": 388}, "FileName": "2014_06909822-Figure5-1subFig-1.png", "PageNo": 5, "Label": "Confusion matrix"}, {"boundary": {"y": 149, "x": 447, "w": 176, "h": 118}, "FileName": "2014_06909822-Figure6-1subFig-2.png", "PageNo": 6, "Label": "Natural images"}, {"boundary": {"y": 149, "x": 886, "w": 109, "h": 115}, "FileName": "2014_06909822-Figure6-1subFig-8.png", "PageNo": 6, "Label": "Natural images"}, {"boundary": {"y": 149, "x": 1008, "w": 108, "h": 115}, "FileName": "2014_06909822-Figure6-1subFig-10.png", "PageNo": 6, "Label": "Natural images"}, {"boundary": {"y": 275, "x": 1009, "w": 108, "h": 139}, "FileName": "2014_06909822-Figure6-1subFig-11.png", "PageNo": 6, "Label": "Natural images"}]}