{"url": "wget \"http://ieeexplore.ieee.org/stampPDF/getPDF.jsp?tp=&isnumber=&arnumber=6909403\" -O 2014_06909403.pdf", "region": [{"boundary": {"y": 145, "x": 630, "w": 225, "h": 174}, "FileName": "2014_06909403-Figure5-1subFig-1.png", "PageNo": 5, "Label": "Graph plots"}, {"boundary": {"y": 145, "x": 879, "w": 225, "h": 174}, "FileName": "2014_06909403-Figure5-1subFig-2.png", "PageNo": 5, "Label": "Graph plots"}, {"boundary": {"y": 344, "x": 630, "w": 225, "h": 174}, "FileName": "2014_06909403-Figure5-1subFig-3.png", "PageNo": 5, "Label": "Graph plots"}, {"boundary": {"y": 705, "x": 124, "w": 232, "h": 177}, "FileName": "2014_06909403-Figure6-1subFig-1.png", "PageNo": 6, "Label": "Graph plots"}, {"boundary": {"y": 705, "x": 373, "w": 233, "h": 178}, "FileName": "2014_06909403-Figure6-1subFig-2.png", "PageNo": 6, "Label": "Graph plots"}, {"boundary": {"y": 146, "x": 880, "w": 234, "h": 260}, "FileName": "2014_06909403-Figure7-1subFig-2.png", "PageNo": 6, "Label": "Scatter plot"}, {"boundary": {"y": 144, "x": 147, "w": 433, "h": 142}, "FileName": "2014_06909403-Table1-1subFig-1.png", "PageNo": 6, "Label": "Tables"}, {"boundary": {"y": 306, "x": 147, "w": 433, "h": 141}, "FileName": "2014_06909403-Table1-1subFig-2.png", "PageNo": 6, "Label": "Tables"}, {"boundary": {"y": 468, "x": 147, "w": 433, "h": 141}, "FileName": "2014_06909403-Table1-1subFig-3.png", "PageNo": 6, "Label": "Tables"}]}