{"url": "wget \"http://ieeexplore.ieee.org/stampPDF/getPDF.jsp?tp=&isnumber=&arnumber=6909661\" -O 2014_06909661.pdf", "region": [{"boundary": {"y": 450, "x": 139, "w": 222, "h": 237}, "FileName": "2014_06909661-Figure3-1subFig-3.png", "PageNo": 4, "Label": "Graph plots"}, {"boundary": {"y": 450, "x": 365, "w": 247, "h": 237}, "FileName": "2014_06909661-Figure3-1subFig-4.png", "PageNo": 4, "Label": "Histogram"}, {"boundary": {"y": 152, "x": 519, "w": 255, "h": 261}, "FileName": "2014_06909661-Figure4-1subFig-2.png", "PageNo": 5, "Label": "Graph plots"}, {"boundary": {"y": 149, "x": 132, "w": 308, "h": 286}, "FileName": "2014_06909661-Figure5-1subFig-1.png", "PageNo": 7, "Label": "Graph plots"}, {"boundary": {"y": 149, "x": 473, "w": 308, "h": 286}, "FileName": "2014_06909661-Figure5-1subFig-2.png", "PageNo": 7, "Label": "Graph plots"}, {"boundary": {"y": 149, "x": 814, "w": 309, "h": 286}, "FileName": "2014_06909661-Figure5-1subFig-3.png", "PageNo": 7, "Label": "Graph plots"}]}