{"url": "wget \"http://ieeexplore.ieee.org/stampPDF/getPDF.jsp?tp=&isnumber=&arnumber=6909887\" -O 2014_06909887.pdf", "region": [{"boundary": {"y": 149, "x": 629, "w": 240, "h": 208}, "FileName": "2014_06909887-Figure10-1subFig-1.png", "PageNo": 6, "Label": "3D objects"}, {"boundary": {"y": 149, "x": 880, "w": 240, "h": 208}, "FileName": "2014_06909887-Figure10-1subFig-2.png", "PageNo": 6, "Label": "3D objects"}, {"boundary": {"y": 380, "x": 629, "w": 240, "h": 209}, "FileName": "2014_06909887-Figure10-1subFig-3.png", "PageNo": 6, "Label": "3D objects"}, {"boundary": {"y": 380, "x": 880, "w": 240, "h": 208}, "FileName": "2014_06909887-Figure10-1subFig-4.png", "PageNo": 6, "Label": "3D objects"}, {"boundary": {"y": 145, "x": 629, "w": 240, "h": 208}, "FileName": "2014_06909887-Figure12-1subFig-1.png", "PageNo": 7, "Label": "3D objects"}, {"boundary": {"y": 146, "x": 778, "w": 168, "h": 154}, "FileName": "2014_06909887-Figure3-1subFig-2.png", "PageNo": 1, "Label": "3D objects"}, {"boundary": {"y": 146, "x": 951, "w": 169, "h": 155}, "FileName": "2014_06909887-Figure3-1subFig-3.png", "PageNo": 1, "Label": "3D objects"}, {"boundary": {"y": 146, "x": 880, "w": 240, "h": 208}, "FileName": "2014_06909887-Figure5-1subFig-2.png", "PageNo": 4, "Label": "3D objects"}, {"boundary": {"y": 150, "x": 630, "w": 239, "h": 266}, "FileName": "2014_06909887-Figure7-1subFig-1.png", "PageNo": 5, "Label": "Graph plots"}, {"boundary": {"y": 150, "x": 879, "w": 239, "h": 266}, "FileName": "2014_06909887-Figure7-1subFig-2.png", "PageNo": 5, "Label": "Graph plots"}, {"boundary": {"y": 444, "x": 630, "w": 239, "h": 267}, "FileName": "2014_06909887-Figure7-1subFig-3.png", "PageNo": 5, "Label": "Graph plots"}, {"boundary": {"y": 444, "x": 879, "w": 239, "h": 267}, "FileName": "2014_06909887-Figure7-1subFig-4.png", "PageNo": 5, "Label": "Graph plots"}]}