{"url": "wget \"http://ieeexplore.ieee.org/stampPDF/getPDF.jsp?tp=&isnumber=&arnumber=6909540\" -O 2014_06909540.pdf", "region": [{"boundary": {"y": 852, "x": 302, "w": 157, "h": 141}, "FileName": "2014_06909540-Figure10-1subFig-3.png", "PageNo": 7, "Label": "Mask"}, {"boundary": {"y": 145, "x": 261, "w": 107, "h": 123}, "FileName": "2014_06909540-Figure2-1subFig-3.png", "PageNo": 1, "Label": "Heat map"}, {"boundary": {"y": 279, "x": 379, "w": 110, "h": 107}, "FileName": "2014_06909540-Figure2-1subFig-7.png", "PageNo": 1, "Label": "Mask"}, {"boundary": {"y": 144, "x": 135, "w": 151, "h": 154}, "FileName": "2014_06909540-Figure5-1subFig-1.png", "PageNo": 3, "Label": "Flow chart"}]}