{"url": "wget \"http://ieeexplore.ieee.org/stampPDF/getPDF.jsp?tp=&isnumber=&arnumber=6909498\" -O 2014_06909498.pdf", "region": [{"boundary": {"y": 146, "x": 132, "w": 161, "h": 147}, "FileName": "2014_06909498-Figure2-1subFig-1.png", "PageNo": 3, "Label": "Confusion matrix"}, {"boundary": {"y": 146, "x": 296, "w": 154, "h": 148}, "FileName": "2014_06909498-Figure2-1subFig-2.png", "PageNo": 3, "Label": "Confusion matrix"}, {"boundary": {"y": 272, "x": 632, "w": 160, "h": 127}, "FileName": "2014_06909498-Figure3-1subFig-4.png", "PageNo": 3, "Label": "Heat map"}, {"boundary": {"y": 272, "x": 794, "w": 160, "h": 127}, "FileName": "2014_06909498-Figure3-1subFig-5.png", "PageNo": 3, "Label": "Heat map"}, {"boundary": {"y": 272, "x": 957, "w": 159, "h": 127}, "FileName": "2014_06909498-Figure3-1subFig-6.png", "PageNo": 3, "Label": "Heat map"}, {"boundary": {"y": 146, "x": 747, "w": 123, "h": 110}, "FileName": "2014_06909498-Figure4-1subFig-2.png", "PageNo": 4, "Label": "Heat map"}, {"boundary": {"y": 146, "x": 998, "w": 121, "h": 107}, "FileName": "2014_06909498-Figure4-1subFig-4.png", "PageNo": 4, "Label": "Heat map"}, {"boundary": {"y": 262, "x": 747, "w": 123, "h": 111}, "FileName": "2014_06909498-Figure4-1subFig-6.png", "PageNo": 4, "Label": "Heat map"}, {"boundary": {"y": 271, "x": 999, "w": 120, "h": 102}, "FileName": "2014_06909498-Figure4-1subFig-8.png", "PageNo": 4, "Label": "Heat map"}, {"boundary": {"y": 308, "x": 124, "w": 254, "h": 114}, "FileName": "2014_06909498-Figure5-1subFig-2.png", "PageNo": 6, "Label": "Heat map"}, {"boundary": {"y": 146, "x": 910, "w": 218, "h": 190}, "FileName": "2014_06909498-Figure5-1subFig-10.png", "PageNo": 6, "Label": "Confusion matrix"}, {"boundary": {"y": 342, "x": 911, "w": 218, "h": 232}, "FileName": "2014_06909498-Figure5-1subFig-11.png", "PageNo": 6, "Label": "Confusion matrix"}, {"boundary": {"y": 143, "x": 225, "w": 805, "h": 190}, "FileName": "2014_06909498-Table3-1subFig-1.png", "PageNo": 7, "Label": "Tables"}]}