{"url": "wget \"http://ieeexplore.ieee.org/stampPDF/getPDF.jsp?tp=&isnumber=&arnumber=6909705\" -O 2014_06909705.pdf", "region": [{"boundary": {"y": 832, "x": 126, "w": 484, "h": 209}, "FileName": "2014_06909705-Figure2-1subFig-1.png", "PageNo": 4, "Label": "Graph plots"}, {"boundary": {"y": 145, "x": 121, "w": 194, "h": 147}, "FileName": "2014_06909705-Figure3-1subFig-1.png", "PageNo": 4, "Label": "Natural images"}, {"boundary": {"y": 145, "x": 730, "w": 194, "h": 147}, "FileName": "2014_06909705-Figure3-1subFig-7.png", "PageNo": 4, "Label": "Natural images"}, {"boundary": {"y": 145, "x": 933, "w": 194, "h": 147}, "FileName": "2014_06909705-Figure3-1subFig-9.png", "PageNo": 4, "Label": "Natural images"}, {"boundary": {"y": 145, "x": 122, "w": 206, "h": 172}, "FileName": "2014_06909705-Figure4-1subFig-1.png", "PageNo": 6, "Label": "Scatter plot"}, {"boundary": {"y": 145, "x": 372, "w": 232, "h": 172}, "FileName": "2014_06909705-Figure4-1subFig-2.png", "PageNo": 6, "Label": "Scatter plot"}]}