{"url": "wget \"http://ieeexplore.ieee.org/stampPDF/getPDF.jsp?tp=&isnumber=&arnumber=6909417\" -O 2014_06909417.pdf", "region": [{"boundary": {"y": 144, "x": 132, "w": 1006, "h": 292}, "FileName": "2014_06909417-Figure2-1subFig-1.png", "PageNo": 1, "Label": "Block diagram"}, {"boundary": {"y": 455, "x": 128, "w": 235, "h": 179}, "FileName": "2014_06909417-Figure4-1subFig-1.png", "PageNo": 6, "Label": "Graph plots"}, {"boundary": {"y": 458, "x": 370, "w": 233, "h": 179}, "FileName": "2014_06909417-Figure4-1subFig-2.png", "PageNo": 6, "Label": "Graph plots"}, {"boundary": {"y": 910, "x": 109, "w": 252, "h": 189}, "FileName": "2014_06909417-Figure5-1subFig-1.png", "PageNo": 6, "Label": "Graph plots"}, {"boundary": {"y": 910, "x": 367, "w": 242, "h": 190}, "FileName": "2014_06909417-Figure5-1subFig-2.png", "PageNo": 6, "Label": "Graph plots"}, {"boundary": {"y": 189, "x": 627, "w": 496, "h": 250}, "FileName": "2014_06909417-Table1-1subFig-1.png", "PageNo": 6, "Label": "Tables"}]}