{"url": "wget \"http://ieeexplore.ieee.org/stampPDF/getPDF.jsp?tp=&isnumber=&arnumber=6909404\" -O 2014_06909404.pdf", "region": [{"boundary": {"y": 197, "x": 170, "w": 122, "h": 108}, "FileName": "2014_06909404-Figure2-1subFig-1.png", "PageNo": 1, "Label": "Sketches"}, {"boundary": {"y": 145, "x": 307, "w": 118, "h": 226}, "FileName": "2014_06909404-Figure2-1subFig-3.png", "PageNo": 1, "Label": "Sketches"}, {"boundary": {"y": 379, "x": 302, "w": 123, "h": 199}, "FileName": "2014_06909404-Figure2-1subFig-4.png", "PageNo": 1, "Label": "Sketches"}, {"boundary": {"y": 145, "x": 440, "w": 119, "h": 225}, "FileName": "2014_06909404-Figure2-1subFig-5.png", "PageNo": 1, "Label": "Sketches"}, {"boundary": {"y": 379, "x": 441, "w": 118, "h": 199}, "FileName": "2014_06909404-Figure2-1subFig-6.png", "PageNo": 1, "Label": "Sketches"}, {"boundary": {"y": 145, "x": 168, "w": 134, "h": 181}, "FileName": "2014_06909404-Figure3-1subFig-1.png", "PageNo": 2, "Label": "Sketches"}, {"boundary": {"y": 145, "x": 332, "w": 103, "h": 181}, "FileName": "2014_06909404-Figure3-1subFig-2.png", "PageNo": 2, "Label": "Sketches"}, {"boundary": {"y": 333, "x": 168, "w": 267, "h": 206}, "FileName": "2014_06909404-Figure3-1subFig-3.png", "PageNo": 2, "Label": "Sketches"}, {"boundary": {"y": 297, "x": 446, "w": 111, "h": 236}, "FileName": "2014_06909404-Figure3-1subFig-5.png", "PageNo": 2, "Label": "Sketches"}, {"boundary": {"y": 144, "x": 238, "w": 244, "h": 259}, "FileName": "2014_06909404-Figure4-1subFig-1.png", "PageNo": 4, "Label": "Sketches"}, {"boundary": {"y": 145, "x": 746, "w": 243, "h": 259}, "FileName": "2014_06909404-Figure5-1subFig-1.png", "PageNo": 4, "Label": "Sketches"}]}