{"url": "wget \"http://ieeexplore.ieee.org/stampPDF/getPDF.jsp?tp=&isnumber=&arnumber=6909492\" -O 2014_06909492.pdf", "region": [{"boundary": {"y": 360, "x": 383, "w": 153, "h": 204}, "FileName": "2014_06909492-Figure2-1subFig-6.png", "PageNo": 4, "Label": "Heat map"}, {"boundary": {"y": 784, "x": 383, "w": 153, "h": 204}, "FileName": "2014_06909492-Figure2-1subFig-8.png", "PageNo": 4, "Label": "Heat map"}, {"boundary": {"y": 360, "x": 563, "w": 153, "h": 204}, "FileName": "2014_06909492-Figure2-1subFig-10.png", "PageNo": 4, "Label": "Heat map"}, {"boundary": {"y": 147, "x": 742, "w": 154, "h": 205}, "FileName": "2014_06909492-Figure2-1subFig-11.png", "PageNo": 4, "Label": "Natural images"}, {"boundary": {"y": 360, "x": 742, "w": 154, "h": 204}, "FileName": "2014_06909492-Figure2-1subFig-12.png", "PageNo": 4, "Label": "Heat map"}, {"boundary": {"y": 784, "x": 563, "w": 153, "h": 204}, "FileName": "2014_06909492-Figure2-1subFig-14.png", "PageNo": 4, "Label": "Heat map"}, {"boundary": {"y": 572, "x": 742, "w": 154, "h": 204}, "FileName": "2014_06909492-Figure2-1subFig-15.png", "PageNo": 4, "Label": "Heat map"}, {"boundary": {"y": 784, "x": 742, "w": 154, "h": 204}, "FileName": "2014_06909492-Figure2-1subFig-16.png", "PageNo": 4, "Label": "Heat map"}, {"boundary": {"y": 144, "x": 205, "w": 153, "h": 230}, "FileName": "2014_06909492-Figure3-1subFig-1.png", "PageNo": 5, "Label": "Heat map"}, {"boundary": {"y": 144, "x": 384, "w": 154, "h": 234}, "FileName": "2014_06909492-Figure3-1subFig-2.png", "PageNo": 5, "Label": "Heat map"}, {"boundary": {"y": 144, "x": 564, "w": 153, "h": 234}, "FileName": "2014_06909492-Figure3-1subFig-3.png", "PageNo": 5, "Label": "Heat map"}, {"boundary": {"y": 144, "x": 744, "w": 153, "h": 234}, "FileName": "2014_06909492-Figure3-1subFig-4.png", "PageNo": 5, "Label": "Heat map"}, {"boundary": {"y": 144, "x": 923, "w": 154, "h": 234}, "FileName": "2014_06909492-Figure3-1subFig-5.png", "PageNo": 5, "Label": "Heat map"}, {"boundary": {"y": 147, "x": 115, "w": 216, "h": 146}, "FileName": "2014_06909492-Figure4-1subFig-1.png", "PageNo": 6, "Label": "Natural images"}, {"boundary": {"y": 300, "x": 117, "w": 216, "h": 148}, "FileName": "2014_06909492-Figure4-1subFig-2.png", "PageNo": 6, "Label": "Heat map"}, {"boundary": {"y": 147, "x": 341, "w": 192, "h": 146}, "FileName": "2014_06909492-Figure4-1subFig-3.png", "PageNo": 6, "Label": "Natural images"}, {"boundary": {"y": 300, "x": 341, "w": 194, "h": 148}, "FileName": "2014_06909492-Figure4-1subFig-4.png", "PageNo": 6, "Label": "Heat map"}, {"boundary": {"y": 147, "x": 544, "w": 192, "h": 146}, "FileName": "2014_06909492-Figure4-1subFig-5.png", "PageNo": 6, "Label": "Natural images"}, {"boundary": {"y": 300, "x": 543, "w": 195, "h": 148}, "FileName": "2014_06909492-Figure4-1subFig-6.png", "PageNo": 6, "Label": "Heat map"}, {"boundary": {"y": 147, "x": 746, "w": 193, "h": 146}, "FileName": "2014_06909492-Figure4-1subFig-7.png", "PageNo": 6, "Label": "Natural images"}, {"boundary": {"y": 300, "x": 746, "w": 195, "h": 148}, "FileName": "2014_06909492-Figure4-1subFig-8.png", "PageNo": 6, "Label": "Heat map"}, {"boundary": {"y": 147, "x": 949, "w": 193, "h": 146}, "FileName": "2014_06909492-Figure4-1subFig-9.png", "PageNo": 6, "Label": "Natural images"}, {"boundary": {"y": 300, "x": 949, "w": 195, "h": 148}, "FileName": "2014_06909492-Figure4-1subFig-10.png", "PageNo": 6, "Label": "Heat map"}, {"boundary": {"y": 611, "x": 117, "w": 216, "h": 148}, "FileName": "2014_06909492-Figure4-1subFig-12.png", "PageNo": 6, "Label": "Heat map"}, {"boundary": {"y": 457, "x": 341, "w": 192, "h": 147}, "FileName": "2014_06909492-Figure4-1subFig-13.png", "PageNo": 6, "Label": "Heat map"}, {"boundary": {"y": 613, "x": 341, "w": 192, "h": 146}, "FileName": "2014_06909492-Figure4-1subFig-14.png", "PageNo": 6, "Label": "Heat map"}, {"boundary": {"y": 457, "x": 544, "w": 192, "h": 147}, "FileName": "2014_06909492-Figure4-1subFig-15.png", "PageNo": 6, "Label": "Heat map"}, {"boundary": {"y": 611, "x": 543, "w": 195, "h": 148}, "FileName": "2014_06909492-Figure4-1subFig-16.png", "PageNo": 6, "Label": "Heat map"}, {"boundary": {"y": 457, "x": 746, "w": 193, "h": 147}, "FileName": "2014_06909492-Figure4-1subFig-17.png", "PageNo": 6, "Label": "Heat map"}, {"boundary": {"y": 611, "x": 746, "w": 195, "h": 148}, "FileName": "2014_06909492-Figure4-1subFig-18.png", "PageNo": 6, "Label": "Heat map"}, {"boundary": {"y": 456, "x": 949, "w": 195, "h": 148}, "FileName": "2014_06909492-Figure4-1subFig-19.png", "PageNo": 6, "Label": "Heat map"}, {"boundary": {"y": 611, "x": 949, "w": 195, "h": 148}, "FileName": "2014_06909492-Figure4-1subFig-20.png", "PageNo": 6, "Label": "Heat map"}, {"boundary": {"y": 794, "x": 137, "w": 194, "h": 172}, "FileName": "2014_06909492-Figure5-1subFig-1.png", "PageNo": 6, "Label": "Heat map"}, {"boundary": {"y": 794, "x": 542, "w": 195, "h": 176}, "FileName": "2014_06909492-Figure5-1subFig-3.png", "PageNo": 6, "Label": "Heat map"}, {"boundary": {"y": 794, "x": 745, "w": 195, "h": 176}, "FileName": "2014_06909492-Figure5-1subFig-4.png", "PageNo": 6, "Label": "Heat map"}, {"boundary": {"y": 794, "x": 948, "w": 195, "h": 176}, "FileName": "2014_06909492-Figure5-1subFig-5.png", "PageNo": 6, "Label": "Heat map"}, {"boundary": {"y": 146, "x": 125, "w": 255, "h": 194}, "FileName": "2014_06909492-Figure6-1subFig-1.png", "PageNo": 7, "Label": "Natural images"}, {"boundary": {"y": 144, "x": 410, "w": 147, "h": 196}, "FileName": "2014_06909492-Figure6-1subFig-3.png", "PageNo": 7, "Label": "Natural images"}, {"boundary": {"y": 1042, "x": 662, "w": 417, "h": 151}, "FileName": "2014_06909492-Table2-1subFig-1.png", "PageNo": 4, "Label": "Tables"}]}