{"url": "wget \"http://ieeexplore.ieee.org/stampPDF/getPDF.jsp?tp=&isnumber=&arnumber=6909709\" -O 2014_06909709.pdf", "region": [{"boundary": {"y": 425, "x": 698, "w": 340, "h": 524}, "FileName": "2014_06909709-Figure1-1subFig-1.png", "PageNo": 0, "Label": "Block diagram"}, {"boundary": {"y": 148, "x": 139, "w": 316, "h": 225}, "FileName": "2014_06909709-Figure2-1subFig-1.png", "PageNo": 5, "Label": "Graph plots"}, {"boundary": {"y": 145, "x": 814, "w": 314, "h": 228}, "FileName": "2014_06909709-Figure2-1subFig-3.png", "PageNo": 5, "Label": "Graph plots"}, {"boundary": {"y": 145, "x": 135, "w": 315, "h": 258}, "FileName": "2014_06909709-Figure3-1subFig-1.png", "PageNo": 7, "Label": "Graph plots"}, {"boundary": {"y": 145, "x": 472, "w": 315, "h": 278}, "FileName": "2014_06909709-Figure3-1subFig-2.png", "PageNo": 7, "Label": "Graph plots"}, {"boundary": {"y": 145, "x": 809, "w": 315, "h": 257}, "FileName": "2014_06909709-Figure3-1subFig-3.png", "PageNo": 7, "Label": "Graph plots"}, {"boundary": {"y": 144, "x": 157, "w": 951, "h": 283}, "FileName": "2014_06909709-Table3-1subFig-1.png", "PageNo": 6, "Label": "Tables"}]}