{"url": "wget \"http://ieeexplore.ieee.org/stampPDF/getPDF.jsp?tp=&isnumber=&arnumber=6909525\" -O 2014_06909525.pdf", "region": [{"boundary": {"y": 145, "x": 692, "w": 347, "h": 209}, "FileName": "2014_06909525-Figure1-1subFig-1.png", "PageNo": 4, "Label": "Graph plots"}, {"boundary": {"y": 371, "x": 691, "w": 347, "h": 207}, "FileName": "2014_06909525-Figure1-1subFig-2.png", "PageNo": 4, "Label": "Graph plots"}, {"boundary": {"y": 484, "x": 141, "w": 314, "h": 247}, "FileName": "2014_06909525-Figure2-1subFig-1.png", "PageNo": 6, "Label": "Graph plots"}, {"boundary": {"y": 489, "x": 469, "w": 312, "h": 241}, "FileName": "2014_06909525-Figure2-1subFig-2.png", "PageNo": 6, "Label": "Graph plots"}, {"boundary": {"y": 488, "x": 799, "w": 328, "h": 251}, "FileName": "2014_06909525-Figure2-1subFig-3.png", "PageNo": 6, "Label": "Graph plots"}, {"boundary": {"y": 145, "x": 127, "w": 478, "h": 146}, "FileName": "2014_06909525-Table1-1subFig-1.png", "PageNo": 5, "Label": "Tables"}, {"boundary": {"y": 145, "x": 197, "w": 863, "h": 242}, "FileName": "2014_06909525-Table2-1subFig-1.png", "PageNo": 6, "Label": "Tables"}]}