{"url": "wget \"http://ieeexplore.ieee.org/stampPDF/getPDF.jsp?tp=&isnumber=&arnumber=6909597\" -O 2014_06909597.pdf", "region": [{"boundary": {"y": 160, "x": 111, "w": 498, "h": 284}, "FileName": "2014_06909597-Table1-1subFig-1.png", "PageNo": 6, "Label": "Tables"}, {"boundary": {"y": 483, "x": 111, "w": 496, "h": 281}, "FileName": "2014_06909597-Table2-1subFig-1.png", "PageNo": 6, "Label": "Tables"}, {"boundary": {"y": 165, "x": 646, "w": 440, "h": 137}, "FileName": "2014_06909597-Table3-1subFig-1.png", "PageNo": 6, "Label": "Tables"}, {"boundary": {"y": 304, "x": 646, "w": 440, "h": 142}, "FileName": "2014_06909597-Table3-1subFig-2.png", "PageNo": 6, "Label": "Tables"}]}