{"url": "wget \"http://ieeexplore.ieee.org/stampPDF/getPDF.jsp?tp=&isnumber=&arnumber=6909408\" -O 2014_06909408.pdf", "region": [{"boundary": {"y": 145, "x": 123, "w": 481, "h": 292}, "FileName": "2014_06909408-Figure2-1subFig-1.png", "PageNo": 3, "Label": "Block diagram"}, {"boundary": {"y": 142, "x": 628, "w": 208, "h": 104}, "FileName": "2014_06909408-Figure3-1subFig-1.png", "PageNo": 3, "Label": "Graph plots"}, {"boundary": {"y": 250, "x": 628, "w": 211, "h": 105}, "FileName": "2014_06909408-Figure3-1subFig-2.png", "PageNo": 3, "Label": "Graph plots"}, {"boundary": {"y": 146, "x": 845, "w": 273, "h": 209}, "FileName": "2014_06909408-Figure3-1subFig-3.png", "PageNo": 3, "Label": "Graph plots"}, {"boundary": {"y": 145, "x": 121, "w": 1022, "h": 260}, "FileName": "2014_06909408-Figure6-1subFig-1.png", "PageNo": 5, "Label": "Graph plots"}, {"boundary": {"y": 146, "x": 506, "w": 125, "h": 176}, "FileName": "2014_06909408-Figure7-1subFig-4.png", "PageNo": 6, "Label": "Mask"}, {"boundary": {"y": 146, "x": 635, "w": 125, "h": 175}, "FileName": "2014_06909408-Figure7-1subFig-5.png", "PageNo": 6, "Label": "Mask"}, {"boundary": {"y": 146, "x": 764, "w": 124, "h": 175}, "FileName": "2014_06909408-Figure7-1subFig-6.png", "PageNo": 6, "Label": "Mask"}, {"boundary": {"y": 146, "x": 1022, "w": 124, "h": 175}, "FileName": "2014_06909408-Figure7-1subFig-8.png", "PageNo": 6, "Label": "Mask"}, {"boundary": {"y": 442, "x": 628, "w": 486, "h": 221}, "FileName": "2014_06909408-Figure9-1subFig-1.png", "PageNo": 6, "Label": "Graph plots"}]}