{"url": "wget \"http://ieeexplore.ieee.org/stampPDF/getPDF.jsp?tp=&isnumber=&arnumber=6909658\" -O 2014_06909658.pdf", "region": [{"boundary": {"y": 424, "x": 637, "w": 486, "h": 199}, "FileName": "2014_06909658-Figure1-1subFig-1.png", "PageNo": 0, "Label": "Block diagram"}, {"boundary": {"y": 146, "x": 124, "w": 558, "h": 208}, "FileName": "2014_06909658-Figure2-1subFig-1.png", "PageNo": 2, "Label": "Block diagram"}, {"boundary": {"y": 146, "x": 684, "w": 459, "h": 208}, "FileName": "2014_06909658-Figure2-1subFig-2.png", "PageNo": 2, "Label": "Block diagram"}, {"boundary": {"y": 144, "x": 1004, "w": 140, "h": 119}, "FileName": "2014_06909658-Figure4-1subFig-19.png", "PageNo": 4, "Label": "Heat map"}, {"boundary": {"y": 269, "x": 1004, "w": 140, "h": 138}, "FileName": "2014_06909658-Figure4-1subFig-20.png", "PageNo": 4, "Label": "Heat map"}, {"boundary": {"y": 415, "x": 1004, "w": 140, "h": 123}, "FileName": "2014_06909658-Figure4-1subFig-21.png", "PageNo": 4, "Label": "Heat map"}, {"boundary": {"y": 556, "x": 1003, "w": 141, "h": 279}, "FileName": "2014_06909658-Figure4-1subFig-24.png", "PageNo": 4, "Label": "Heat map"}, {"boundary": {"y": 853, "x": 1004, "w": 140, "h": 196}, "FileName": "2014_06909658-Figure4-1subFig-30.png", "PageNo": 4, "Label": "Heat map"}, {"boundary": {"y": 1060, "x": 1004, "w": 140, "h": 106}, "FileName": "2014_06909658-Figure4-1subFig-31.png", "PageNo": 4, "Label": "Heat map"}]}