{"url": "wget \"http://ieeexplore.ieee.org/stampPDF/getPDF.jsp?tp=&isnumber=&arnumber=6909835\" -O 2014_06909835.pdf", "region": [{"boundary": {"y": 156, "x": 657, "w": 432, "h": 313}, "FileName": "2014_06909835-Figure3-1subFig-1.png", "PageNo": 5, "Label": "Graph plots"}, {"boundary": {"y": 144, "x": 148, "w": 431, "h": 311}, "FileName": "2014_06909835-Figure5-1subFig-1.png", "PageNo": 6, "Label": "Graph plots"}, {"boundary": {"y": 144, "x": 657, "w": 431, "h": 311}, "FileName": "2014_06909835-Figure6-1subFig-1.png", "PageNo": 6, "Label": "Graph plots"}, {"boundary": {"y": 145, "x": 257, "w": 102, "h": 109}, "FileName": "2014_06909835-Figure7-1subFig-4.png", "PageNo": 7, "Label": "Natural images"}, {"boundary": {"y": 257, "x": 257, "w": 102, "h": 102}, "FileName": "2014_06909835-Figure7-1subFig-5.png", "PageNo": 7, "Label": "Natural images"}, {"boundary": {"y": 511, "x": 717, "w": 309, "h": 124}, "FileName": "2014_06909835-Table2-1subFig-1.png", "PageNo": 6, "Label": "Tables"}]}