{"url": "wget \"http://ieeexplore.ieee.org/stampPDF/getPDF.jsp?tp=&isnumber=&arnumber=6909735\" -O 2014_06909735.pdf", "region": [{"boundary": {"y": 144, "x": 716, "w": 306, "h": 330}, "FileName": "2014_06909735-Figure2-1subFig-1.png", "PageNo": 2, "Label": "Block diagram"}, {"boundary": {"y": 145, "x": 686, "w": 176, "h": 203}, "FileName": "2014_06909735-Figure3-1subFig-1.png", "PageNo": 5, "Label": "Polar plot"}, {"boundary": {"y": 145, "x": 879, "w": 176, "h": 203}, "FileName": "2014_06909735-Figure3-1subFig-2.png", "PageNo": 5, "Label": "Polar plot"}, {"boundary": {"y": 145, "x": 662, "w": 418, "h": 306}, "FileName": "2014_06909735-Figure5-1subFig-1.png", "PageNo": 6, "Label": "Confusion matrix"}, {"boundary": {"y": 516, "x": 639, "w": 467, "h": 173}, "FileName": "2014_06909735-Figure6-1subFig-1.png", "PageNo": 6, "Label": "Bar plots"}, {"boundary": {"y": 400, "x": 129, "w": 471, "h": 363}, "FileName": "2014_06909735-Figure7-1subFig-1.png", "PageNo": 7, "Label": "Confusion matrix"}, {"boundary": {"y": 500, "x": 140, "w": 450, "h": 185}, "FileName": "2014_06909735-Table1-1subFig-1.png", "PageNo": 6, "Label": "Tables"}]}