{"url": "wget \"http://ieeexplore.ieee.org/stampPDF/getPDF.jsp?tp=&isnumber=&arnumber=6909513\" -O 2014_06909513.pdf", "region": [{"boundary": {"y": 412, "x": 456, "w": 147, "h": 156}, "FileName": "2014_06909513-Figure5-1subFig-9.png", "PageNo": 4, "Label": "Mask"}, {"boundary": {"y": 453, "x": 677, "w": 384, "h": 314}, "FileName": "2014_06909513-Figure7-1subFig-1.png", "PageNo": 4, "Label": "Graph plots"}, {"boundary": {"y": 144, "x": 122, "w": 307, "h": 203}, "FileName": "2014_06909513-Figure8-1subFig-1.png", "PageNo": 6, "Label": "Graph plots"}, {"boundary": {"y": 359, "x": 122, "w": 308, "h": 202}, "FileName": "2014_06909513-Figure8-1subFig-2.png", "PageNo": 6, "Label": "Graph plots"}, {"boundary": {"y": 572, "x": 122, "w": 307, "h": 231}, "FileName": "2014_06909513-Figure8-1subFig-3.png", "PageNo": 6, "Label": "Graph plots"}, {"boundary": {"y": 146, "x": 459, "w": 308, "h": 202}, "FileName": "2014_06909513-Figure8-1subFig-4.png", "PageNo": 6, "Label": "Graph plots"}, {"boundary": {"y": 359, "x": 459, "w": 308, "h": 203}, "FileName": "2014_06909513-Figure8-1subFig-5.png", "PageNo": 6, "Label": "Graph plots"}, {"boundary": {"y": 573, "x": 458, "w": 308, "h": 230}, "FileName": "2014_06909513-Figure8-1subFig-6.png", "PageNo": 6, "Label": "Graph plots"}, {"boundary": {"y": 145, "x": 796, "w": 310, "h": 203}, "FileName": "2014_06909513-Figure8-1subFig-7.png", "PageNo": 6, "Label": "Graph plots"}, {"boundary": {"y": 359, "x": 798, "w": 309, "h": 202}, "FileName": "2014_06909513-Figure8-1subFig-8.png", "PageNo": 6, "Label": "Graph plots"}, {"boundary": {"y": 572, "x": 798, "w": 308, "h": 235}, "FileName": "2014_06909513-Figure8-1subFig-9.png", "PageNo": 6, "Label": "Graph plots"}]}