{"url": "wget \"http://ieeexplore.ieee.org/stampPDF/getPDF.jsp?tp=&isnumber=&arnumber=6909785\" -O 2014_06909785.pdf", "region": [{"boundary": {"y": 145, "x": 176, "w": 427, "h": 268}, "FileName": "2014_06909785-Figure3-1subFig-1.png", "PageNo": 5, "Label": "Bar plots"}, {"boundary": {"y": 150, "x": 649, "w": 433, "h": 263}, "FileName": "2014_06909785-Figure3-1subFig-2.png", "PageNo": 5, "Label": "Graph plots"}, {"boundary": {"y": 447, "x": 151, "w": 634, "h": 189}, "FileName": "2014_06909785-Figure6-1subFig-1.png", "PageNo": 6, "Label": "Heat map"}, {"boundary": {"y": 457, "x": 789, "w": 322, "h": 175}, "FileName": "2014_06909785-Figure6-1subFig-2.png", "PageNo": 6, "Label": "Heat map"}, {"boundary": {"y": 536, "x": 243, "w": 764, "h": 191}, "FileName": "2014_06909785-TableI-1subFig-1.png", "PageNo": 4, "Label": "Tables"}]}