{"url": "wget \"http://ieeexplore.ieee.org/stampPDF/getPDF.jsp?tp=&isnumber=&arnumber=6909836\" -O 2014_06909836.pdf", "region": [{"boundary": {"y": 145, "x": 665, "w": 184, "h": 170}, "FileName": "2014_06909836-Figure3-1subFig-1.png", "PageNo": 2, "Label": "3D objects"}, {"boundary": {"y": 482, "x": 636, "w": 272, "h": 125}, "FileName": "2014_06909836-Figure7-1subFig-1.png", "PageNo": 6, "Label": "Graph plots"}, {"boundary": {"y": 482, "x": 916, "w": 198, "h": 124}, "FileName": "2014_06909836-Figure7-1subFig-2.png", "PageNo": 6, "Label": "Graph plots"}, {"boundary": {"y": 145, "x": 129, "w": 1009, "h": 201}, "FileName": "2014_06909836-Table1-1subFig-1.png", "PageNo": 5, "Label": "Tables"}, {"boundary": {"y": 146, "x": 707, "w": 325, "h": 118}, "FileName": "2014_06909836-Table3-1subFig-1.png", "PageNo": 6, "Label": "Tables"}]}