{"url": "wget \"http://ieeexplore.ieee.org/stampPDF/getPDF.jsp?tp=&isnumber=&arnumber=6909707\" -O 2014_06909707.pdf", "region": [{"boundary": {"y": 144, "x": 468, "w": 327, "h": 265}, "FileName": "2014_06909707-Figure4-1subFig-2.png", "PageNo": 5, "Label": "Graph plots"}, {"boundary": {"y": 412, "x": 302, "w": 326, "h": 266}, "FileName": "2014_06909707-Figure4-1subFig-4.png", "PageNo": 5, "Label": "Graph plots"}, {"boundary": {"y": 412, "x": 635, "w": 326, "h": 266}, "FileName": "2014_06909707-Figure4-1subFig-5.png", "PageNo": 5, "Label": "Graph plots"}, {"boundary": {"y": 770, "x": 123, "w": 351, "h": 265}, "FileName": "2014_06909707-Figure5-1subFig-1.png", "PageNo": 5, "Label": "Graph plots"}, {"boundary": {"y": 770, "x": 481, "w": 326, "h": 265}, "FileName": "2014_06909707-Figure5-1subFig-2.png", "PageNo": 5, "Label": "Graph plots"}, {"boundary": {"y": 770, "x": 813, "w": 327, "h": 265}, "FileName": "2014_06909707-Figure5-1subFig-3.png", "PageNo": 5, "Label": "Graph plots"}, {"boundary": {"y": 1038, "x": 129, "w": 327, "h": 265}, "FileName": "2014_06909707-Figure5-1subFig-4.png", "PageNo": 5, "Label": "Graph plots"}, {"boundary": {"y": 1038, "x": 462, "w": 326, "h": 265}, "FileName": "2014_06909707-Figure5-1subFig-5.png", "PageNo": 5, "Label": "Graph plots"}, {"boundary": {"y": 1038, "x": 794, "w": 340, "h": 265}, "FileName": "2014_06909707-Figure5-1subFig-6.png", "PageNo": 5, "Label": "Graph plots"}]}