{"url": "wget \"http://ieeexplore.ieee.org/stampPDF/getPDF.jsp?tp=&isnumber=&arnumber=6909668\" -O 2014_06909668.pdf", "region": [{"boundary": {"y": 1175, "x": 632, "w": 234, "h": 207}, "FileName": "2014_06909668-Figure3-1subFig-1.png", "PageNo": 4, "Label": "Graph plots"}, {"boundary": {"y": 1173, "x": 878, "w": 237, "h": 209}, "FileName": "2014_06909668-Figure3-1subFig-2.png", "PageNo": 4, "Label": "Graph plots"}, {"boundary": {"y": 151, "x": 147, "w": 235, "h": 267}, "FileName": "2014_06909668-Figure4-1subFig-1.png", "PageNo": 5, "Label": "Graph plots"}, {"boundary": {"y": 151, "x": 393, "w": 236, "h": 267}, "FileName": "2014_06909668-Figure4-1subFig-2.png", "PageNo": 5, "Label": "Graph plots"}, {"boundary": {"y": 151, "x": 639, "w": 236, "h": 267}, "FileName": "2014_06909668-Figure4-1subFig-3.png", "PageNo": 5, "Label": "Graph plots"}, {"boundary": {"y": 151, "x": 886, "w": 235, "h": 267}, "FileName": "2014_06909668-Figure4-1subFig-4.png", "PageNo": 5, "Label": "Graph plots"}, {"boundary": {"y": 152, "x": 142, "w": 236, "h": 267}, "FileName": "2014_06909668-Figure5-1subFig-1.png", "PageNo": 6, "Label": "Graph plots"}, {"boundary": {"y": 152, "x": 389, "w": 235, "h": 268}, "FileName": "2014_06909668-Figure5-1subFig-2.png", "PageNo": 6, "Label": "Graph plots"}, {"boundary": {"y": 152, "x": 635, "w": 236, "h": 268}, "FileName": "2014_06909668-Figure5-1subFig-3.png", "PageNo": 6, "Label": "Graph plots"}, {"boundary": {"y": 152, "x": 881, "w": 236, "h": 267}, "FileName": "2014_06909668-Figure5-1subFig-4.png", "PageNo": 6, "Label": "Graph plots"}, {"boundary": {"y": 495, "x": 142, "w": 236, "h": 267}, "FileName": "2014_06909668-Figure6-1subFig-1.png", "PageNo": 6, "Label": "Graph plots"}, {"boundary": {"y": 495, "x": 389, "w": 235, "h": 268}, "FileName": "2014_06909668-Figure6-1subFig-2.png", "PageNo": 6, "Label": "Graph plots"}, {"boundary": {"y": 495, "x": 635, "w": 235, "h": 268}, "FileName": "2014_06909668-Figure6-1subFig-3.png", "PageNo": 6, "Label": "Graph plots"}, {"boundary": {"y": 495, "x": 881, "w": 236, "h": 267}, "FileName": "2014_06909668-Figure6-1subFig-4.png", "PageNo": 6, "Label": "Graph plots"}, {"boundary": {"y": 149, "x": 137, "w": 230, "h": 266}, "FileName": "2014_06909668-Figure7-1subFig-1.png", "PageNo": 7, "Label": "Graph plots"}, {"boundary": {"y": 149, "x": 629, "w": 231, "h": 266}, "FileName": "2014_06909668-Figure7-1subFig-3.png", "PageNo": 7, "Label": "Graph plots"}, {"boundary": {"y": 149, "x": 876, "w": 230, "h": 266}, "FileName": "2014_06909668-Figure7-1subFig-4.png", "PageNo": 7, "Label": "Graph plots"}]}