{"url": "wget \"http://ieeexplore.ieee.org/stampPDF/getPDF.jsp?tp=&isnumber=&arnumber=6909516\" -O 2014_06909516.pdf", "region": [{"boundary": {"y": 145, "x": 692, "w": 321, "h": 256}, "FileName": "2014_06909516-Figure3-1subFig-1.png", "PageNo": 3, "Label": "Histogram"}, {"boundary": {"y": 145, "x": 164, "w": 407, "h": 315}, "FileName": "2014_06909516-Figure5-1subFig-1.png", "PageNo": 6, "Label": "Graph plots"}, {"boundary": {"y": 446, "x": 721, "w": 323, "h": 193}, "FileName": "2014_06909516-Figure7-1subFig-1.png", "PageNo": 6, "Label": "Bar plots"}]}