{"url": "wget \"http://ieeexplore.ieee.org/stampPDF/getPDF.jsp?tp=&isnumber=&arnumber=6909915\" -O 2014_06909915.pdf", "region": [{"boundary": {"y": 475, "x": 656, "w": 205, "h": 193}, "FileName": "2014_06909915-Figure1-1subFig-1.png", "PageNo": 0, "Label": "Graph plots"}, {"boundary": {"y": 705, "x": 656, "w": 206, "h": 192}, "FileName": "2014_06909915-Figure1-1subFig-2.png", "PageNo": 0, "Label": "Graph plots"}, {"boundary": {"y": 147, "x": 141, "w": 215, "h": 163}, "FileName": "2014_06909915-Figure3-1subFig-1.png", "PageNo": 3, "Label": "Graph plots"}, {"boundary": {"y": 147, "x": 913, "w": 217, "h": 163}, "FileName": "2014_06909915-Figure3-1subFig-7.png", "PageNo": 3, "Label": "Graph plots"}]}