{"url": "wget \"http://ieeexplore.ieee.org/stampPDF/getPDF.jsp?tp=&isnumber=&arnumber=6909866\" -O 2014_06909866.pdf", "region": [{"boundary": {"y": 149, "x": 145, "w": 211, "h": 192}, "FileName": "2014_06909866-Figure4-1subFig-1.png", "PageNo": 4, "Label": "Graph plots"}, {"boundary": {"y": 149, "x": 366, "w": 212, "h": 193}, "FileName": "2014_06909866-Figure4-1subFig-2.png", "PageNo": 4, "Label": "Graph plots"}, {"boundary": {"y": 358, "x": 366, "w": 212, "h": 192}, "FileName": "2014_06909866-Figure4-1subFig-4.png", "PageNo": 4, "Label": "Graph plots"}, {"boundary": {"y": 144, "x": 632, "w": 477, "h": 361}, "FileName": "2014_06909866-Figure5-1subFig-1.png", "PageNo": 4, "Label": "Scatter plot"}, {"boundary": {"y": 146, "x": 128, "w": 479, "h": 479}, "FileName": "2014_06909866-Figure6-1subFig-1.png", "PageNo": 6, "Label": "Bar plots"}, {"boundary": {"y": 717, "x": 126, "w": 467, "h": 314}, "FileName": "2014_06909866-Figure7-1subFig-1.png", "PageNo": 6, "Label": "Bar plots"}, {"boundary": {"y": 147, "x": 641, "w": 467, "h": 154}, "FileName": "2014_06909866-Figure8-1subFig-1.png", "PageNo": 6, "Label": "Bar plots"}, {"boundary": {"y": 308, "x": 638, "w": 473, "h": 318}, "FileName": "2014_06909866-Figure8-1subFig-2.png", "PageNo": 6, "Label": "Bar plots"}]}