{"url": "wget \"http://ieeexplore.ieee.org/stampPDF/getPDF.jsp?tp=&isnumber=&arnumber=6909747\" -O 2014_06909747.pdf", "region": [{"boundary": {"y": 549, "x": 159, "w": 216, "h": 174}, "FileName": "2014_06909747-Figure3-1subFig-5.png", "PageNo": 5, "Label": "Graph plots"}, {"boundary": {"y": 549, "x": 393, "w": 219, "h": 174}, "FileName": "2014_06909747-Figure3-1subFig-6.png", "PageNo": 5, "Label": "Graph plots"}, {"boundary": {"y": 546, "x": 639, "w": 225, "h": 177}, "FileName": "2014_06909747-Figure3-1subFig-7.png", "PageNo": 5, "Label": "Graph plots"}, {"boundary": {"y": 545, "x": 886, "w": 225, "h": 178}, "FileName": "2014_06909747-Figure3-1subFig-8.png", "PageNo": 5, "Label": "Graph plots"}, {"boundary": {"y": 826, "x": 894, "w": 155, "h": 207}, "FileName": "2014_06909747-Figure4-1subFig-2.png", "PageNo": 5, "Label": "Sketches"}, {"boundary": {"y": 380, "x": 156, "w": 294, "h": 222}, "FileName": "2014_06909747-Figure6-1subFig-2.png", "PageNo": 7, "Label": "Bar plots"}, {"boundary": {"y": 380, "x": 798, "w": 294, "h": 222}, "FileName": "2014_06909747-Figure6-1subFig-6.png", "PageNo": 7, "Label": "Bar plots"}, {"boundary": {"y": 402, "x": 634, "w": 481, "h": 160}, "FileName": "2014_06909747-Table1-1subFig-1.png", "PageNo": 6, "Label": "Tables"}, {"boundary": {"y": 581, "x": 634, "w": 481, "h": 161}, "FileName": "2014_06909747-Table1-1subFig-2.png", "PageNo": 6, "Label": "Tables"}]}