{"url": "wget \"http://ieeexplore.ieee.org/stampPDF/getPDF.jsp?tp=&isnumber=&arnumber=6909636\" -O 2014_06909636.pdf", "region": [{"boundary": {"y": 149, "x": 641, "w": 312, "h": 115}, "FileName": "2014_06909636-Figure1-1subFig-1.png", "PageNo": 2, "Label": "Flow chart"}, {"boundary": {"y": 863, "x": 629, "w": 232, "h": 263}, "FileName": "2014_06909636-Figure3-1subFig-1.png", "PageNo": 3, "Label": "Graph plots"}, {"boundary": {"y": 864, "x": 868, "w": 243, "h": 262}, "FileName": "2014_06909636-Figure3-1subFig-2.png", "PageNo": 3, "Label": "Graph plots"}, {"boundary": {"y": 145, "x": 627, "w": 239, "h": 262}, "FileName": "2014_06909636-Figure4-1subFig-1.png", "PageNo": 5, "Label": "Graph plots"}, {"boundary": {"y": 146, "x": 875, "w": 238, "h": 261}, "FileName": "2014_06909636-Figure4-1subFig-2.png", "PageNo": 5, "Label": "Graph plots"}]}