{"url": "wget \"http://ieeexplore.ieee.org/stampPDF/getPDF.jsp?tp=&isnumber=&arnumber=6909692\" -O 2014_06909692.pdf", "region": [{"boundary": {"y": 858, "x": 142, "w": 261, "h": 102}, "FileName": "2014_06909692-Figure2-1subFig-1.png", "PageNo": 4, "Label": "3D objects"}, {"boundary": {"y": 962, "x": 138, "w": 262, "h": 111}, "FileName": "2014_06909692-Figure2-1subFig-2.png", "PageNo": 4, "Label": "3D objects"}, {"boundary": {"y": 862, "x": 421, "w": 176, "h": 98}, "FileName": "2014_06909692-Figure2-1subFig-3.png", "PageNo": 4, "Label": "3D objects"}, {"boundary": {"y": 969, "x": 416, "w": 181, "h": 103}, "FileName": "2014_06909692-Figure2-1subFig-4.png", "PageNo": 4, "Label": "3D objects"}, {"boundary": {"y": 712, "x": 800, "w": 160, "h": 165}, "FileName": "2014_06909692-Figure3-1subFig-3.png", "PageNo": 4, "Label": "3D objects"}, {"boundary": {"y": 280, "x": 193, "w": 344, "h": 130}, "FileName": "2014_06909692-Table2-1subFig-1.png", "PageNo": 5, "Label": "Tables"}]}