{"url": "wget \"http://ieeexplore.ieee.org/stampPDF/getPDF.jsp?tp=&isnumber=&arnumber=6909424\" -O 2014_06909424.pdf", "region": [{"boundary": {"y": 146, "x": 943, "w": 136, "h": 126}, "FileName": "2014_06909424-Figure2-1subFig-3.png", "PageNo": 1, "Label": "Graph plots"}, {"boundary": {"y": 289, "x": 656, "w": 127, "h": 109}, "FileName": "2014_06909424-Figure2-1subFig-4.png", "PageNo": 1, "Label": "Graph plots"}, {"boundary": {"y": 145, "x": 119, "w": 238, "h": 234}, "FileName": "2014_06909424-Figure6-1subFig-1.png", "PageNo": 5, "Label": "Graph plots"}, {"boundary": {"y": 145, "x": 368, "w": 238, "h": 234}, "FileName": "2014_06909424-Figure6-1subFig-2.png", "PageNo": 5, "Label": "Graph plots"}, {"boundary": {"y": 145, "x": 628, "w": 240, "h": 173}, "FileName": "2014_06909424-Figure7-1subFig-1.png", "PageNo": 5, "Label": "Graph plots"}, {"boundary": {"y": 146, "x": 877, "w": 240, "h": 172}, "FileName": "2014_06909424-Figure7-1subFig-2.png", "PageNo": 5, "Label": "Graph plots"}]}