{"url": "wget \"http://ieeexplore.ieee.org/stampPDF/getPDF.jsp?tp=&isnumber=&arnumber=6909625\" -O 2014_06909625.pdf", "region": [{"boundary": {"y": 449, "x": 666, "w": 426, "h": 283}, "FileName": "2014_06909625-Figure1-1subFig-1.png", "PageNo": 0, "Label": "Block diagram"}, {"boundary": {"y": 150, "x": 170, "w": 323, "h": 237}, "FileName": "2014_06909625-Figure3-1subFig-1.png", "PageNo": 3, "Label": "Flow chart"}, {"boundary": {"y": 164, "x": 379, "w": 224, "h": 180}, "FileName": "2014_06909625-Figure5-1subFig-2.png", "PageNo": 5, "Label": "Graph plots"}, {"boundary": {"y": 146, "x": 236, "w": 261, "h": 154}, "FileName": "2014_06909625-Figure7-1subFig-1.png", "PageNo": 6, "Label": "Graph plots"}]}