{"url": "wget \"http://ieeexplore.ieee.org/stampPDF/getPDF.jsp?tp=&isnumber=&arnumber=6909445\" -O 2014_06909445.pdf", "region": [{"boundary": {"y": 145, "x": 118, "w": 1019, "h": 204}, "FileName": "2014_06909445-Figure2-1subFig-1.png", "PageNo": 3, "Label": "Block diagram"}, {"boundary": {"y": 600, "x": 371, "w": 233, "h": 170}, "FileName": "2014_06909445-Figure4-1subFig-2.png", "PageNo": 6, "Label": "Graph plots"}, {"boundary": {"y": 947, "x": 402, "w": 212, "h": 166}, "FileName": "2014_06909445-Figure5-1subFig-2.png", "PageNo": 6, "Label": "Graph plots"}, {"boundary": {"y": 145, "x": 120, "w": 152, "h": 114}, "FileName": "2014_06909445-Figure6-1subFig-1.png", "PageNo": 6, "Label": "Natural images"}, {"boundary": {"y": 145, "x": 298, "w": 152, "h": 114}, "FileName": "2014_06909445-Figure6-1subFig-4.png", "PageNo": 6, "Label": "Natural images"}, {"boundary": {"y": 145, "x": 476, "w": 152, "h": 114}, "FileName": "2014_06909445-Figure6-1subFig-7.png", "PageNo": 6, "Label": "Natural images"}, {"boundary": {"y": 145, "x": 654, "w": 152, "h": 114}, "FileName": "2014_06909445-Figure6-1subFig-10.png", "PageNo": 6, "Label": "Natural images"}, {"boundary": {"y": 145, "x": 1009, "w": 152, "h": 114}, "FileName": "2014_06909445-Figure6-1subFig-16.png", "PageNo": 6, "Label": "Natural images"}, {"boundary": {"y": 278, "x": 389, "w": 162, "h": 121}, "FileName": "2014_06909445-Figure7-1subFig-6.png", "PageNo": 7, "Label": "Mask"}, {"boundary": {"y": 846, "x": 149, "w": 214, "h": 125}, "FileName": "2014_06909445-Figure8-1subFig-2.png", "PageNo": 7, "Label": "Mask"}, {"boundary": {"y": 714, "x": 389, "w": 163, "h": 121}, "FileName": "2014_06909445-Figure8-1subFig-5.png", "PageNo": 7, "Label": "Natural images"}, {"boundary": {"y": 846, "x": 389, "w": 162, "h": 121}, "FileName": "2014_06909445-Figure8-1subFig-6.png", "PageNo": 7, "Label": "Mask"}, {"boundary": {"y": 714, "x": 577, "w": 163, "h": 121}, "FileName": "2014_06909445-Figure8-1subFig-9.png", "PageNo": 7, "Label": "Natural images"}, {"boundary": {"y": 714, "x": 765, "w": 163, "h": 121}, "FileName": "2014_06909445-Figure8-1subFig-13.png", "PageNo": 7, "Label": "Natural images"}, {"boundary": {"y": 714, "x": 953, "w": 163, "h": 121}, "FileName": "2014_06909445-Figure8-1subFig-17.png", "PageNo": 7, "Label": "Natural images"}, {"boundary": {"y": 145, "x": 390, "w": 162, "h": 122}, "FileName": "2014_06909445-Figure9-1subFig-5.png", "PageNo": 8, "Label": "Natural images"}, {"boundary": {"y": 277, "x": 389, "w": 162, "h": 122}, "FileName": "2014_06909445-Figure9-1subFig-6.png", "PageNo": 8, "Label": "Mask"}, {"boundary": {"y": 145, "x": 578, "w": 162, "h": 122}, "FileName": "2014_06909445-Figure9-1subFig-9.png", "PageNo": 8, "Label": "Natural images"}, {"boundary": {"y": 145, "x": 766, "w": 162, "h": 122}, "FileName": "2014_06909445-Figure9-1subFig-13.png", "PageNo": 8, "Label": "Natural images"}, {"boundary": {"y": 277, "x": 765, "w": 163, "h": 122}, "FileName": "2014_06909445-Figure9-1subFig-14.png", "PageNo": 8, "Label": "Mask"}, {"boundary": {"y": 145, "x": 954, "w": 162, "h": 122}, "FileName": "2014_06909445-Figure9-1subFig-17.png", "PageNo": 8, "Label": "Natural images"}, {"boundary": {"y": 277, "x": 953, "w": 163, "h": 122}, "FileName": "2014_06909445-Figure9-1subFig-18.png", "PageNo": 8, "Label": "Mask"}]}