{"url": "wget \"http://ieeexplore.ieee.org/stampPDF/getPDF.jsp?tp=&isnumber=&arnumber=6909878\" -O 2014_06909878.pdf", "region": [{"boundary": {"y": 150, "x": 692, "w": 349, "h": 243}, "FileName": "2014_06909878-Figure6-1subFig-1.png", "PageNo": 4, "Label": "Graph plots"}, {"boundary": {"y": 946, "x": 642, "w": 223, "h": 170}, "FileName": "2014_06909878-Figure7-1subFig-3.png", "PageNo": 4, "Label": "Graph plots"}, {"boundary": {"y": 945, "x": 896, "w": 222, "h": 170}, "FileName": "2014_06909878-Figure7-1subFig-6.png", "PageNo": 4, "Label": "Graph plots"}]}