{"url": "wget \"http://ieeexplore.ieee.org/stampPDF/getPDF.jsp?tp=&isnumber=&arnumber=6909553\" -O 2014_06909553.pdf", "region": [{"boundary": {"y": 149, "x": 118, "w": 235, "h": 165}, "FileName": "2014_06909553-Figure2-1subFig-1.png", "PageNo": 4, "Label": "Graph plots"}, {"boundary": {"y": 149, "x": 356, "w": 250, "h": 165}, "FileName": "2014_06909553-Figure2-1subFig-2.png", "PageNo": 4, "Label": "Graph plots"}, {"boundary": {"y": 327, "x": 118, "w": 229, "h": 167}, "FileName": "2014_06909553-Figure2-1subFig-3.png", "PageNo": 4, "Label": "Graph plots"}, {"boundary": {"y": 506, "x": 118, "w": 229, "h": 198}, "FileName": "2014_06909553-Figure2-1subFig-4.png", "PageNo": 4, "Label": "Graph plots"}, {"boundary": {"y": 327, "x": 376, "w": 230, "h": 167}, "FileName": "2014_06909553-Figure2-1subFig-5.png", "PageNo": 4, "Label": "Graph plots"}]}