{"url": "wget \"http://ieeexplore.ieee.org/stampPDF/getPDF.jsp?tp=&isnumber=&arnumber=7298638\" -O 2015_07298638.pdf", "region": [{"boundary": {"y": 144, "x": 617, "w": 515, "h": 382}, "FileName": "2015_07298638-Figure2-1subFig-1.png", "PageNo": 1, "Label": "Block diagram"}, {"boundary": {"y": 145, "x": 124, "w": 200, "h": 184}, "FileName": "2015_07298638-Figure3-1subFig-1.png", "PageNo": 7, "Label": "Graph plots"}, {"boundary": {"y": 145, "x": 342, "w": 222, "h": 184}, "FileName": "2015_07298638-Figure3-1subFig-2.png", "PageNo": 7, "Label": "Graph plots"}, {"boundary": {"y": 144, "x": 627, "w": 224, "h": 191}, "FileName": "2015_07298638-Figure4-1subFig-1.png", "PageNo": 7, "Label": "Bar plots"}, {"boundary": {"y": 145, "x": 871, "w": 222, "h": 190}, "FileName": "2015_07298638-Figure4-1subFig-2.png", "PageNo": 7, "Label": "Bar plots"}]}