{"url": "wget \"http://ieeexplore.ieee.org/stampPDF/getPDF.jsp?tp=&isnumber=&arnumber=7299006\" -O 2015_07299006.pdf", "region": [{"boundary": {"y": 271, "x": 638, "w": 221, "h": 176}, "FileName": "2015_07299006-Figure3-1subFig-2.png", "PageNo": 4, "Label": "Natural images"}, {"boundary": {"y": 450, "x": 638, "w": 221, "h": 165}, "FileName": "2015_07299006-Figure3-1subFig-3.png", "PageNo": 4, "Label": "Natural images"}, {"boundary": {"y": 407, "x": 631, "w": 245, "h": 221}, "FileName": "2015_07299006-Figure5-1subFig-2.png", "PageNo": 5, "Label": "Graph plots"}, {"boundary": {"y": 633, "x": 152, "w": 384, "h": 293}, "FileName": "2015_07299006-Figure6-1subFig-1.png", "PageNo": 6, "Label": "Graph plots"}, {"boundary": {"y": 803, "x": 631, "w": 245, "h": 221}, "FileName": "2015_07299006-Figure8-1subFig-2.png", "PageNo": 7, "Label": "Graph plots"}, {"boundary": {"y": 803, "x": 881, "w": 212, "h": 217}, "FileName": "2015_07299006-Figure8-1subFig-3.png", "PageNo": 7, "Label": "Graph plots"}]}