{"url": "wget \"http://ieeexplore.ieee.org/stampPDF/getPDF.jsp?tp=&isnumber=&arnumber=7298627\" -O 2015_07298627.pdf", "region": [{"boundary": {"y": 145, "x": 633, "w": 461, "h": 233}, "FileName": "2015_07298627-Figure2-1subFig-1.png", "PageNo": 2, "Label": "Confusion matrix"}, {"boundary": {"y": 390, "x": 626, "w": 234, "h": 219}, "FileName": "2015_07298627-Figure3-1subFig-1.png", "PageNo": 4, "Label": "Graph plots"}, {"boundary": {"y": 390, "x": 881, "w": 231, "h": 219}, "FileName": "2015_07298627-Figure3-1subFig-2.png", "PageNo": 4, "Label": "Graph plots"}, {"boundary": {"y": 638, "x": 628, "w": 232, "h": 218}, "FileName": "2015_07298627-Figure3-1subFig-3.png", "PageNo": 4, "Label": "Graph plots"}, {"boundary": {"y": 635, "x": 878, "w": 234, "h": 222}, "FileName": "2015_07298627-Figure3-1subFig-4.png", "PageNo": 4, "Label": "Graph plots"}, {"boundary": {"y": 882, "x": 626, "w": 234, "h": 223}, "FileName": "2015_07298627-Figure3-1subFig-5.png", "PageNo": 4, "Label": "Graph plots"}, {"boundary": {"y": 166, "x": 421, "w": 149, "h": 176}, "FileName": "2015_07298627-Figure4-1subFig-2.png", "PageNo": 5, "Label": "Scatter plot"}]}