{"url": "wget \"http://ieeexplore.ieee.org/stampPDF/getPDF.jsp?tp=&isnumber=&arnumber=7298913\" -O 2015_07298913.pdf", "region": [{"boundary": {"y": 436, "x": 368, "w": 240, "h": 225}, "FileName": "2015_07298913-Figure10-1subFig-2.png", "PageNo": 7, "Label": "Graph plots"}, {"boundary": {"y": 431, "x": 623, "w": 241, "h": 230}, "FileName": "2015_07298913-Figure10-1subFig-3.png", "PageNo": 7, "Label": "Graph plots"}, {"boundary": {"y": 435, "x": 876, "w": 242, "h": 226}, "FileName": "2015_07298913-Figure10-1subFig-4.png", "PageNo": 7, "Label": "Graph plots"}, {"boundary": {"y": 901, "x": 112, "w": 329, "h": 99}, "FileName": "2015_07298913-Figure11-1subFig-3.png", "PageNo": 7, "Label": "Heat map"}, {"boundary": {"y": 901, "x": 447, "w": 329, "h": 99}, "FileName": "2015_07298913-Figure11-1subFig-7.png", "PageNo": 7, "Label": "Heat map"}, {"boundary": {"y": 901, "x": 783, "w": 329, "h": 99}, "FileName": "2015_07298913-Figure11-1subFig-11.png", "PageNo": 7, "Label": "Heat map"}, {"boundary": {"y": 148, "x": 102, "w": 333, "h": 257}, "FileName": "2015_07298913-Figure4-1subFig-1.png", "PageNo": 4, "Label": "Graph plots"}, {"boundary": {"y": 156, "x": 447, "w": 334, "h": 249}, "FileName": "2015_07298913-Figure4-1subFig-2.png", "PageNo": 4, "Label": "Graph plots"}, {"boundary": {"y": 151, "x": 793, "w": 333, "h": 254}, "FileName": "2015_07298913-Figure4-1subFig-3.png", "PageNo": 4, "Label": "Graph plots"}, {"boundary": {"y": 474, "x": 102, "w": 334, "h": 264}, "FileName": "2015_07298913-Figure5-1subFig-1.png", "PageNo": 4, "Label": "Graph plots"}, {"boundary": {"y": 479, "x": 447, "w": 334, "h": 259}, "FileName": "2015_07298913-Figure5-1subFig-2.png", "PageNo": 4, "Label": "Graph plots"}, {"boundary": {"y": 760, "x": 116, "w": 240, "h": 186}, "FileName": "2015_07298913-Figure7-1subFig-1.png", "PageNo": 6, "Label": "Graph plots"}, {"boundary": {"y": 760, "x": 368, "w": 241, "h": 186}, "FileName": "2015_07298913-Figure7-1subFig-2.png", "PageNo": 6, "Label": "Graph plots"}, {"boundary": {"y": 761, "x": 621, "w": 241, "h": 185}, "FileName": "2015_07298913-Figure7-1subFig-3.png", "PageNo": 6, "Label": "Graph plots"}, {"boundary": {"y": 761, "x": 874, "w": 240, "h": 185}, "FileName": "2015_07298913-Figure7-1subFig-4.png", "PageNo": 6, "Label": "Graph plots"}, {"boundary": {"y": 1016, "x": 115, "w": 241, "h": 191}, "FileName": "2015_07298913-Figure8-1subFig-1.png", "PageNo": 6, "Label": "Graph plots"}, {"boundary": {"y": 1020, "x": 368, "w": 241, "h": 187}, "FileName": "2015_07298913-Figure8-1subFig-2.png", "PageNo": 6, "Label": "Graph plots"}, {"boundary": {"y": 1022, "x": 621, "w": 241, "h": 185}, "FileName": "2015_07298913-Figure8-1subFig-3.png", "PageNo": 6, "Label": "Graph plots"}, {"boundary": {"y": 1022, "x": 874, "w": 240, "h": 185}, "FileName": "2015_07298913-Figure8-1subFig-4.png", "PageNo": 6, "Label": "Graph plots"}]}