{"url": "wget \"http://ieeexplore.ieee.org/stampPDF/getPDF.jsp?tp=&isnumber=&arnumber=7298707\" -O 2015_07298707.pdf", "region": [{"boundary": {"y": 145, "x": 386, "w": 199, "h": 199}, "FileName": "2015_07298707-Figure1-1subFig-3.png", "PageNo": 1, "Label": "Medical images"}, {"boundary": {"y": 358, "x": 386, "w": 199, "h": 256}, "FileName": "2015_07298707-Figure1-1subFig-4.png", "PageNo": 1, "Label": "Medical images"}, {"boundary": {"y": 1131, "x": 635, "w": 435, "h": 270}, "FileName": "2015_07298707-Figure7-1subFig-1.png", "PageNo": 5, "Label": "Graph plots"}]}