{"url": "wget \"http://ieeexplore.ieee.org/stampPDF/getPDF.jsp?tp=&isnumber=&arnumber=7298678\" -O 2015_07298678.pdf", "region": [{"boundary": {"y": 145, "x": 684, "w": 339, "h": 272}, "FileName": "2015_07298678-Figure3-1subFig-1.png", "PageNo": 4, "Label": "Graph plots"}, {"boundary": {"y": 504, "x": 685, "w": 337, "h": 271}, "FileName": "2015_07298678-Figure4-1subFig-1.png", "PageNo": 4, "Label": "Graph plots"}, {"boundary": {"y": 164, "x": 101, "w": 336, "h": 284}, "FileName": "2015_07298678-Figure5-1subFig-1.png", "PageNo": 5, "Label": "Graph plots"}, {"boundary": {"y": 165, "x": 453, "w": 336, "h": 283}, "FileName": "2015_07298678-Figure5-1subFig-2.png", "PageNo": 5, "Label": "Graph plots"}, {"boundary": {"y": 161, "x": 806, "w": 336, "h": 287}, "FileName": "2015_07298678-Figure5-1subFig-3.png", "PageNo": 5, "Label": "Graph plots"}, {"boundary": {"y": 469, "x": 102, "w": 335, "h": 275}, "FileName": "2015_07298678-Figure5-1subFig-4.png", "PageNo": 5, "Label": "Graph plots"}, {"boundary": {"y": 468, "x": 453, "w": 336, "h": 276}, "FileName": "2015_07298678-Figure5-1subFig-5.png", "PageNo": 5, "Label": "Graph plots"}, {"boundary": {"y": 470, "x": 806, "w": 334, "h": 274}, "FileName": "2015_07298678-Figure5-1subFig-6.png", "PageNo": 5, "Label": "Graph plots"}, {"boundary": {"y": 459, "x": 642, "w": 430, "h": 340}, "FileName": "2015_07298678-Figure6-1subFig-1.png", "PageNo": 6, "Label": "Bar plots"}, {"boundary": {"y": 152, "x": 397, "w": 205, "h": 153}, "FileName": "2015_07298678-Figure8-1subFig-2.png", "PageNo": 7, "Label": "Natural images"}, {"boundary": {"y": 144, "x": 235, "w": 749, "h": 202}, "FileName": "2015_07298678-Table3-1subFig-1.png", "PageNo": 6, "Label": "Tables"}]}