{"url": "wget \"http://ieeexplore.ieee.org/stampPDF/getPDF.jsp?tp=&isnumber=&arnumber=7298750\" -O 2015_07298750.pdf", "region": [{"boundary": {"y": 144, "x": 146, "w": 187, "h": 177}, "FileName": "2015_07298750-Figure4-1subFig-1.png", "PageNo": 4, "Label": "Bar plots"}, {"boundary": {"y": 144, "x": 146, "w": 394, "h": 294}, "FileName": "2015_07298750-Figure6-1subFig-1.png", "PageNo": 5, "Label": "Graph plots"}, {"boundary": {"y": 144, "x": 170, "w": 344, "h": 268}, "FileName": "2015_07298750-Figure7-1subFig-1.png", "PageNo": 6, "Label": "Graph plots"}]}