{"url": "wget \"http://ieeexplore.ieee.org/stampPDF/getPDF.jsp?tp=&isnumber=&arnumber=7298681\" -O 2015_07298681.pdf", "region": [{"boundary": {"y": 145, "x": 126, "w": 438, "h": 383}, "FileName": "2015_07298681-Figure4-1subFig-1.png", "PageNo": 6, "Label": "Graph plots"}, {"boundary": {"y": 147, "x": 101, "w": 142, "h": 140}, "FileName": "2015_07298681-Figure6-1subFig-1.png", "PageNo": 7, "Label": "Graph plots"}, {"boundary": {"y": 145, "x": 550, "w": 141, "h": 141}, "FileName": "2015_07298681-Figure6-1subFig-4.png", "PageNo": 7, "Label": "Graph plots"}, {"boundary": {"y": 145, "x": 844, "w": 141, "h": 143}, "FileName": "2015_07298681-Figure6-1subFig-6.png", "PageNo": 7, "Label": "Graph plots"}, {"boundary": {"y": 145, "x": 988, "w": 139, "h": 142}, "FileName": "2015_07298681-Figure6-1subFig-7.png", "PageNo": 7, "Label": "Graph plots"}, {"boundary": {"y": 398, "x": 128, "w": 435, "h": 249}, "FileName": "2015_07298681-Figure7-1subFig-1.png", "PageNo": 7, "Label": "Graph plots"}, {"boundary": {"y": 144, "x": 106, "w": 478, "h": 185}, "FileName": "2015_07298681-Table1-1subFig-1.png", "PageNo": 5, "Label": "Tables"}, {"boundary": {"y": 144, "x": 624, "w": 478, "h": 123}, "FileName": "2015_07298681-Table2-1subFig-1.png", "PageNo": 5, "Label": "Tables"}]}