{"url": "wget \"http://ieeexplore.ieee.org/stampPDF/getPDF.jsp?tp=&isnumber=&arnumber=7298775\" -O 2015_07298775.pdf", "region": [{"boundary": {"y": 447, "x": 617, "w": 492, "h": 380}, "FileName": "2015_07298775-Figure1-1subFig-1.png", "PageNo": 0, "Label": "Block diagram"}, {"boundary": {"y": 144, "x": 99, "w": 1031, "h": 225}, "FileName": "2015_07298775-Figure2-1subFig-1.png", "PageNo": 1, "Label": "Block diagram"}, {"boundary": {"y": 385, "x": 110, "w": 1013, "h": 315}, "FileName": "2015_07298775-Figure2-1subFig-2.png", "PageNo": 1, "Label": "Block diagram"}]}