{"url": "wget \"http://ieeexplore.ieee.org/stampPDF/getPDF.jsp?tp=&isnumber=&arnumber=7299044\" -O 2015_07299044.pdf", "region": [{"boundary": {"y": 149, "x": 620, "w": 240, "h": 184}, "FileName": "2015_07299044-Figure4-1subFig-1.png", "PageNo": 5, "Label": "Graph plots"}, {"boundary": {"y": 148, "x": 867, "w": 235, "h": 183}, "FileName": "2015_07299044-Figure4-1subFig-2.png", "PageNo": 5, "Label": "Graph plots"}, {"boundary": {"y": 442, "x": 620, "w": 258, "h": 181}, "FileName": "2015_07299044-Figure5-1subFig-1.png", "PageNo": 5, "Label": "Graph plots"}, {"boundary": {"y": 442, "x": 884, "w": 223, "h": 181}, "FileName": "2015_07299044-Figure5-1subFig-2.png", "PageNo": 5, "Label": "Graph plots"}, {"boundary": {"y": 729, "x": 620, "w": 236, "h": 167}, "FileName": "2015_07299044-Figure6-1subFig-1.png", "PageNo": 5, "Label": "Graph plots"}, {"boundary": {"y": 729, "x": 871, "w": 236, "h": 167}, "FileName": "2015_07299044-Figure6-1subFig-2.png", "PageNo": 5, "Label": "Graph plots"}]}