{"url": "wget \"http://ieeexplore.ieee.org/stampPDF/getPDF.jsp?tp=&isnumber=&arnumber=7298669\" -O 2015_07298669.pdf", "region": [{"boundary": {"y": 144, "x": 199, "w": 823, "h": 258}, "FileName": "2015_07298669-Figure2-1subFig-1.png", "PageNo": 3, "Label": "Block diagram"}, {"boundary": {"y": 164, "x": 112, "w": 241, "h": 234}, "FileName": "2015_07298669-Figure3-1subFig-1.png", "PageNo": 6, "Label": "Graph plots"}, {"boundary": {"y": 164, "x": 360, "w": 246, "h": 234}, "FileName": "2015_07298669-Figure3-1subFig-2.png", "PageNo": 6, "Label": "Graph plots"}, {"boundary": {"y": 164, "x": 612, "w": 247, "h": 234}, "FileName": "2015_07298669-Figure3-1subFig-3.png", "PageNo": 6, "Label": "Graph plots"}, {"boundary": {"y": 164, "x": 865, "w": 246, "h": 234}, "FileName": "2015_07298669-Figure3-1subFig-4.png", "PageNo": 6, "Label": "Graph plots"}, {"boundary": {"y": 955, "x": 185, "w": 316, "h": 164}, "FileName": "2015_07298669-Figure4-1subFig-1.png", "PageNo": 7, "Label": "Bar plots"}, {"boundary": {"y": 216, "x": 689, "w": 342, "h": 191}, "FileName": "2015_07298669-Figure5-1subFig-1.png", "PageNo": 7, "Label": "Graph plots"}]}