{"url": "wget \"http://ieeexplore.ieee.org/stampPDF/getPDF.jsp?tp=&isnumber=&arnumber=7298847\" -O 2015_07298847.pdf", "region": [{"boundary": {"y": 822, "x": 626, "w": 178, "h": 114}, "FileName": "2015_07298847-Figure1-1subFig-4.png", "PageNo": 0, "Label": "Natural images"}, {"boundary": {"y": 144, "x": 114, "w": 1001, "h": 230}, "FileName": "2015_07298847-Table2-1subFig-1.png", "PageNo": 7, "Label": "Tables"}, {"boundary": {"y": 471, "x": 136, "w": 956, "h": 230}, "FileName": "2015_07298847-Table3-1subFig-1.png", "PageNo": 7, "Label": "Tables"}, {"boundary": {"y": 793, "x": 626, "w": 475, "h": 181}, "FileName": "2015_07298847-Table5-1subFig-1.png", "PageNo": 7, "Label": "Tables"}]}