{"url": "wget \"http://ieeexplore.ieee.org/stampPDF/getPDF.jsp?tp=&isnumber=&arnumber=7299105\" -O 2015_07299105.pdf", "region": [{"boundary": {"y": 147, "x": 105, "w": 498, "h": 235}, "FileName": "2015_07299105-Figure2-1subFig-1.png", "PageNo": 1, "Label": "Block diagram"}, {"boundary": {"y": 148, "x": 617, "w": 493, "h": 229}, "FileName": "2015_07299105-Figure3-1subFig-1.png", "PageNo": 3, "Label": "Graph plots"}, {"boundary": {"y": 385, "x": 617, "w": 493, "h": 230}, "FileName": "2015_07299105-Figure3-1subFig-2.png", "PageNo": 3, "Label": "Graph plots"}, {"boundary": {"y": 620, "x": 117, "w": 993, "h": 164}, "FileName": "2015_07299105-Table2-1subFig-1.png", "PageNo": 4, "Label": "Tables"}, {"boundary": {"y": 235, "x": 821, "w": 241, "h": 189}, "FileName": "2015_07299105-Table4-1subFig-1.png", "PageNo": 6, "Label": "Graph plots"}, {"boundary": {"y": 432, "x": 826, "w": 230, "h": 186}, "FileName": "2015_07299105-Table4-1subFig-2.png", "PageNo": 6, "Label": "Graph plots"}, {"boundary": {"y": 624, "x": 832, "w": 213, "h": 116}, "FileName": "2015_07299105-Table4-1subFig-3.png", "PageNo": 6, "Label": "Graph plots"}]}