{"url": "wget \"http://ieeexplore.ieee.org/stampPDF/getPDF.jsp?tp=&isnumber=&arnumber=7298994\" -O 2015_07298994.pdf", "region": [{"boundary": {"y": 144, "x": 623, "w": 480, "h": 216}, "FileName": "2015_07298994-Figure2-1subFig-1.png", "PageNo": 2, "Label": "Block diagram"}, {"boundary": {"y": 144, "x": 121, "w": 455, "h": 305}, "FileName": "2015_07298994-Figure3-1subFig-1.png", "PageNo": 6, "Label": "Bar plots"}, {"boundary": {"y": 460, "x": 122, "w": 452, "h": 332}, "FileName": "2015_07298994-Figure3-1subFig-2.png", "PageNo": 6, "Label": "Bar plots"}, {"boundary": {"y": 145, "x": 136, "w": 447, "h": 273}, "FileName": "2015_07298994-Figure4-1subFig-1.png", "PageNo": 7, "Label": "Bar plots"}]}