{"url": "wget \"http://ieeexplore.ieee.org/stampPDF/getPDF.jsp?tp=&isnumber=&arnumber=7298866\" -O 2015_07298866.pdf", "region": [{"boundary": {"y": 463, "x": 620, "w": 486, "h": 243}, "FileName": "2015_07298866-Figure1-1subFig-1.png", "PageNo": 0, "Label": "Block diagram"}, {"boundary": {"y": 146, "x": 643, "w": 213, "h": 227}, "FileName": "2015_07298866-Figure10-1subFig-1.png", "PageNo": 6, "Label": "Graph plots"}, {"boundary": {"y": 177, "x": 858, "w": 222, "h": 169}, "FileName": "2015_07298866-Figure10-1subFig-2.png", "PageNo": 6, "Label": "Confusion matrix"}, {"boundary": {"y": 153, "x": 634, "w": 224, "h": 206}, "FileName": "2015_07298866-Figure4-1subFig-1.png", "PageNo": 3, "Label": "Graph plots"}, {"boundary": {"y": 514, "x": 741, "w": 223, "h": 172}, "FileName": "2015_07298866-Figure5-1subFig-1.png", "PageNo": 3, "Label": "Graph plots"}, {"boundary": {"y": 288, "x": 103, "w": 484, "h": 124}, "FileName": "2015_07298866-Table1-1subFig-1.png", "PageNo": 5, "Label": "Tables"}, {"boundary": {"y": 1028, "x": 138, "w": 951, "h": 166}, "FileName": "2015_07298866-Table3-1subFig-1.png", "PageNo": 7, "Label": "Tables"}]}