{"url": "wget \"http://ieeexplore.ieee.org/stampPDF/getPDF.jsp?tp=&isnumber=&arnumber=7298987\" -O 2015_07298987.pdf", "region": [{"boundary": {"y": 145, "x": 417, "w": 393, "h": 214}, "FileName": "2015_07298987-Figure2-1subFig-2.png", "PageNo": 2, "Label": "Block diagram"}, {"boundary": {"y": 481, "x": 213, "w": 110, "h": 139}, "FileName": "2015_07298987-Figure4-1subFig-2.png", "PageNo": 4, "Label": "Heat map"}, {"boundary": {"y": 481, "x": 906, "w": 110, "h": 139}, "FileName": "2015_07298987-Figure4-1subFig-8.png", "PageNo": 4, "Label": "Heat map"}, {"boundary": {"y": 144, "x": 128, "w": 430, "h": 257}, "FileName": "2015_07298987-Figure6-1subFig-1.png", "PageNo": 6, "Label": "Graph plots"}, {"boundary": {"y": 504, "x": 631, "w": 223, "h": 192}, "FileName": "2015_07298987-Figure8-1subFig-1.png", "PageNo": 6, "Label": "Graph plots"}]}