{"url": "wget \"http://ieeexplore.ieee.org/stampPDF/getPDF.jsp?tp=&isnumber=&arnumber=7298694\" -O 2015_07298694.pdf", "region": [{"boundary": {"y": 150, "x": 664, "w": 396, "h": 299}, "FileName": "2015_07298694-Figure2-1subFig-1.png", "PageNo": 4, "Label": "Bar plots"}, {"boundary": {"y": 176, "x": 791, "w": 332, "h": 284}, "FileName": "2015_07298694-Figure3-1subFig-3.png", "PageNo": 6, "Label": "Graph plots"}, {"boundary": {"y": 583, "x": 450, "w": 328, "h": 288}, "FileName": "2015_07298694-Figure4-1subFig-2.png", "PageNo": 6, "Label": "Graph plots"}, {"boundary": {"y": 580, "x": 790, "w": 334, "h": 291}, "FileName": "2015_07298694-Figure4-1subFig-3.png", "PageNo": 6, "Label": "Graph plots"}, {"boundary": {"y": 994, "x": 624, "w": 478, "h": 157}, "FileName": "2015_07298694-Table5-1subFig-1.png", "PageNo": 6, "Label": "Tables"}, {"boundary": {"y": 144, "x": 680, "w": 360, "h": 184}, "FileName": "2015_07298694-Table6-1subFig-1.png", "PageNo": 7, "Label": "Tables"}]}