{"url": "wget \"http://ieeexplore.ieee.org/stampPDF/getPDF.jsp?tp=&isnumber=&arnumber=7299011\" -O 2015_07299011.pdf", "region": [{"boundary": {"y": 155, "x": 157, "w": 910, "h": 328}, "FileName": "2015_07299011-Figure1-1subFig-1.png", "PageNo": 2, "Label": "Block diagram"}, {"boundary": {"y": 661, "x": 102, "w": 334, "h": 255}, "FileName": "2015_07299011-Figure2-1subFig-1.png", "PageNo": 6, "Label": "Graph plots"}, {"boundary": {"y": 661, "x": 448, "w": 334, "h": 255}, "FileName": "2015_07299011-Figure2-1subFig-2.png", "PageNo": 6, "Label": "Graph plots"}, {"boundary": {"y": 661, "x": 792, "w": 336, "h": 253}, "FileName": "2015_07299011-Figure2-1subFig-3.png", "PageNo": 6, "Label": "Bar plots"}, {"boundary": {"y": 148, "x": 101, "w": 334, "h": 256}, "FileName": "2015_07299011-Figure3-1subFig-1.png", "PageNo": 7, "Label": "Graph plots"}, {"boundary": {"y": 148, "x": 447, "w": 335, "h": 129}, "FileName": "2015_07299011-Figure3-1subFig-2.png", "PageNo": 7, "Label": "Graph plots"}, {"boundary": {"y": 287, "x": 447, "w": 335, "h": 116}, "FileName": "2015_07299011-Figure3-1subFig-3.png", "PageNo": 7, "Label": "Graph plots"}, {"boundary": {"y": 148, "x": 792, "w": 335, "h": 129}, "FileName": "2015_07299011-Figure3-1subFig-4.png", "PageNo": 7, "Label": "Graph plots"}, {"boundary": {"y": 287, "x": 792, "w": 335, "h": 116}, "FileName": "2015_07299011-Figure3-1subFig-5.png", "PageNo": 7, "Label": "Graph plots"}]}