{"url": "wget \"http://ieeexplore.ieee.org/stampPDF/getPDF.jsp?tp=&isnumber=&arnumber=7298723\" -O 2015_07298723.pdf", "region": [{"boundary": {"y": 149, "x": 669, "w": 382, "h": 356}, "FileName": "2015_07298723-Figure3-1subFig-1.png", "PageNo": 2, "Label": "Flow chart"}, {"boundary": {"y": 451, "x": 107, "w": 223, "h": 178}, "FileName": "2015_07298723-Figure6-1subFig-1.png", "PageNo": 5, "Label": "Graph plots"}, {"boundary": {"y": 451, "x": 346, "w": 226, "h": 178}, "FileName": "2015_07298723-Figure6-1subFig-2.png", "PageNo": 5, "Label": "Graph plots"}]}