{"url": "wget \"http://ieeexplore.ieee.org/stampPDF/getPDF.jsp?tp=&isnumber=&arnumber=7298909\" -O 2015_07298909.pdf", "region": [{"boundary": {"y": 147, "x": 650, "w": 479, "h": 152}, "FileName": "2015_07298909-Figure2-1subFig-3.png", "PageNo": 1, "Label": "Block diagram"}, {"boundary": {"y": 148, "x": 101, "w": 512, "h": 122}, "FileName": "2015_07298909-Figure4-1subFig-1.png", "PageNo": 4, "Label": "Block diagram"}, {"boundary": {"y": 144, "x": 117, "w": 243, "h": 214}, "FileName": "2015_07298909-Figure7-1subFig-1.png", "PageNo": 7, "Label": "Graph plots"}, {"boundary": {"y": 144, "x": 370, "w": 243, "h": 214}, "FileName": "2015_07298909-Figure7-1subFig-2.png", "PageNo": 7, "Label": "Graph plots"}, {"boundary": {"y": 144, "x": 618, "w": 242, "h": 214}, "FileName": "2015_07298909-Figure7-1subFig-3.png", "PageNo": 7, "Label": "Graph plots"}, {"boundary": {"y": 144, "x": 870, "w": 243, "h": 214}, "FileName": "2015_07298909-Figure7-1subFig-4.png", "PageNo": 7, "Label": "Graph plots"}]}