{"url": "wget \"http://ieeexplore.ieee.org/stampPDF/getPDF.jsp?tp=&isnumber=&arnumber=7299154\" -O 2015_07299154.pdf", "region": [{"boundary": {"y": 431, "x": 644, "w": 437, "h": 376}, "FileName": "2015_07299154-Figure1-1subFig-1.png", "PageNo": 0, "Label": "Block diagram"}, {"boundary": {"y": 148, "x": 982, "w": 145, "h": 153}, "FileName": "2015_07299154-Figure4-1subFig-6.png", "PageNo": 5, "Label": "Scatter plot"}, {"boundary": {"y": 852, "x": 127, "w": 430, "h": 258}, "FileName": "2015_07299154-Table1-1subFig-1.png", "PageNo": 4, "Label": "Tables"}, {"boundary": {"y": 144, "x": 621, "w": 480, "h": 239}, "FileName": "2015_07299154-Table2-1subFig-1.png", "PageNo": 6, "Label": "Tables"}]}