{"url": "wget \"http://ieeexplore.ieee.org/stampPDF/getPDF.jsp?tp=&isnumber=&arnumber=7298934\" -O 2015_07298934.pdf", "region": [{"boundary": {"y": 199, "x": 157, "w": 371, "h": 291}, "FileName": "2015_07298934-Figure2-1subFig-1.png", "PageNo": 5, "Label": "Graph plots"}, {"boundary": {"y": 144, "x": 136, "w": 500, "h": 347}, "FileName": "2015_07298934-Figure3-1subFig-1.png", "PageNo": 7, "Label": "Scatter plot"}, {"boundary": {"y": 572, "x": 99, "w": 205, "h": 347}, "FileName": "2015_07298934-Figure4-1subFig-1.png", "PageNo": 7, "Label": "Bar plots"}]}