{"url": "wget \"http://ieeexplore.ieee.org/stampPDF/getPDF.jsp?tp=&isnumber=&arnumber=7298827\" -O 2015_07298827.pdf", "region": [{"boundary": {"y": 148, "x": 638, "w": 201, "h": 164}, "FileName": "2015_07298827-Figure4-1subFig-1.png", "PageNo": 5, "Label": "Graph plots"}, {"boundary": {"y": 323, "x": 625, "w": 217, "h": 168}, "FileName": "2015_07298827-Figure4-1subFig-2.png", "PageNo": 5, "Label": "Graph plots"}, {"boundary": {"y": 148, "x": 861, "w": 238, "h": 199}, "FileName": "2015_07298827-Figure4-1subFig-3.png", "PageNo": 5, "Label": "Graph plots"}, {"boundary": {"y": 367, "x": 867, "w": 205, "h": 124}, "FileName": "2015_07298827-Figure4-1subFig-4.png", "PageNo": 5, "Label": "Graph plots"}, {"boundary": {"y": 682, "x": 625, "w": 222, "h": 177}, "FileName": "2015_07298827-Figure4-1subFig-6.png", "PageNo": 5, "Label": "Graph plots"}]}