{"url": "wget \"http://ieeexplore.ieee.org/stampPDF/getPDF.jsp?tp=&isnumber=&arnumber=7298865\" -O 2015_07298865.pdf", "region": [{"boundary": {"y": 147, "x": 679, "w": 347, "h": 275}, "FileName": "2015_07298865-Figure1-1subFig-1.png", "PageNo": 2, "Label": "Graph plots"}, {"boundary": {"y": 146, "x": 622, "w": 225, "h": 246}, "FileName": "2015_07298865-Figure2-1subFig-1.png", "PageNo": 6, "Label": "Graph plots"}, {"boundary": {"y": 426, "x": 807, "w": 308, "h": 266}, "FileName": "2015_07298865-Figure3-1subFig-6.png", "PageNo": 7, "Label": "Graph plots"}]}