{"url": "wget \"http://ieeexplore.ieee.org/stampPDF/getPDF.jsp?tp=&isnumber=&arnumber=7299179\" -O 2015_07299179.pdf", "region": [{"boundary": {"y": 589, "x": 627, "w": 230, "h": 196}, "FileName": "2015_07299179-Figure3-1subFig-2.png", "PageNo": 5, "Label": "3D objects"}, {"boundary": {"y": 586, "x": 871, "w": 237, "h": 203}, "FileName": "2015_07299179-Figure3-1subFig-4.png", "PageNo": 5, "Label": "3D objects"}, {"boundary": {"y": 396, "x": 579, "w": 272, "h": 231}, "FileName": "2015_07299179-Figure4-1subFig-4.png", "PageNo": 6, "Label": "3D objects"}, {"boundary": {"y": 176, "x": 629, "w": 252, "h": 171}, "FileName": "2015_07299179-Figure6-1subFig-3.png", "PageNo": 7, "Label": "3D objects"}, {"boundary": {"y": 177, "x": 888, "w": 250, "h": 171}, "FileName": "2015_07299179-Figure6-1subFig-4.png", "PageNo": 7, "Label": "3D objects"}]}