{"url": "wget \"http://ieeexplore.ieee.org/stampPDF/getPDF.jsp?tp=&isnumber=&arnumber=7298616\" -O 2015_07298616.pdf", "region": [{"boundary": {"y": 149, "x": 141, "w": 301, "h": 266}, "FileName": "2015_07298616-Figure3-1subFig-1.png", "PageNo": 5, "Label": "Graph plots"}, {"boundary": {"y": 150, "x": 461, "w": 301, "h": 266}, "FileName": "2015_07298616-Figure3-1subFig-2.png", "PageNo": 5, "Label": "Graph plots"}, {"boundary": {"y": 150, "x": 786, "w": 301, "h": 265}, "FileName": "2015_07298616-Figure3-1subFig-3.png", "PageNo": 5, "Label": "Graph plots"}, {"boundary": {"y": 144, "x": 105, "w": 1019, "h": 227}, "FileName": "2015_07298616-Table1-1subFig-1.png", "PageNo": 6, "Label": "Tables"}]}