{"url": "wget \"http://ieeexplore.ieee.org/stampPDF/getPDF.jsp?tp=&isnumber=&arnumber=7298599\" -O 2015_07298599.pdf", "region": [{"boundary": {"y": 162, "x": 106, "w": 492, "h": 326}, "FileName": "2015_07298599-Figure5-1subFig-1.png", "PageNo": 5, "Label": "Graph plots"}, {"boundary": {"y": 154, "x": 631, "w": 492, "h": 334}, "FileName": "2015_07298599-Figure5-1subFig-2.png", "PageNo": 5, "Label": "Graph plots"}, {"boundary": {"y": 504, "x": 649, "w": 424, "h": 307}, "FileName": "2015_07298599-Figure6-1subFig-1.png", "PageNo": 7, "Label": "Graph plots"}, {"boundary": {"y": 908, "x": 632, "w": 460, "h": 276}, "FileName": "2015_07298599-Table2-1subFig-1.png", "PageNo": 4, "Label": "Tables"}]}