{"url": "wget \"http://ieeexplore.ieee.org/stampPDF/getPDF.jsp?tp=&isnumber=&arnumber=7299084\" -O 2015_07299084.pdf", "region": [{"boundary": {"y": 271, "x": 146, "w": 393, "h": 246}, "FileName": "2015_07299084-Figure1-1subFig-1.png", "PageNo": 1, "Label": "Scatter plot"}, {"boundary": {"y": 158, "x": 469, "w": 274, "h": 253}, "FileName": "2015_07299084-Figure2-1subFig-2.png", "PageNo": 7, "Label": "Graph plots"}, {"boundary": {"y": 158, "x": 804, "w": 276, "h": 253}, "FileName": "2015_07299084-Figure2-1subFig-3.png", "PageNo": 7, "Label": "Graph plots"}, {"boundary": {"y": 480, "x": 134, "w": 274, "h": 253}, "FileName": "2015_07299084-Figure3-1subFig-1.png", "PageNo": 7, "Label": "Graph plots"}, {"boundary": {"y": 480, "x": 469, "w": 274, "h": 253}, "FileName": "2015_07299084-Figure3-1subFig-2.png", "PageNo": 7, "Label": "Graph plots"}, {"boundary": {"y": 480, "x": 804, "w": 274, "h": 253}, "FileName": "2015_07299084-Figure3-1subFig-3.png", "PageNo": 7, "Label": "Graph plots"}]}