{"url": "wget \"http://ieeexplore.ieee.org/stampPDF/getPDF.jsp?tp=&isnumber=&arnumber=7298600\" -O 2015_07298600.pdf", "region": [{"boundary": {"y": 158, "x": 167, "w": 339, "h": 306}, "FileName": "2015_07298600-Figure2-1subFig-1.png", "PageNo": 1, "Label": "Flow chart"}, {"boundary": {"y": 959, "x": 692, "w": 337, "h": 133}, "FileName": "2015_07298600-Figure3-1subFig-1.png", "PageNo": 1, "Label": "Sketches"}, {"boundary": {"y": 291, "x": 437, "w": 181, "h": 105}, "FileName": "2015_07298600-Figure4-1subFig-5.png", "PageNo": 3, "Label": "Sketches"}]}