{"url": "wget \"http://ieeexplore.ieee.org/stampPDF/getPDF.jsp?tp=&isnumber=&arnumber=7298956\" -O 2015_07298956.pdf", "region": [{"boundary": {"y": 157, "x": 110, "w": 306, "h": 221}, "FileName": "2015_07298956-Figure1-1subFig-1.png", "PageNo": 6, "Label": "Graph plots"}, {"boundary": {"y": 396, "x": 113, "w": 303, "h": 222}, "FileName": "2015_07298956-Figure1-1subFig-2.png", "PageNo": 6, "Label": "Graph plots"}, {"boundary": {"y": 635, "x": 110, "w": 306, "h": 222}, "FileName": "2015_07298956-Figure1-1subFig-3.png", "PageNo": 6, "Label": "Graph plots"}, {"boundary": {"y": 874, "x": 119, "w": 297, "h": 222}, "FileName": "2015_07298956-Figure1-1subFig-4.png", "PageNo": 6, "Label": "Graph plots"}, {"boundary": {"y": 157, "x": 460, "w": 309, "h": 214}, "FileName": "2015_07298956-Figure1-1subFig-6.png", "PageNo": 6, "Label": "Graph plots"}, {"boundary": {"y": 396, "x": 457, "w": 312, "h": 214}, "FileName": "2015_07298956-Figure1-1subFig-7.png", "PageNo": 6, "Label": "Graph plots"}, {"boundary": {"y": 635, "x": 460, "w": 309, "h": 214}, "FileName": "2015_07298956-Figure1-1subFig-8.png", "PageNo": 6, "Label": "Graph plots"}, {"boundary": {"y": 874, "x": 457, "w": 312, "h": 215}, "FileName": "2015_07298956-Figure1-1subFig-9.png", "PageNo": 6, "Label": "Graph plots"}, {"boundary": {"y": 1114, "x": 448, "w": 321, "h": 214}, "FileName": "2015_07298956-Figure1-1subFig-10.png", "PageNo": 6, "Label": "Graph plots"}, {"boundary": {"y": 396, "x": 807, "w": 306, "h": 214}, "FileName": "2015_07298956-Figure1-1subFig-12.png", "PageNo": 6, "Label": "Graph plots"}, {"boundary": {"y": 635, "x": 798, "w": 315, "h": 215}, "FileName": "2015_07298956-Figure1-1subFig-13.png", "PageNo": 6, "Label": "Graph plots"}, {"boundary": {"y": 874, "x": 807, "w": 306, "h": 215}, "FileName": "2015_07298956-Figure1-1subFig-14.png", "PageNo": 6, "Label": "Graph plots"}, {"boundary": {"y": 1114, "x": 795, "w": 318, "h": 214}, "FileName": "2015_07298956-Figure1-1subFig-15.png", "PageNo": 6, "Label": "Graph plots"}, {"boundary": {"y": 144, "x": 636, "w": 147, "h": 147}, "FileName": "2015_07298956-Figure2-1subFig-1.png", "PageNo": 5, "Label": "Natural images"}, {"boundary": {"y": 144, "x": 942, "w": 146, "h": 147}, "FileName": "2015_07298956-Figure2-1subFig-3.png", "PageNo": 5, "Label": "Natural images"}, {"boundary": {"y": 144, "x": 198, "w": 820, "h": 133}, "FileName": "2015_07298956-Table2-1subFig-1.png", "PageNo": 7, "Label": "Tables"}]}