{"url": "wget \"http://ieeexplore.ieee.org/stampPDF/getPDF.jsp?tp=&isnumber=&arnumber=7298672\" -O 2015_07298672.pdf", "region": [{"boundary": {"y": 149, "x": 115, "w": 225, "h": 165}, "FileName": "2015_07298672-Figure3-1subFig-1.png", "PageNo": 6, "Label": "Graph plots"}, {"boundary": {"y": 148, "x": 351, "w": 229, "h": 166}, "FileName": "2015_07298672-Figure3-1subFig-2.png", "PageNo": 6, "Label": "Graph plots"}, {"boundary": {"y": 400, "x": 107, "w": 467, "h": 415}, "FileName": "2015_07298672-Figure4-1subFig-1.png", "PageNo": 6, "Label": "Graph plots"}, {"boundary": {"y": 146, "x": 626, "w": 231, "h": 164}, "FileName": "2015_07298672-Figure5-1subFig-1.png", "PageNo": 6, "Label": "Graph plots"}, {"boundary": {"y": 146, "x": 868, "w": 231, "h": 164}, "FileName": "2015_07298672-Figure5-1subFig-2.png", "PageNo": 6, "Label": "Graph plots"}, {"boundary": {"y": 144, "x": 133, "w": 961, "h": 314}, "FileName": "2015_07298672-Table2-1subFig-1.png", "PageNo": 5, "Label": "Tables"}]}