{"url": "wget \"http://ieeexplore.ieee.org/stampPDF/getPDF.jsp?tp=&isnumber=&arnumber=7298689\" -O 2015_07298689.pdf", "region": [{"boundary": {"y": 720, "x": 875, "w": 179, "h": 179}, "FileName": "2015_07298689-Figure1-1subFig-3.png", "PageNo": 0, "Label": "Mask"}, {"boundary": {"y": 144, "x": 768, "w": 171, "h": 147}, "FileName": "2015_07298689-Figure11-1subFig-3.png", "PageNo": 6, "Label": "Mask"}, {"boundary": {"y": 144, "x": 272, "w": 146, "h": 262}, "FileName": "2015_07298689-Figure14-1subFig-2.png", "PageNo": 7, "Label": "3D objects"}, {"boundary": {"y": 1107, "x": 654, "w": 412, "h": 207}, "FileName": "2015_07298689-Figure7-1subFig-1.png", "PageNo": 4, "Label": "Graph plots"}, {"boundary": {"y": 1008, "x": 137, "w": 412, "h": 210}, "FileName": "2015_07298689-Figure8-1subFig-1.png", "PageNo": 5, "Label": "Graph plots"}]}