{"url": "wget \"http://ieeexplore.ieee.org/stampPDF/getPDF.jsp?tp=&isnumber=&arnumber=7298832\" -O 2015_07298832.pdf", "region": [{"boundary": {"y": 146, "x": 868, "w": 220, "h": 205}, "FileName": "2015_07298832-Figure4-1subFig-2.png", "PageNo": 4, "Label": "Graph plots"}, {"boundary": {"y": 458, "x": 627, "w": 220, "h": 205}, "FileName": "2015_07298832-Figure5-1subFig-1.png", "PageNo": 4, "Label": "Graph plots"}, {"boundary": {"y": 461, "x": 868, "w": 220, "h": 202}, "FileName": "2015_07298832-Figure5-1subFig-2.png", "PageNo": 4, "Label": "Graph plots"}, {"boundary": {"y": 146, "x": 183, "w": 307, "h": 239}, "FileName": "2015_07298832-Figure6-1subFig-1.png", "PageNo": 5, "Label": "Graph plots"}, {"boundary": {"y": 146, "x": 197, "w": 279, "h": 217}, "FileName": "2015_07298832-Figure8-1subFig-1.png", "PageNo": 6, "Label": "Graph plots"}, {"boundary": {"y": 146, "x": 270, "w": 144, "h": 142}, "FileName": "2015_07298832-Figure9-1subFig-2.png", "PageNo": 7, "Label": "Graph plots"}, {"boundary": {"y": 145, "x": 429, "w": 143, "h": 143}, "FileName": "2015_07298832-Figure9-1subFig-3.png", "PageNo": 7, "Label": "Graph plots"}]}