{"url": "wget \"http://ieeexplore.ieee.org/stampPDF/getPDF.jsp?tp=&isnumber=&arnumber=7298692\" -O 2015_07298692.pdf", "region": [{"boundary": {"y": 143, "x": 623, "w": 195, "h": 168}, "FileName": "2015_07298692-Figure1-1subFig-1.png", "PageNo": 1, "Label": "Sketches"}, {"boundary": {"y": 143, "x": 900, "w": 195, "h": 168}, "FileName": "2015_07298692-Figure1-1subFig-2.png", "PageNo": 1, "Label": "Sketches"}, {"boundary": {"y": 145, "x": 150, "w": 399, "h": 249}, "FileName": "2015_07298692-Figure5-1subFig-1.png", "PageNo": 6, "Label": "Graph plots"}, {"boundary": {"y": 714, "x": 623, "w": 483, "h": 295}, "FileName": "2015_07298692-Figure7-1subFig-1.png", "PageNo": 6, "Label": "Graph plots"}, {"boundary": {"y": 147, "x": 170, "w": 101, "h": 168}, "FileName": "2015_07298692-Figure8-1subFig-1.png", "PageNo": 7, "Label": "3D objects"}, {"boundary": {"y": 143, "x": 350, "w": 97, "h": 175}, "FileName": "2015_07298692-Figure8-1subFig-2.png", "PageNo": 7, "Label": "3D objects"}, {"boundary": {"y": 334, "x": 110, "w": 224, "h": 166}, "FileName": "2015_07298692-Figure8-1subFig-3.png", "PageNo": 7, "Label": "3D objects"}, {"boundary": {"y": 147, "x": 494, "w": 221, "h": 168}, "FileName": "2015_07298692-Figure8-1subFig-5.png", "PageNo": 7, "Label": "3D objects"}, {"boundary": {"y": 141, "x": 886, "w": 216, "h": 182}, "FileName": "2015_07298692-Figure8-1subFig-7.png", "PageNo": 7, "Label": "3D objects"}, {"boundary": {"y": 360, "x": 458, "w": 203, "h": 138}, "FileName": "2015_07298692-Figure8-1subFig-8.png", "PageNo": 7, "Label": "3D objects"}, {"boundary": {"y": 358, "x": 899, "w": 189, "h": 140}, "FileName": "2015_07298692-Figure8-1subFig-10.png", "PageNo": 7, "Label": "3D objects"}]}