{"url": "wget \"http://ieeexplore.ieee.org/stampPDF/getPDF.jsp?tp=&isnumber=&arnumber=7298988\" -O 2015_07298988.pdf", "region": [{"boundary": {"y": 147, "x": 120, "w": 340, "h": 255}, "FileName": "2015_07298988-Figure4-1subFig-1.png", "PageNo": 7, "Label": "Natural images"}, {"boundary": {"y": 864, "x": 111, "w": 243, "h": 294}, "FileName": "2015_07298988-Figure4-1subFig-4.png", "PageNo": 7, "Label": "Natural images"}, {"boundary": {"y": 867, "x": 361, "w": 109, "h": 291}, "FileName": "2015_07298988-Figure4-1subFig-5.png", "PageNo": 7, "Label": "Natural images"}, {"boundary": {"y": 147, "x": 478, "w": 294, "h": 255}, "FileName": "2015_07298988-Figure4-1subFig-6.png", "PageNo": 7, "Label": "Natural images"}, {"boundary": {"y": 417, "x": 478, "w": 294, "h": 230}, "FileName": "2015_07298988-Figure4-1subFig-7.png", "PageNo": 7, "Label": "Natural images"}, {"boundary": {"y": 661, "x": 482, "w": 290, "h": 191}, "FileName": "2015_07298988-Figure4-1subFig-8.png", "PageNo": 7, "Label": "Natural images"}, {"boundary": {"y": 867, "x": 478, "w": 295, "h": 291}, "FileName": "2015_07298988-Figure4-1subFig-9.png", "PageNo": 7, "Label": "Natural images"}, {"boundary": {"y": 147, "x": 779, "w": 319, "h": 1011}, "FileName": "2015_07298988-Figure4-1subFig-10.png", "PageNo": 7, "Label": "Natural images"}]}