{"url": "wget \"http://ieeexplore.ieee.org/stampPDF/getPDF.jsp?tp=&isnumber=&arnumber=7298636\" -O 2015_07298636.pdf", "region": [{"boundary": {"y": 469, "x": 871, "w": 232, "h": 150}, "FileName": "2015_07298636-Figure1-1subFig-2.png", "PageNo": 0, "Label": "Heat map"}, {"boundary": {"y": 356, "x": 646, "w": 440, "h": 299}, "FileName": "2015_07298636-Figure5-1subFig-1.png", "PageNo": 3, "Label": "Graph plots"}, {"boundary": {"y": 144, "x": 620, "w": 486, "h": 119}, "FileName": "2015_07298636-Table1-1subFig-1.png", "PageNo": 2, "Label": "Tables"}, {"boundary": {"y": 318, "x": 617, "w": 489, "h": 135}, "FileName": "2015_07298636-Table2-1subFig-1.png", "PageNo": 2, "Label": "Tables"}]}