{"url": "wget \"http://ieeexplore.ieee.org/stampPDF/getPDF.jsp?tp=&isnumber=&arnumber=7299111\" -O 2015_07299111.pdf", "region": [{"boundary": {"y": 144, "x": 143, "w": 407, "h": 372}, "FileName": "2015_07299111-Figure2-1subFig-1.png", "PageNo": 2, "Label": "Flow chart"}, {"boundary": {"y": 253, "x": 103, "w": 118, "h": 110}, "FileName": "2015_07299111-Figure6-1subFig-2.png", "PageNo": 6, "Label": "Natural images"}, {"boundary": {"y": 147, "x": 692, "w": 337, "h": 217}, "FileName": "2015_07299111-Figure7-1subFig-1.png", "PageNo": 6, "Label": "Graph plots"}]}