{"url": "wget \"http://ieeexplore.ieee.org/stampPDF/getPDF.jsp?tp=&isnumber=&arnumber=7299138\" -O 2015_07299138.pdf", "region": [{"boundary": {"y": 146, "x": 795, "w": 135, "h": 125}, "FileName": "2015_07299138-Figure2-1subFig-3.png", "PageNo": 1, "Label": "Flow chart"}, {"boundary": {"y": 289, "x": 795, "w": 135, "h": 126}, "FileName": "2015_07299138-Figure2-1subFig-4.png", "PageNo": 1, "Label": "Flow chart"}, {"boundary": {"y": 153, "x": 122, "w": 235, "h": 204}, "FileName": "2015_07299138-Figure5-1subFig-1.png", "PageNo": 5, "Label": "Graph plots"}, {"boundary": {"y": 153, "x": 376, "w": 229, "h": 204}, "FileName": "2015_07299138-Figure5-1subFig-2.png", "PageNo": 5, "Label": "Graph plots"}, {"boundary": {"y": 156, "x": 731, "w": 176, "h": 161}, "FileName": "2015_07299138-Figure6-1subFig-3.png", "PageNo": 6, "Label": "Graph plots"}, {"boundary": {"y": 314, "x": 207, "w": 796, "h": 216}, "FileName": "2015_07299138-Table2-1subFig-1.png", "PageNo": 7, "Label": "Tables"}, {"boundary": {"y": 552, "x": 206, "w": 798, "h": 240}, "FileName": "2015_07299138-Table3-1subFig-1.png", "PageNo": 7, "Label": "Tables"}]}