{"url": "wget \"http://ieeexplore.ieee.org/stampPDF/getPDF.jsp?tp=&isnumber=&arnumber=7299072\" -O 2015_07299072.pdf", "region": [{"boundary": {"y": 455, "x": 617, "w": 118, "h": 183}, "FileName": "2015_07299072-Figure1-1subFig-1.png", "PageNo": 0, "Label": "Natural images"}, {"boundary": {"y": 455, "x": 742, "w": 117, "h": 183}, "FileName": "2015_07299072-Figure1-1subFig-2.png", "PageNo": 0, "Label": "Heat map"}, {"boundary": {"y": 646, "x": 742, "w": 117, "h": 107}, "FileName": "2015_07299072-Figure1-1subFig-6.png", "PageNo": 0, "Label": "Heat map"}, {"boundary": {"y": 185, "x": 704, "w": 296, "h": 300}, "FileName": "2015_07299072-Figure2-1subFig-2.png", "PageNo": 1, "Label": "Flow chart"}, {"boundary": {"y": 766, "x": 134, "w": 135, "h": 167}, "FileName": "2015_07299072-Figure5-1subFig-3.png", "PageNo": 6, "Label": "Natural images"}, {"boundary": {"y": 766, "x": 274, "w": 113, "h": 167}, "FileName": "2015_07299072-Figure5-1subFig-4.png", "PageNo": 6, "Label": "Heat map"}, {"boundary": {"y": 938, "x": 274, "w": 113, "h": 101}, "FileName": "2015_07299072-Figure5-1subFig-8.png", "PageNo": 6, "Label": "Heat map"}, {"boundary": {"y": 609, "x": 174, "w": 317, "h": 237}, "FileName": "2015_07299072-Figure7-1subFig-1.png", "PageNo": 7, "Label": "Graph plots"}]}