{"url": "wget \"http://ieeexplore.ieee.org/stampPDF/getPDF.jsp?tp=&isnumber=&arnumber=7299054\" -O 2015_07299054.pdf", "region": [{"boundary": {"y": 445, "x": 618, "w": 490, "h": 364}, "FileName": "2015_07299054-Figure1-1subFig-1.png", "PageNo": 0, "Label": "Confusion matrix"}, {"boundary": {"y": 382, "x": 676, "w": 367, "h": 157}, "FileName": "2015_07299054-Figure3-1subFig-1.png", "PageNo": 3, "Label": "Histogram"}, {"boundary": {"y": 592, "x": 626, "w": 471, "h": 366}, "FileName": "2015_07299054-Figure4-1subFig-1.png", "PageNo": 3, "Label": "Scatter plot"}, {"boundary": {"y": 529, "x": 624, "w": 150, "h": 289}, "FileName": "2015_07299054-Figure5-1subFig-1.png", "PageNo": 4, "Label": "Bar plots"}, {"boundary": {"y": 529, "x": 790, "w": 151, "h": 289}, "FileName": "2015_07299054-Figure5-1subFig-2.png", "PageNo": 4, "Label": "Bar plots"}, {"boundary": {"y": 144, "x": 107, "w": 323, "h": 287}, "FileName": "2015_07299054-Figure6-1subFig-1.png", "PageNo": 6, "Label": "Graph plots"}, {"boundary": {"y": 144, "x": 470, "w": 325, "h": 286}, "FileName": "2015_07299054-Figure6-1subFig-2.png", "PageNo": 6, "Label": "Graph plots"}, {"boundary": {"y": 457, "x": 107, "w": 328, "h": 294}, "FileName": "2015_07299054-Figure6-1subFig-3.png", "PageNo": 6, "Label": "Graph plots"}, {"boundary": {"y": 457, "x": 453, "w": 343, "h": 294}, "FileName": "2015_07299054-Figure6-1subFig-4.png", "PageNo": 6, "Label": "Graph plots"}]}