{"url": "wget \"http://ieeexplore.ieee.org/stampPDF/getPDF.jsp?tp=&isnumber=&arnumber=7298895\" -O 2015_07298895.pdf", "region": [{"boundary": {"y": 895, "x": 142, "w": 231, "h": 173}, "FileName": "2015_07298895-Figure10-1subFig-9.png", "PageNo": 7, "Label": "Natural images"}, {"boundary": {"y": 1071, "x": 142, "w": 231, "h": 173}, "FileName": "2015_07298895-Figure10-1subFig-10.png", "PageNo": 7, "Label": "Natural images"}, {"boundary": {"y": 1071, "x": 379, "w": 231, "h": 173}, "FileName": "2015_07298895-Figure10-1subFig-15.png", "PageNo": 7, "Label": "Natural images"}, {"boundary": {"y": 718, "x": 617, "w": 231, "h": 174}, "FileName": "2015_07298895-Figure10-1subFig-24.png", "PageNo": 7, "Label": "Natural images"}, {"boundary": {"y": 895, "x": 617, "w": 231, "h": 173}, "FileName": "2015_07298895-Figure10-1subFig-25.png", "PageNo": 7, "Label": "Natural images"}, {"boundary": {"y": 1071, "x": 617, "w": 231, "h": 173}, "FileName": "2015_07298895-Figure10-1subFig-26.png", "PageNo": 7, "Label": "Natural images"}, {"boundary": {"y": 1248, "x": 617, "w": 231, "h": 173}, "FileName": "2015_07298895-Figure10-1subFig-27.png", "PageNo": 7, "Label": "Natural images"}, {"boundary": {"y": 718, "x": 854, "w": 231, "h": 174}, "FileName": "2015_07298895-Figure10-1subFig-29.png", "PageNo": 7, "Label": "Natural images"}, {"boundary": {"y": 1071, "x": 854, "w": 231, "h": 173}, "FileName": "2015_07298895-Figure10-1subFig-31.png", "PageNo": 7, "Label": "Natural images"}, {"boundary": {"y": 226, "x": 624, "w": 165, "h": 165}, "FileName": "2015_07298895-Figure2-1subFig-1.png", "PageNo": 2, "Label": "Sketches"}, {"boundary": {"y": 149, "x": 819, "w": 274, "h": 242}, "FileName": "2015_07298895-Figure2-1subFig-2.png", "PageNo": 2, "Label": "Sketches"}, {"boundary": {"y": 491, "x": 888, "w": 220, "h": 192}, "FileName": "2015_07298895-Figure3-1subFig-2.png", "PageNo": 2, "Label": "Sketches"}, {"boundary": {"y": 496, "x": 638, "w": 454, "h": 303}, "FileName": "2015_07298895-Figure6-1subFig-1.png", "PageNo": 4, "Label": "Graph plots"}, {"boundary": {"y": 181, "x": 122, "w": 448, "h": 375}, "FileName": "2015_07298895-Figure7-1subFig-1.png", "PageNo": 5, "Label": "Graph plots"}, {"boundary": {"y": 176, "x": 106, "w": 478, "h": 401}, "FileName": "2015_07298895-Figure9-1subFig-1.png", "PageNo": 6, "Label": "Graph plots"}, {"boundary": {"y": 177, "x": 639, "w": 478, "h": 400}, "FileName": "2015_07298895-Figure9-1subFig-2.png", "PageNo": 6, "Label": "Graph plots"}]}