{"url": "wget \"http://ieeexplore.ieee.org/stampPDF/getPDF.jsp?tp=&isnumber=&arnumber=7298862\" -O 2015_07298862.pdf", "region": [{"boundary": {"y": 540, "x": 623, "w": 480, "h": 485}, "FileName": "2015_07298862-Figure1-1subFig-1.png", "PageNo": 0, "Label": "Block diagram"}, {"boundary": {"y": 157, "x": 149, "w": 275, "h": 246}, "FileName": "2015_07298862-Figure2-1subFig-1.png", "PageNo": 5, "Label": "Graph plots"}, {"boundary": {"y": 429, "x": 149, "w": 274, "h": 247}, "FileName": "2015_07298862-Figure2-1subFig-2.png", "PageNo": 5, "Label": "Graph plots"}, {"boundary": {"y": 159, "x": 472, "w": 271, "h": 244}, "FileName": "2015_07298862-Figure2-1subFig-3.png", "PageNo": 5, "Label": "Graph plots"}, {"boundary": {"y": 429, "x": 466, "w": 277, "h": 247}, "FileName": "2015_07298862-Figure2-1subFig-4.png", "PageNo": 5, "Label": "Graph plots"}, {"boundary": {"y": 157, "x": 791, "w": 272, "h": 246}, "FileName": "2015_07298862-Figure2-1subFig-5.png", "PageNo": 5, "Label": "Graph plots"}, {"boundary": {"y": 430, "x": 791, "w": 272, "h": 246}, "FileName": "2015_07298862-Figure2-1subFig-6.png", "PageNo": 5, "Label": "Graph plots"}, {"boundary": {"y": 160, "x": 155, "w": 269, "h": 243}, "FileName": "2015_07298862-Figure4-1subFig-1.png", "PageNo": 6, "Label": "Graph plots"}, {"boundary": {"y": 157, "x": 472, "w": 271, "h": 246}, "FileName": "2015_07298862-Figure4-1subFig-2.png", "PageNo": 6, "Label": "Graph plots"}, {"boundary": {"y": 157, "x": 791, "w": 272, "h": 246}, "FileName": "2015_07298862-Figure4-1subFig-3.png", "PageNo": 6, "Label": "Graph plots"}, {"boundary": {"y": 156, "x": 144, "w": 289, "h": 244}, "FileName": "2015_07298862-Figure5-1subFig-1.png", "PageNo": 7, "Label": "Graph plots"}, {"boundary": {"y": 427, "x": 144, "w": 289, "h": 243}, "FileName": "2015_07298862-Figure5-1subFig-2.png", "PageNo": 7, "Label": "Graph plots"}, {"boundary": {"y": 156, "x": 463, "w": 290, "h": 244}, "FileName": "2015_07298862-Figure5-1subFig-3.png", "PageNo": 7, "Label": "Graph plots"}, {"boundary": {"y": 426, "x": 463, "w": 290, "h": 244}, "FileName": "2015_07298862-Figure5-1subFig-4.png", "PageNo": 7, "Label": "Graph plots"}, {"boundary": {"y": 156, "x": 783, "w": 290, "h": 244}, "FileName": "2015_07298862-Figure5-1subFig-5.png", "PageNo": 7, "Label": "Graph plots"}, {"boundary": {"y": 427, "x": 787, "w": 283, "h": 243}, "FileName": "2015_07298862-Figure5-1subFig-6.png", "PageNo": 7, "Label": "Graph plots"}]}