{"url": "wget \"http://ieeexplore.ieee.org/stampPDF/getPDF.jsp?tp=&isnumber=&arnumber=7298969\" -O 2015_07298969.pdf", "region": [{"boundary": {"y": 152, "x": 99, "w": 1009, "h": 455}, "FileName": "2015_07298969-Figure2-1subFig-1.png", "PageNo": 2, "Label": "Block diagram"}, {"boundary": {"y": 361, "x": 111, "w": 468, "h": 150}, "FileName": "2015_07298969-Figure3-1subFig-1.png", "PageNo": 3, "Label": "Block diagram"}, {"boundary": {"y": 1104, "x": 424, "w": 146, "h": 136}, "FileName": "2015_07298969-Figure4-1subFig-3.png", "PageNo": 3, "Label": "Mask"}, {"boundary": {"y": 144, "x": 618, "w": 468, "h": 205}, "FileName": "2015_07298969-Figure5-1subFig-1.png", "PageNo": 3, "Label": "Block diagram"}, {"boundary": {"y": 263, "x": 177, "w": 254, "h": 109}, "FileName": "2015_07298969-Figure6-1subFig-2.png", "PageNo": 6, "Label": "Natural images"}, {"boundary": {"y": 263, "x": 477, "w": 164, "h": 109}, "FileName": "2015_07298969-Figure6-1subFig-5.png", "PageNo": 6, "Label": "Natural images"}, {"boundary": {"y": 1059, "x": 156, "w": 275, "h": 182}, "FileName": "2015_07298969-Figure6-1subFig-11.png", "PageNo": 6, "Label": "Natural images"}, {"boundary": {"y": 746, "x": 478, "w": 163, "h": 174}, "FileName": "2015_07298969-Figure6-1subFig-14.png", "PageNo": 6, "Label": "Natural images"}, {"boundary": {"y": 263, "x": 898, "w": 164, "h": 109}, "FileName": "2015_07298969-Figure6-1subFig-21.png", "PageNo": 6, "Label": "Natural images"}, {"boundary": {"y": 391, "x": 286, "w": 154, "h": 115}, "FileName": "2015_07298969-Figure7-1subFig-3.png", "PageNo": 7, "Label": "Natural images"}]}