{"url": " wget -c http://openaccess.thecvf.com/content_cvpr_2016/papers/Wang_Actionness_Estimation_Using_CVPR_2016_paper.pdf -O 2016_10100330.pdf", "region": [{"boundary": {"y": 155, "x": 311, "w": 198, "h": 177}, "FileName": "2016_10100330-Figure3-1subFig-2.png", "PageNo": 4, "Label": "Heat map"}, {"boundary": {"y": 155, "x": 515, "w": 198, "h": 177}, "FileName": "2016_10100330-Figure3-1subFig-3.png", "PageNo": 4, "Label": "Heat map"}, {"boundary": {"y": 423, "x": 632, "w": 455, "h": 193}, "FileName": "2016_10100330-Table1-1subFig-1.png", "PageNo": 5, "Label": "Tables"}]}