{"url": "wget -c openaccess.thecvf.com/content_ECCV_2018/papers/Baris_Gecer_Semi-supervised_Adversarial_Learning_ECCV_2018_paper.pdf -O Baris_Gecer_Semi-supervised_Adversarial_Learning_ECCV_2018_paper.pdf", "region": [{"boundary": {"y": 237, "x": 278, "w": 225, "h": 183}, "FileName": "Baris_Gecer_Semi-supervised_Adversarial_Learning_ECCV_2018_paper-Figure7-1subFig-1.png", "PageNo": 12, "Label": "Histogram"}, {"boundary": {"y": 237, "x": 520, "w": 225, "h": 183}, "FileName": "Baris_Gecer_Semi-supervised_Adversarial_Learning_ECCV_2018_paper-Figure7-1subFig-2.png", "PageNo": 12, "Label": "Histogram"}, {"boundary": {"y": 237, "x": 761, "w": 225, "h": 183}, "FileName": "Baris_Gecer_Semi-supervised_Adversarial_Learning_ECCV_2018_paper-Figure7-1subFig-3.png", "PageNo": 12, "Label": "Histogram"}]}