{"url": "wget -c openaccess.thecvf.com/content_ECCV_2018/papers/Justin_Liang_End-to-End_Deep_Structured_ECCV_2018_paper.pdf -O Justin_Liang_End-to-End_Deep_Structured_ECCV_2018_paper.pdf", "region": [{"boundary": {"y": 260, "x": 341, "w": 572, "h": 230}, "FileName": "Justin_Liang_End-to-End_Deep_Structured_ECCV_2018_paper-Figure5-1subFig-1.png", "PageNo": 10, "Label": "Histogram"}, {"boundary": {"y": 260, "x": 338, "w": 573, "h": 225}, "FileName": "Justin_Liang_End-to-End_Deep_Structured_ECCV_2018_paper-Figure6-1subFig-1.png", "PageNo": 11, "Label": "Histogram"}, {"boundary": {"y": 582, "x": 274, "w": 225, "h": 160}, "FileName": "Justin_Liang_End-to-End_Deep_Structured_ECCV_2018_paper-Figure7-1subFig-1.png", "PageNo": 11, "Label": "Histogram"}]}