{"url": "wget -c openaccess.thecvf.com/content_ICCV_2017/papers/Kalogeiton_Action_Tubelet_Detector_ICCV_2017_paper.pdf -O Kalogeiton_Action_Tubelet_Detector_ICCV_2017_paper.pdf", "region": [{"boundary": {"y": 404, "x": 122, "w": 175, "h": 118}, "FileName": "Kalogeiton_Action_Tubelet_Detector_ICCV_2017_paper-Figure4-1subFig-13.png", "PageNo": 4, "Label": "Histogram"}, {"boundary": {"y": 145, "x": 801, "w": 144, "h": 120}, "FileName": "Kalogeiton_Action_Tubelet_Detector_ICCV_2017_paper-Figure7-1subFig-3.png", "PageNo": 6, "Label": "Histogram"}, {"boundary": {"y": 274, "x": 801, "w": 143, "h": 100}, "FileName": "Kalogeiton_Action_Tubelet_Detector_ICCV_2017_paper-Figure7-1subFig-4.png", "PageNo": 6, "Label": "Histogram"}]}