{"url": "wget -c openaccess.thecvf.com/content_iccv_2015/papers/Kar_Amodal_Completion_and_ICCV_2015_paper.pdf -O Kar_Amodal_Completion_and_ICCV_2015_paper.pdf", "region": [{"boundary": {"y": 144, "x": 99, "w": 109, "h": 111}, "FileName": "Kar_Amodal_Completion_and_ICCV_2015_paper-Figure4-1subFig-1.png", "PageNo": 5, "Label": "Histogram"}, {"boundary": {"y": 264, "x": 99, "w": 113, "h": 111}, "FileName": "Kar_Amodal_Completion_and_ICCV_2015_paper-Figure4-1subFig-2.png", "PageNo": 5, "Label": "Histogram"}, {"boundary": {"y": 383, "x": 99, "w": 113, "h": 111}, "FileName": "Kar_Amodal_Completion_and_ICCV_2015_paper-Figure4-1subFig-3.png", "PageNo": 5, "Label": "Histogram"}, {"boundary": {"y": 266, "x": 223, "w": 116, "h": 109}, "FileName": "Kar_Amodal_Completion_and_ICCV_2015_paper-Figure4-1subFig-5.png", "PageNo": 5, "Label": "Histogram"}, {"boundary": {"y": 383, "x": 227, "w": 108, "h": 111}, "FileName": "Kar_Amodal_Completion_and_ICCV_2015_paper-Figure4-1subFig-6.png", "PageNo": 5, "Label": "Histogram"}, {"boundary": {"y": 144, "x": 354, "w": 108, "h": 111}, "FileName": "Kar_Amodal_Completion_and_ICCV_2015_paper-Figure4-1subFig-7.png", "PageNo": 5, "Label": "Histogram"}, {"boundary": {"y": 264, "x": 354, "w": 107, "h": 111}, "FileName": "Kar_Amodal_Completion_and_ICCV_2015_paper-Figure4-1subFig-8.png", "PageNo": 5, "Label": "Histogram"}, {"boundary": {"y": 383, "x": 354, "w": 108, "h": 111}, "FileName": "Kar_Amodal_Completion_and_ICCV_2015_paper-Figure4-1subFig-9.png", "PageNo": 5, "Label": "Histogram"}, {"boundary": {"y": 147, "x": 477, "w": 113, "h": 108}, "FileName": "Kar_Amodal_Completion_and_ICCV_2015_paper-Figure4-1subFig-10.png", "PageNo": 5, "Label": "Histogram"}, {"boundary": {"y": 264, "x": 477, "w": 116, "h": 111}, "FileName": "Kar_Amodal_Completion_and_ICCV_2015_paper-Figure4-1subFig-11.png", "PageNo": 5, "Label": "Histogram"}, {"boundary": {"y": 386, "x": 477, "w": 113, "h": 108}, "FileName": "Kar_Amodal_Completion_and_ICCV_2015_paper-Figure4-1subFig-12.png", "PageNo": 5, "Label": "Histogram"}]}