{"url": "wget -c openaccess.thecvf.com/content_ECCV_2018/papers/Saining_Xie_Rethinking_Spatiotemporal_Feature_ECCV_2018_paper.pdf -O Saining_Xie_Rethinking_Spatiotemporal_Feature_ECCV_2018_paper.pdf", "region": [{"boundary": {"y": 602, "x": 455, "w": 161, "h": 116}, "FileName": "Saining_Xie_Rethinking_Spatiotemporal_Feature_ECCV_2018_paper-Figure5-1subFig-2.png", "PageNo": 7, "Label": "Box plot"}, {"boundary": {"y": 602, "x": 637, "w": 162, "h": 116}, "FileName": "Saining_Xie_Rethinking_Spatiotemporal_Feature_ECCV_2018_paper-Figure5-1subFig-3.png", "PageNo": 7, "Label": "Box plot"}, {"boundary": {"y": 602, "x": 819, "w": 162, "h": 116}, "FileName": "Saining_Xie_Rethinking_Spatiotemporal_Feature_ECCV_2018_paper-Figure5-1subFig-4.png", "PageNo": 7, "Label": "Box plot"}]}