{"url": "wget -c openaccess.thecvf.com/content_ECCV_2018/papers/Xiangyu_He_Learning_Compression_from_ECCV_2018_paper.pdf -O Xiangyu_He_Learning_Compression_from_ECCV_2018_paper.pdf", "region": [{"boundary": {"y": 581, "x": 656, "w": 259, "h": 229}, "FileName": "Xiangyu_He_Learning_Compression_from_ECCV_2018_paper-Figure1-1subFig-2.png", "PageNo": 4, "Label": "Histogram"}, {"boundary": {"y": 237, "x": 342, "w": 256, "h": 205}, "FileName": "Xiangyu_He_Learning_Compression_from_ECCV_2018_paper-Figure2-1subFig-1.png", "PageNo": 8, "Label": "Histogram"}, {"boundary": {"y": 237, "x": 633, "w": 257, "h": 205}, "FileName": "Xiangyu_He_Learning_Compression_from_ECCV_2018_paper-Figure2-1subFig-2.png", "PageNo": 8, "Label": "Histogram"}]}